city,ft,bt,km,transmission,owner,oem,modelYear,price,Insurance Validity,Mileage
Bangalore,Petrol,Hatchback,120000,Manual,3rd Owner,Maruti,2015,400000,Third Party,23.1
Bangalore,Petrol,SUV,32706,Manual,2nd Owner,Ford,2018,811000,Comprehensive,17
Bangalore,Petrol,Hatchback,11949,Manual,1st Owner,Tata,2018,585000,Comprehensive,23.84
Bangalore,Petrol,Sedan,17794,Manual,1st Owner,Hyundai,2014,462000,Comprehensive,19.1
Bangalore,Diesel,SUV,60000,Manual,1st Owner,Maruti,2015,790000,Third Party,23.65
Bangalore,Diesel,SUV,20000,Manual,1st Owner,Jeep,2020,1900000,Third Party,17.1
Bangalore,Petrol,Hatchback,37772,Manual,1st Owner,Datsun,2017,345000,Comprehensive,20.63
Bangalore,Petrol,SUV,30000,Automatic,1st Owner,Hyundai,2021,1200000,Third Party,18.15
Bangalore,Petrol,Sedan,37000,Automatic,1st Owner,Maruti,2018,960000,Comprehensive,20.28
Bangalore,Petrol,Hatchback,11949,Manual,1st Owner,Tata,2017,585000,Comprehensive,23.84
Bangalore,Petrol,Hatchback,50000,Manual,1st Owner,Maruti,2018,690000,Third Party,21.4
Bangalore,Petrol,Hatchback,24887,Automatic,1st Owner,Hyundai,2019,682000,Third Party,18.9
Bangalore,Petrol,Hatchback,23000,Automatic,1st Owner,Honda,2018,825000,Comprehensive,18.2
Bangalore,Petrol,Hatchback,48928,Automatic,1st Owner,Tata,2018,595000,Comprehensive,23.84
Bangalore,Diesel,SUV,108862,Manual,3rd Owner,Mahindra,2014,690000,Comprehensive,15.1
Bangalore,Diesel,SUV,80000,Manual,1st Owner,Jeep,2018,1350000,Third Party,17.1
Bangalore,Diesel,SUV,16000,Automatic,1st Owner,Mercedes-Benz,2022,5595000,Comprehensive,16.53
Bangalore,Diesel,Hatchback,65376,Manual,2nd Owner,Hyundai,2014,521000,Comprehensive,21.27
Bangalore,Petrol,SUV,10000,Manual,1st Owner,Tata,2022,1005000,Third Party,17.33
Bangalore,Petrol,Sedan,67000,Manual,2nd Owner,Honda,2016,775000,Comprehensive,17.8
Bangalore,Diesel,Sedan,100000,Automatic,3rd Owner,BMW,2011,2200000,Third Party,18.48
Bangalore,Petrol,Hatchback,18083,Manual,1st Owner,Maruti,2016,582000,Comprehensive,22.38
Bangalore,Petrol,SUV,30000,Manual,1st Owner,Renault,2020,1090000,Third Party,16.42
Bangalore,Petrol,Hatchback,57634,Manual,2nd Owner,Tata,2016,457000,Comprehensive,23.84
Bangalore,Petrol,Sedan,50000,Automatic,2nd Owner,Mercedes-Benz,2016,4900000,Third Party,7.81
Bangalore,Petrol,Sedan,110000,Manual,1st Owner,Honda,2015,550000,Third Party,17.4
Bangalore,Petrol,Hatchback,23447,Automatic,1st Owner,Hyundai,2018,570000,Comprehensive,20.3
Bangalore,Lpg,Hatchback,30000,Manual,2nd Owner,Hyundai,2009,220000,Third Party,13.45
Bangalore,Petrol,Sedan,33000,Automatic,1st Owner,Mercedes-Benz,2017,4145000,Comprehensive,15
Bangalore,Diesel,SUV,87667,Manual,2nd Owner,Mahindra,2014,861000,Third Party,15.1
Bangalore,Diesel,Sedan,40000,Automatic,2nd Owner,Audi,2016,1785000,Third Party,17.11
Bangalore,Diesel,SUV,79012,Manual,2nd Owner,Mahindra,2014,803000,Comprehensive,15.1
Bangalore,Diesel,SUV,31344,Manual,1st Owner,Jeep,2021,2565000,Comprehensive,17.1
Bangalore,Petrol,Sedan,50000,Manual,1st Owner,Hyundai,2018,674000,Third Party,20.14
Bangalore,Petrol,Hatchback,12434,Manual,1st Owner,Maruti,2015,349000,Comprehensive,20.51
Bangalore,Petrol,MUV,60000,Manual,2nd Owner,Maruti,2019,1050000,Third Party,19.34
Bangalore,Diesel,Sedan,12000,Automatic,1st Owner,Mercedes-Benz,2019,4425000,Comprehensive,12.6
Bangalore,Petrol,Hatchback,40987,Manual,2nd Owner,Maruti,2015,406000,Comprehensive,20.51
Bangalore,Petrol,Sedan,18157,Automatic,1st Owner,BMW,2020,4965000,Zero Dep,15.56
Bangalore,Diesel,SUV,120000,Manual,3rd Owner,Toyota,2011,1100000,Third Party,11.5
Bangalore,Diesel,SUV,40000,Automatic,2nd Owner,Renault,2020,1100000,Third Party,19.87
Bangalore,Petrol,Hatchback,89667,Manual,1st Owner,Hyundai,2016,594000,Comprehensive,18.6
Bangalore,Diesel,Hatchback,120000,Manual,1st Owner,Hyundai,2017,710000,Third Party,22.54
Bangalore,Petrol,Hatchback,56997,Manual,1st Owner,Maruti,2017,692000,Zero Dep,21.4
Bangalore,Petrol,Sedan,120000,Manual,1st Owner,Hyundai,2013,650000,Third Party,16.3
Bangalore,Diesel,Sedan,59000,Automatic,1st Owner,Audi,2015,2090000,Third Party,18.53
Bangalore,Petrol,Hatchback,18835,Manual,1st Owner,Maruti,2021,411000,Zero Dep,22.05
Bangalore,Diesel,SUV,120000,Manual,2nd Owner,Mahindra,2010,650000,Third Party,12.05
Bangalore,Petrol,Hatchback,40000,Automatic,1st Owner,Mini,2016,3675000,Comprehensive,17.33
Bangalore,Petrol,Hatchback,60932,Manual,1st Owner,Tata,2019,610000,Comprehensive,23.84
Bangalore,Petrol,SUV,33539,Automatic,2nd Owner,Kia,2020,1675000,Comprehensive,16.5
Bangalore,Petrol,Hatchback,66837,Manual,2nd Owner,Tata,2018,530000,Comprehensive,23.84
Bangalore,Diesel,Sedan,400,Automatic,1st Owner,Mercedes-Benz,2022,7990000,Third Party,21.27
Bangalore,Petrol,Hatchback,60000,Manual,2nd Owner,Maruti,2008,250000,Third Party,19.7
Bangalore,Petrol,Hatchback,44285,Manual,1st Owner,Hyundai,2019,715000,Third Party,18.6
Bangalore,Diesel,SUV,100000,Automatic,2nd Owner,Mercedes-Benz,2014,3500000,Third Party,11.3
Bangalore,Diesel,SUV,25000,Automatic,1st Owner,Tata,2021,2250000,Comprehensive,14.08
Bangalore,Petrol,Hatchback,36735,Manual,1st Owner,Hyundai,2018,625000,Comprehensive,18.9
Bangalore,Diesel,SUV,79000,Automatic,1st Owner,Audi,2015,2695000,Comprehensive,12.07
Bangalore,Diesel,SUV,120000,Manual,2nd Owner,Mahindra,2010,650000,Third Party,12.05
Bangalore,Petrol,Hatchback,10000,Automatic,1st Owner,Renault,2022,550000,Third Party,22
Bangalore,Diesel,SUV,53645,Manual,1st Owner,Tata,2018,825000,Comprehensive,21.5
Bangalore,Petrol,Hatchback,100000,Manual,2nd Owner,Hyundai,2006,220000,Third Party,15.3
Bangalore,Petrol,Hatchback,53982,Automatic,1st Owner,Maruti,2014,428000,Comprehensive,26.68
Bangalore,Diesel,Sedan,110000,Manual,1st Owner,Skoda,2014,695000,Third Party,21.14
Bangalore,Petrol,SUV,37741,Manual,2nd Owner,Ford,2019,930000,Third Party,15.9
Bangalore,Petrol,Hatchback,17367,Manual,1st Owner,Maruti,2021,455000,Comprehensive,22.05
Bangalore,Diesel,SUV,94000,Manual,1st Owner,Hyundai,2017,1195000,Comprehensive,19.67
Bangalore,Diesel,SUV,33700,Automatic,1st Owner,Tata,2021,2175000,Comprehensive,14.6
Bangalore,Petrol,Hatchback,54601,Manual,3rd Owner,Maruti,2014,442000,Comprehensive,22.38
Bangalore,Diesel,Hatchback,110000,Manual,1st Owner,Maruti,2018,690000,Third Party,28.4
Bangalore,Petrol,Hatchback,64000,Manual,2nd Owner,Maruti,2017,500000,Third Party,23.1
Bangalore,Diesel,Sedan,40525,Automatic,1st Owner,BMW,2016,3395000,Comprehensive,21.76
Bangalore,Diesel,Sedan,100000,Manual,1st Owner,Maruti,2015,650000,Third Party,26.21
Bangalore,Petrol,Hatchback,44154,Automatic,2nd Owner,Honda,2016,537000,Comprehensive,19
Bangalore,Diesel,MUV,70000,Manual,1st Owner,Renault,2016,750000,Third Party,19.98
Bangalore,Petrol,Sedan,79000,Automatic,1st Owner,Skoda,2018,1790000,Comprehensive,15.1
Bangalore,Petrol,Hatchback,68039,Manual,2nd Owner,Tata,2017,468000,Third Party,23.84
Bangalore,Petrol,Hatchback,60000,Manual,2nd Owner,Maruti,2014,420000,Third Party,18.5
Bangalore,Petrol,Hatchback,60000,Manual,2nd Owner,Maruti,2014,420000,Third Party,18.5
Bangalore,Petrol,Hatchback,10000,Manual,1st Owner,Hyundai,2021,920000,Third Party,20
Bangalore,Petrol,Sedan,49873,Manual,1st Owner,Honda,2013,533000,Third Party,16.8
Bangalore,Petrol,Hatchback,90000,Automatic,3rd Owner,Volkswagen,2013,850000,Third Party,17.2
Bangalore,Diesel,Sedan,48960,Manual,2nd Owner,Skoda,2017,751000,Third Party,21.13
Bangalore,Diesel,Hatchback,70000,Manual,2nd Owner,Hyundai,2014,388000,Third Party,24
Bangalore,Petrol,Hatchback,68000,Manual,2nd Owner,Hyundai,2013,490000,Comprehensive,18.5
Bangalore,Diesel,SUV,23017,Manual,1st Owner,Mahindra,2016,494000,Third Party,25.32
Bangalore,Diesel,Hatchback,83000,Manual,2nd Owner,Hyundai,2013,525000,Comprehensive,21.27
Bangalore,Diesel,SUV,92000,Automatic,2nd Owner,BMW,2016,2890000,Comprehensive,16.55
Bangalore,Petrol,Hatchback,62139,Manual,1st Owner,Maruti,2018,550000,Comprehensive,20.51
Bangalore,Lpg,Hatchback,74000,Manual,1st Owner,Hyundai,2013,365000,Comprehensive,19.2
Bangalore,Petrol,Hatchback,26500,Automatic,2nd Owner,Renault,2016,420000,Comprehensive,24.04
Bangalore,Diesel,Sedan,81716,Automatic,1st Owner,Volvo,2017,1895000,Comprehensive,27.03
Bangalore,Diesel,Sedan,24000,Automatic,2nd Owner,Mercedes-Benz,2018,5990000,Comprehensive,17
Bangalore,Petrol,SUV,10000,Automatic,1st Owner,Mahindra,2022,1050000,Third Party,17
Bangalore,Petrol,SUV,18000,Automatic,1st Owner,MG,2021,2075000,Comprehensive,16.56
Bangalore,Petrol,Hatchback,38197,Manual,1st Owner,Honda,2013,394000,Third Party,19.4
Bangalore,Petrol,Hatchback,23000,Automatic,2nd Owner,Maruti,2017,725000,Comprehensive,19.56
Bangalore,Petrol,Hatchback,50000,Manual,1st Owner,Maruti,2013,240000,Third Party,20.92
Bangalore,Petrol,SUV,10000,Automatic,1st Owner,Renault,2022,835000,Third Party,19.03
Bangalore,Petrol,Hatchback,19000,Manual,1st Owner,Hyundai,2019,695000,Third Party,18.9
Bangalore,Petrol,SUV,14000,Automatic,1st Owner,Kia,2020,1725000,Comprehensive,16.5
Bangalore,Petrol,Hatchback,29268,Manual,1st Owner,Hyundai,2014,330000,Comprehensive,21.1
Bangalore,Petrol,Sedan,20000,Automatic,1st Owner,Volkswagen,2019,990000,Third Party,18.19
Bangalore,Petrol,Sedan,30000,Manual,1st Owner,Toyota,2018,750000,Third Party,17.1
Bangalore,Petrol,Hatchback,64374,Automatic,1st Owner,Honda,2018,755000,Zero Dep,19
Bangalore,Diesel,SUV,30000,Manual,1st Owner,MG,2021,1750000,Third Party,17.41
Bangalore,Petrol,SUV,7100,Automatic,1st Owner,Hyundai,2022,2083000,Comprehensive,14.2
Bangalore,Petrol,Hatchback,43679,Manual,1st Owner,Hyundai,2010,271000,Comprehensive,19.81
Bangalore,Petrol,SUV,40000,Automatic,1st Owner,Hyundai,2018,1280000,Third Party,14.8
Bangalore,Diesel,Hatchback,40562,Manual,1st Owner,Hyundai,2012,436000,Third Party,22.54
Bangalore,Petrol,SUV,26500,Automatic,2nd Owner,Hyundai,2021,1675000,Comprehensive,21.27
Bangalore,Petrol,SUV,20000,Automatic,1st Owner,Hyundai,2019,1250000,Third Party,18.15
Bangalore,Diesel,SUV,58600,Automatic,1st Owner,Mahindra,2016,1350000,Third Party,16
Bangalore,Petrol,SUV,20000,Automatic,1st Owner,Hyundai,2019,1250000,Third Party,18.15
Bangalore,Petrol,SUV,42050,Automatic,1st Owner,Volkswagen,2020,2225000,Comprehensive,18.4
Bangalore,Petrol,Hatchback,65017,Automatic,1st Owner,Maruti,2015,475000,Zero Dep,23.1
Bangalore,Diesel,Sedan,80000,Automatic,2nd Owner,BMW,2008,600000,Third Party,13.2
Bangalore,Petrol,SUV,30000,Automatic,1st Owner,Jeep,2021,2450000,Third Party,14.1
Bangalore,Petrol,SUV,20000,Automatic,1st Owner,Kia,2020,1625000,Third Party,16.5
Bangalore,Diesel,Sedan,36349,Automatic,1st Owner,Skoda,2014,1650000,Comprehensive,17.2
Bangalore,Petrol,Hatchback,80000,Manual,3rd Owner,Hyundai,2009,249000,Third Party,20.36
Bangalore,Petrol,SUV,83394,Manual,2nd Owner,Renault,2014,630000,Zero Dep,13.24
Bangalore,Diesel,SUV,30000,Automatic,2nd Owner,Audi,2016,2599000,Third Party,14.16
Bangalore,Petrol,Hatchback,80000,Manual,3rd Owner,Hyundai,2009,249000,Third Party,20.36
Bangalore,Petrol,Hatchback,52204,Manual,1st Owner,Maruti,2017,385000,Third Party,24.39
Bangalore,Petrol,Hatchback,110000,Manual,3rd Owner,Hyundai,2012,300000,Third Party,17
Bangalore,Diesel,SUV,89000,Automatic,1st Owner,Ford,2017,2975000,Third Party,10.91
Bangalore,Petrol,Hatchback,29813,Manual,2nd Owner,Maruti,2014,276000,Comprehensive,22.05
Bangalore,Petrol,Hatchback,30000,Manual,1st Owner,Ford,2018,500000,Third Party,18.16
Bangalore,Petrol,Hatchback,13345,Automatic,1st Owner,Maruti,2020,730000,Comprehensive,20.89
Bangalore,Diesel,SUV,17100,Automatic,1st Owner,Hyundai,2022,2245000,Comprehensive,18.1
Bangalore,Petrol,Hatchback,75000,Manual,1st Owner,Hyundai,2014,399000,Comprehensive,18.9
Bangalore,Petrol,Hatchback,75523,Manual,2nd Owner,Hyundai,2011,312000,Comprehensive,20.36
Bangalore,Diesel,SUV,47000,Manual,1st Owner,Mahindra,2015,1275000,Comprehensive,16
Bangalore,Diesel,SUV,36500,Manual,1st Owner,Tata,2022,1990000,Comprehensive,16.35
Bangalore,Petrol,MUV,28253,Manual,1st Owner,Renault,2020,719000,Comprehensive,20
Bangalore,Diesel,SUV,50000,Manual,1st Owner,Hyundai,2016,1260000,Third Party,19.67
Bangalore,Petrol,Hatchback,90000,Manual,2nd Owner,Hyundai,2010,300000,Third Party,20.36
Bangalore,Diesel,SUV,70000,Automatic,2nd Owner,BMW,2016,3981000,Third Party,15.97
Bangalore,Petrol,Hatchback,52571,Manual,1st Owner,Hyundai,2016,627000,Comprehensive,18.6
Bangalore,Diesel,Sedan,70000,Automatic,2nd Owner,BMW,2010,1300000,Third Party,16.07
Bangalore,Petrol,Sedan,61993,Manual,1st Owner,Honda,2015,672000,Comprehensive,17.4
Bangalore,Diesel,SUV,57000,Automatic,1st Owner,Hyundai,2017,1825000,Comprehensive,16.38
Bangalore,Diesel,SUV,80000,Manual,2nd Owner,Toyota,2021,3500000,Third Party,14.24
Bangalore,Petrol,Hatchback,36359,Manual,1st Owner,Hyundai,2013,440000,Comprehensive,18.5
Bangalore,Diesel,SUV,70000,Manual,2nd Owner,Tata,2019,1460000,Third Party,17
Bangalore,Petrol,SUV,7500,Automatic,1st Owner,MG,2022,2041000,Comprehensive,21.27
Bangalore,Petrol,Sedan,30301,Automatic,1st Owner,Hyundai,2017,1033000,Comprehensive,17
Bangalore,Petrol,Hatchback,66000,Manual,1st Owner,Hyundai,2010,275000,Comprehensive,20.36
Bangalore,Petrol,Hatchback,56010,Manual,1st Owner,Hyundai,2017,676000,Comprehensive,18.6
Bangalore,Diesel,SUV,47000,Automatic,1st Owner,Mercedes-Benz,2017,4290000,Comprehensive,17.9
Bangalore,Diesel,SUV,60000,Manual,2nd Owner,Nissan,2014,650000,Third Party,19.01
Bangalore,Diesel,Hatchback,83829,Manual,1st Owner,Maruti,2014,444000,Third Party,25.2
Bangalore,Petrol,Hatchback,10000,Automatic,1st Owner,Renault,2020,510000,Third Party,22
Bangalore,Diesel,SUV,35000,Automatic,2nd Owner,Renault,2016,925000,Comprehensive,19.6
Bangalore,Petrol,Sedan,51116,Automatic,2nd Owner,Honda,2019,1024000,Comprehensive,18
Bangalore,Diesel,Sedan,80000,Manual,3rd Owner,Skoda,2016,500000,Third Party,21.14
Bangalore,Petrol,Hatchback,40000,Automatic,2nd Owner,Volkswagen,2017,995000,Third Party,17.21
Bangalore,Petrol,SUV,85565,Automatic,2nd Owner,Honda,2012,935000,Comprehensive,11.1
Bangalore,Petrol,SUV,36916,Manual,1st Owner,Ford,2018,834000,Comprehensive,17
Bangalore,Diesel,Hatchback,90000,Manual,1st Owner,Volkswagen,2015,560000,Third Party,20.14
Bangalore,Petrol,Hatchback,112795,Manual,1st Owner,Maruti,2012,454000,Comprehensive,22.38
Bangalore,Petrol,Sedan,11000,Automatic,1st Owner,Mercedes-Benz,2021,3690000,Comprehensive,21.27
Bangalore,Petrol,MUV,120000,Manual,2nd Owner,Toyota,2014,1100000,Third Party,11.4
Bangalore,Petrol,Hatchback,36685,Manual,2nd Owner,Honda,2016,462000,Comprehensive,19.4
Bangalore,Diesel,SUV,120000,Automatic,2nd Owner,Hyundai,2012,900000,Third Party,11.72
Bangalore,Petrol,Sedan,4000,Automatic,1st Owner,BMW,2022,7900000,Comprehensive,13.32
Bangalore,Petrol,Hatchback,32184,Automatic,2nd Owner,Maruti,2019,843000,Third Party,21.4
Bangalore,Petrol,Hatchback,32279,Manual,1st Owner,Maruti,2018,799000,Comprehensive,21.1
Bangalore,Petrol,Hatchback,59698,Manual,1st Owner,Hyundai,2015,576000,Comprehensive,18.6
Bangalore,Diesel,SUV,46071,Manual,1st Owner,Renault,2018,949000,Comprehensive,20.37
Bangalore,Diesel,SUV,90000,Manual,1st Owner,Maruti,2017,795000,Third Party,24.3
Bangalore,Petrol,SUV,9554,Manual,1st Owner,Hyundai,2019,1085000,Third Party,18.27
Bangalore,Petrol,SUV,14000,Automatic,1st Owner,Jeep,2022,2590000,Comprehensive,14.1
Bangalore,Diesel,SUV,74499,Manual,2nd Owner,Renault,2013,516000,Third Party,20.45
Bangalore,Petrol,SUV,56211,Automatic,2nd Owner,Ford,2017,777000,Comprehensive,14.8
Bangalore,Petrol,Hatchback,9001,Manual,1st Owner,Honda,2019,753000,Comprehensive,18.2
Bangalore,Diesel,SUV,65457,Automatic,2nd Owner,Mahindra,2017,1226000,Third Party,16
Bangalore,Petrol,Hatchback,23682,Manual,1st Owner,Honda,2017,725000,Comprehensive,18.7
Bangalore,Diesel,Sedan,50000,Manual,1st Owner,Hyundai,2020,1150000,Third Party,22
Bangalore,Diesel,Hatchback,134557,Manual,2nd Owner,Maruti,2015,629000,Comprehensive,25.2
Bangalore,Petrol,Sedan,96567,Manual,2nd Owner,Maruti,2013,447000,Comprehensive,22.41
Bangalore,Petrol,Hatchback,120000,Manual,3rd Owner,Maruti,2015,400000,Third Party,23.1
Bangalore,Diesel,MUV,83007,Manual,2nd Owner,Maruti,2014,786000,Comprehensive,20.77
Bangalore,Petrol,Hatchback,34000,Manual,1st Owner,Honda,2018,745000,Comprehensive,18.7
Bangalore,Petrol,Hatchback,81634,Automatic,1st Owner,Hyundai,2014,490000,Comprehensive,18.9
Bangalore,Petrol,Sedan,57284,Automatic,2nd Owner,Honda,2017,942000,Comprehensive,18
Bangalore,Petrol,SUV,70000,Automatic,2nd Owner,Ford,2016,675000,Third Party,15.63
Bangalore,Petrol,Hatchback,70000,Manual,2nd Owner,Honda,2013,330000,Third Party,19.4
Bangalore,Petrol,Sedan,46429,Automatic,2nd Owner,Toyota,2018,875000,Third Party,17.8
Bangalore,Petrol,Hatchback,17624,Manual,1st Owner,Maruti,2017,869000,Comprehensive,21.4
Bangalore,Diesel,Sedan,100000,Manual,2nd Owner,Volkswagen,2012,425000,Third Party,20.54
Bangalore,Petrol,Sedan,30000,Manual,1st Owner,Honda,2019,1070000,Third Party,17.4
Bangalore,Petrol,SUV,49690,Manual,2nd Owner,Ford,2018,1025000,Third Party,15.9
Bangalore,Diesel,SUV,110000,Manual,1st Owner,Mahindra,2016,1000000,Third Party,16
Bangalore,Petrol,Sedan,50000,Manual,1st Owner,Fiat,2009,375000,Third Party,16
Bangalore,Petrol,Sedan,50000,Manual,1st Owner,Fiat,2009,375000,Third Party,16
Bangalore,Petrol,SUV,55702,Automatic,1st Owner,Ford,2018,844000,Comprehensive,14.8
Bangalore,Diesel,Hatchback,45046,Manual,1st Owner,Hyundai,2016,764000,Third Party,21.19
Bangalore,Petrol,Hatchback,53000,Manual,2nd Owner,Maruti,2014,420000,Third Party,18.5
Bangalore,Diesel,Hatchback,94695,Manual,1st Owner,Maruti,2016,684000,Third Party,27.39
Bangalore,Petrol,Hatchback,22162,Manual,1st Owner,Maruti,2019,803000,Zero Dep,21.4
Bangalore,Petrol,Hatchback,70000,Manual,2nd Owner,Hyundai,2010,320000,Third Party,17.92
Bangalore,Diesel,Sedan,115331,Manual,1st Owner,Honda,2017,804000,Comprehensive,26
Bangalore,Diesel,Sedan,70000,Automatic,2nd Owner,Mercedes-Benz,2013,1400000,Third Party,10
Bangalore,Petrol,Hatchback,42233,Manual,2nd Owner,Maruti,2016,548000,Comprehensive,22.38
Bangalore,Petrol,Hatchback,20941,Manual,1st Owner,Hyundai,2019,619000,Comprehensive,18.9
Bangalore,Diesel,SUV,50000,Manual,2nd Owner,Maruti,2018,1000000,Third Party,24.3
Bangalore,Petrol,SUV,46602,Manual,1st Owner,Honda,2018,865000,Comprehensive,17.5
Bangalore,Diesel,SUV,50000,Automatic,2nd Owner,Mahindra Ssangyong,2014,1000000,Third Party,11.18
Bangalore,Diesel,Hatchback,104000,Manual,2nd Owner,Maruti,2014,535000,Comprehensive,25.2
Bangalore,Diesel,SUV,90000,Manual,1st Owner,Ford,2018,975000,Comprehensive,23
Bangalore,Petrol,Hatchback,50035,Manual,1st Owner,Maruti,2017,699000,Third Party,21.4
Bangalore,Petrol,SUV,80000,Manual,1st Owner,Tata,2021,1150000,Third Party,17.57
Bangalore,Petrol,Hatchback,90000,Manual,2nd Owner,Hyundai,2015,625000,Comprehensive,18.6
Bangalore,Diesel,Sedan,90000,Automatic,4th Owner,Mercedes-Benz,2011,1000000,Third Party,14.21
Bangalore,Diesel,Sedan,120000,Manual,1st Owner,Toyota,2011,600000,Third Party,21.43
Bangalore,Petrol,Sedan,25170,Manual,1st Owner,Maruti,2015,675000,Third Party,22.41
Bangalore,Petrol,Sedan,25022,Manual,1st Owner,Maruti,2021,893000,Comprehensive,20.65
Bangalore,Diesel,Hatchback,100000,Manual,2nd Owner,Maruti,2012,420000,Third Party,22.9
Bangalore,Petrol,Sedan,26367,Manual,1st Owner,Maruti,2020,941000,Zero Dep,20.65
Bangalore,Petrol,Sedan,76567,Automatic,2nd Owner,Hyundai,2015,630000,Zero Dep,14.5
Bangalore,Diesel,MUV,120000,Manual,2nd Owner,Toyota,2013,1275000,Third Party,12.99
Bangalore,Petrol,Hatchback,36459,Automatic,2nd Owner,Hyundai,2015,525000,Comprehensive,18.9
Bangalore,Diesel,SUV,93725,Manual,1st Owner,Maruti,2016,750000,Comprehensive,23.65
Bangalore,Petrol,Sedan,115599,Automatic,2nd Owner,Maruti,2016,632000,Comprehensive,19.12
Bangalore,Petrol,Sedan,43469,Manual,1st Owner,Maruti,2015,645000,Zero Dep,22.41
Bangalore,Petrol,Sedan,70000,Manual,4th Owner,Ford,2005,500000,Third Party,13.8
Bangalore,Diesel,SUV,77000,Automatic,2nd Owner,BMW,2019,6795000,Comprehensive,13.38
Bangalore,Diesel,SUV,100000,Manual,1st Owner,Maruti,2018,850000,Comprehensive,24.3
Bangalore,Petrol,Sedan,72000,Manual,1st Owner,Mitsubishi,2008,299000,Third Party,14.7
Bangalore,Diesel,Sedan,77000,Automatic,1st Owner,Jaguar,2013,2095000,Comprehensive,16.36
Bangalore,Diesel,SUV,87101,Automatic,1st Owner,Audi,2013,2800000,Comprehensive,12.07
Bangalore,Petrol,Hatchback,40771,Manual,2nd Owner,Volkswagen,2021,999000,Third Party,18.24
Bangalore,Petrol,Hatchback,28000,Manual,1st Owner,Honda,2018,825000,Comprehensive,18.7
Bangalore,Petrol,Hatchback,40000,Manual,3rd Owner,Maruti,2008,250000,Comprehensive,18.9
Bangalore,Petrol,SUV,26000,Automatic,1st Owner,Hyundai,2020,1295000,Comprehensive,18.15
Bangalore,Petrol,Hatchback,76032,Manual,1st Owner,Maruti,2012,329000,Comprehensive,18.9
Bangalore,Petrol,Sedan,113780,Manual,1st Owner,Maruti,2018,666000,Comprehensive,21.56
Bangalore,Diesel,Sedan,24000,Automatic,1st Owner,Audi,2019,2290000,Third Party,20.38
Bangalore,Diesel,SUV,65812,Manual,2nd Owner,Hyundai,2020,1026000,Third Party,23.7
Bangalore,Petrol,SUV,10000,Automatic,1st Owner,Skoda,2022,1700000,Third Party,17.2
Bangalore,Petrol,Hatchback,39959,Manual,1st Owner,Maruti,2016,681000,Zero Dep,21.4
Bangalore,Petrol,SUV,10000,Automatic,1st Owner,Hyundai,2022,1690000,Third Party,14.2
Bangalore,Petrol,Hatchback,65484,Manual,3rd Owner,Maruti,2016,318000,Third Party,24.39
Bangalore,Petrol,Hatchback,49174,Manual,1st Owner,Maruti,2017,688000,Comprehensive,21.4
Bangalore,Petrol,SUV,20000,Manual,1st Owner,Volkswagen,2022,1300000,Third Party,20.08
Bangalore,Petrol,Hatchback,50000,Manual,1st Owner,Hyundai,2009,265000,Third Party,20.36
Bangalore,Petrol,Sedan,40000,Automatic,2nd Owner,Maruti,2018,645000,Third Party,22
Bangalore,Petrol,SUV,30000,Automatic,1st Owner,Hyundai,2022,2000000,Third Party,14.2
Bangalore,Petrol,Coupe,50000,Automatic,3rd Owner,BMW,2007,900000,Third Party,10.9
Bangalore,Petrol,Hatchback,80000,Manual,1st Owner,Maruti,2020,620000,Third Party,21.21
Bangalore,Petrol,SUV,20000,Manual,1st Owner,MG,2022,1470000,Third Party,15.43
Bangalore,Cng,Sedan,70000,Manual,1st Owner,Hyundai,2010,220000,Third Party,13.2
Bangalore,Diesel,Sedan,90000,Automatic,1st Owner,Audi,2014,1475000,Third Party,17.11
Bangalore,Petrol,Hatchback,40000,Manual,1st Owner,Renault,2020,415000,Third Party,21.74
Bangalore,Petrol,Hatchback,63797,Manual,1st Owner,Honda,2016,610000,Comprehensive,18.7
Bangalore,Petrol,Hatchback,60216,Manual,2nd Owner,Hyundai,2018,560000,Comprehensive,18.9
Bangalore,Petrol,Hatchback,10000,Automatic,2nd Owner,Maruti,2015,425000,Third Party,23.95
Bangalore,Petrol,Hatchback,38153,Manual,1st Owner,Maruti,2016,686000,Comprehensive,21.4
Bangalore,Petrol,Hatchback,76485,Manual,1st Owner,Maruti,2015,517000,Comprehensive,22.38
Bangalore,Petrol,Hatchback,40000,Manual,2nd Owner,Maruti,2015,385000,Third Party,20.51
Bangalore,Petrol,Hatchback,40623,Manual,1st Owner,Maruti,2016,675000,Comprehensive,21.4
Bangalore,Diesel,Sedan,18000,Automatic,2nd Owner,Mercedes-Benz,2018,3300000,Third Party,19.27
Bangalore,Petrol,Hatchback,88051,Manual,1st Owner,Maruti,2014,499000,Third Party,22.38
Bangalore,Petrol,Hatchback,16522,Manual,1st Owner,Maruti,2022,774000,Third Party,22.38
Bangalore,Diesel,SUV,70000,Manual,2nd Owner,Jeep,2019,1475000,Third Party,16.3
Bangalore,Petrol,Hatchback,80000,Manual,3rd Owner,Maruti,2008,240000,Third Party,18.9
Bangalore,Diesel,SUV,50000,Manual,1st Owner,Hyundai,2019,1025000,Third Party,23.7
Bangalore,Petrol,SUV,10000,Manual,1st Owner,Tata,2023,1400000,Third Party,17.33
Bangalore,Petrol,Hatchback,57000,Manual,2nd Owner,Hyundai,2013,285000,Third Party,21.1
Bangalore,Diesel,SUV,110000,Manual,1st Owner,Mahindra,2016,1000000,Third Party,16
Bangalore,Petrol,Hatchback,10000,Manual,1st Owner,Maruti,2019,780000,Third Party,21.4
Bangalore,Petrol,Hatchback,50000,Manual,2nd Owner,Maruti,2012,475000,Third Party,18.6
Bangalore,Diesel,SUV,120000,Manual,1st Owner,Mahindra,2019,750000,Third Party,20
Bangalore,Petrol,Hatchback,35469,Manual,1st Owner,Hyundai,2014,555000,Comprehensive,18.9
Bangalore,Petrol,Hatchback,40073,Manual,2nd Owner,Honda,2017,607000,Third Party,18.7
Bangalore,Petrol,Hatchback,65730,Manual,2nd Owner,Hyundai,2017,514000,Third Party,18.9
Bangalore,Petrol,Sedan,120000,Manual,2nd Owner,Maruti,2005,250000,Third Party,15.4
Bangalore,Petrol,Hatchback,36184,Manual,2nd Owner,Maruti,2016,705000,Third Party,21.4
Bangalore,Petrol,Hatchback,69310,Manual,1st Owner,Maruti,2016,653000,Comprehensive,21.4
Bangalore,Petrol,Sedan,55643,Automatic,1st Owner,Honda,2015,872000,Third Party,18
Bangalore,Petrol,Hatchback,62803,Automatic,2nd Owner,Hyundai,2017,564000,Third Party,18.9
Bangalore,Diesel,Hatchback,90000,Manual,2nd Owner,Volkswagen,2011,370000,Third Party,22.07
Bangalore,Petrol,Hatchback,68656,Manual,1st Owner,Maruti,2015,550000,Third Party,22.38
Bangalore,Petrol,Hatchback,77501,Manual,3rd Owner,Honda,2016,517000,Comprehensive,18.7
Bangalore,Petrol,Sedan,40000,Manual,1st Owner,Maruti,2016,620000,Third Party,20.85
Bangalore,Petrol,Sedan,40000,Manual,1st Owner,Maruti,2016,620000,Third Party,20.85
Bangalore,Petrol,Sedan,48325,Automatic,1st Owner,Honda,2014,750000,Third Party,18
Bangalore,Petrol,SUV,30000,Manual,1st Owner,Tata,2022,1220000,Third Party,17.57
Bangalore,Diesel,Hatchback,100000,Automatic,2nd Owner,Mercedes-Benz,2013,1350000,Comprehensive,14.8
Bangalore,Petrol,Hatchback,69000,Manual,1st Owner,Maruti,2015,575000,Comprehensive,22
Bangalore,Diesel,SUV,110000,Manual,1st Owner,Jeep,2018,1250000,Third Party,17.1
Bangalore,Petrol,Sedan,50000,Manual,2nd Owner,Hyundai,2016,868000,Third Party,17.01
Bangalore,Diesel,MUV,60000,Automatic,1st Owner,Kia,2020,3000000,Third Party,14.11
Bangalore,Petrol,Hatchback,20000,Manual,1st Owner,Hyundai,2021,980000,Third Party,20
Bangalore,Petrol,Hatchback,14999,Automatic,1st Owner,Maruti,2022,900000,Third Party,22.56
Bangalore,Petrol,Hatchback,90773,Manual,2nd Owner,Honda,2016,550000,Comprehensive,18.7
Bangalore,Diesel,Sedan,90000,Manual,1st Owner,Skoda,2012,450000,Third Party,20.5
Bangalore,Petrol,Hatchback,64917,Manual,2nd Owner,Maruti,2017,610000,Zero Dep,20.4
Bangalore,Petrol,Hatchback,70235,Manual,1st Owner,Honda,2017,543000,Comprehensive,18.7
Bangalore,Petrol,Hatchback,30000,Manual,1st Owner,Hyundai,2021,980000,Third Party,20
Bangalore,Petrol,Hatchback,78782,Manual,1st Owner,Honda,2016,535000,Zero Dep,18.7
Bangalore,Diesel,SUV,164000,Manual,2nd Owner,Mahindra,2014,850000,Comprehensive,15.1
Bangalore,Petrol,Sedan,72136,Manual,2nd Owner,Maruti,2016,661000,Third Party,20.73
Bangalore,Petrol,Hatchback,52486,Manual,2nd Owner,Maruti,2015,505000,Comprehensive,22.38
Bangalore,Diesel,Sedan,150000,Automatic,1st Owner,Skoda,2007,450000,Third Party,15.6
Bangalore,Petrol,SUV,36887,Manual,1st Owner,Honda,2017,865000,Third Party,17.5
Bangalore,Petrol,SUV,47962,Manual,1st Owner,Hyundai,2019,999000,Comprehensive,18.27
Bangalore,Diesel,SUV,135000,Manual,1st Owner,Nissan,2014,595000,Comprehensive,20.45
Bangalore,Petrol,Sedan,47398,Automatic,2nd Owner,Skoda,2018,2365000,Comprehensive,14.67
Bangalore,Petrol,Sedan,50000,Manual,2nd Owner,Fiat,2012,400000,Third Party,14.6
Bangalore,Diesel,Sedan,100000,Manual,1st Owner,Maruti,2012,550000,Third Party,19.3
Bangalore,Diesel,SUV,55000,Automatic,1st Owner,BMW,2020,6050000,Comprehensive,14.71
Bangalore,Diesel,SUV,110000,Automatic,2nd Owner,BMW,2011,1600000,Comprehensive,16.55
Bangalore,Petrol,Hatchback,90000,Automatic,3rd Owner,Volkswagen,2013,520000,Third Party,17.21
Bangalore,Petrol,Hatchback,116624,Manual,1st Owner,Maruti,2016,616000,Zero Dep,21.4
Bangalore,Petrol,Sedan,54561,Manual,2nd Owner,Maruti,2019,795000,Zero Dep,21.56
Bangalore,Diesel,MUV,120000,Manual,2nd Owner,Toyota,2013,1275000,Third Party,12.99
Bangalore,Petrol,Hatchback,65072,Manual,1st Owner,Honda,2016,624000,Comprehensive,18.7
Bangalore,Petrol,Hatchback,133532,Manual,1st Owner,Hyundai,2017,549000,Zero Dep,18.9
Bangalore,Diesel,MUV,120000,Manual,3rd Owner,Toyota,2010,760000,Third Party,11.4
Bangalore,Petrol,Sedan,39886,Manual,1st Owner,Maruti,2013,524000,Comprehensive,22.41
Bangalore,Diesel,SUV,80000,Manual,1st Owner,Mahindra,2019,1650000,Third Party,15.1
Bangalore,Diesel,Hatchback,56976,Manual,2nd Owner,Maruti,2015,583000,Comprehensive,25.2
Bangalore,Petrol,Sedan,68303,Manual,2nd Owner,Volkswagen,2020,1147000,Zero Dep,17.69
Bangalore,Petrol,Hatchback,80000,Automatic,2nd Owner,Mini,2013,1750000,Third Party,13.6
Bangalore,Diesel,Sedan,54000,Automatic,1st Owner,Skoda,2016,825000,Comprehensive,21.72
Bangalore,Diesel,SUV,98500,Automatic,1st Owner,Land Rover,2016,3150000,Third Party,12.51
Bangalore,Petrol,Hatchback,72348,Manual,1st Owner,Volkswagen,2018,755000,Third Party,16.2
Bangalore,Petrol,SUV,70000,Manual,1st Owner,Hyundai,2015,875000,Comprehensive,13
Bangalore,Petrol,Hatchback,62696,Manual,1st Owner,Volkswagen,2021,855000,Third Party,17.74
Bangalore,Diesel,SUV,174000,Automatic,3rd Owner,Toyota,2014,1845000,Comprehensive,12.55
Bangalore,Petrol,Hatchback,65000,Manual,1st Owner,Hyundai,2016,525000,Comprehensive,18.9
Bangalore,Petrol,Hatchback,36000,Automatic,1st Owner,Hyundai,2017,650000,Comprehensive,18.9
Bangalore,Diesel,MUV,199000,Manual,2nd Owner,Toyota,2011,950000,Comprehensive,12.8
Bangalore,Petrol,Sedan,71905,Automatic,1st Owner,Honda,2018,846000,Zero Dep,18
Bangalore,Petrol,Hatchback,69748,Manual,2nd Owner,Maruti,2013,424000,Comprehensive,22.38
Bangalore,Petrol,Hatchback,44000,Manual,1st Owner,Maruti,2008,210000,Comprehensive,19.7
Bangalore,Petrol,Sedan,17875,Manual,2nd Owner,Toyota,2021,959000,Third Party,17.1
Bangalore,Petrol,SUV,95678,Manual,1st Owner,Renault,2020,889000,Comprehensive,16.42
Bangalore,Petrol,SUV,12003,Automatic,1st Owner,Renault,2022,850000,Third Party,19.03
Bangalore,Diesel,SUV,114427,Manual,2nd Owner,Ford,2018,836000,Comprehensive,23
Bangalore,Petrol,SUV,20000,Automatic,1st Owner,Renault,2022,660000,Third Party,19.03
Bangalore,Petrol,Hatchback,64655,Manual,1st Owner,Honda,2012,334000,Comprehensive,19.4
Bangalore,Petrol,SUV,46456,Manual,1st Owner,Mahindra,2018,594000,Third Party,18.15
Bangalore,Petrol,SUV,20000,Automatic,1st Owner,Renault,2021,991000,Third Party,18.24
Bangalore,Diesel,SUV,50000,Manual,1st Owner,Jeep,2018,1450000,Third Party,17.1
Bangalore,Diesel,Sedan,90000,Manual,4th Owner,Volkswagen,2011,219000,Third Party,20.54
Bangalore,Diesel,SUV,20000,Manual,1st Owner,Hyundai,2022,1285000,Third Party,21.27
Bangalore,Petrol,SUV,27000,Automatic,1st Owner,Volvo,2021,4195000,Comprehensive,22.35
Bangalore,Diesel,MUV,150000,Manual,3rd Owner,Toyota,2008,455000,Third Party,12.8
Bangalore,Petrol,Hatchback,10000,Manual,1st Owner,Maruti,2022,825000,Third Party,22.35
Bangalore,Petrol,Sedan,40000,Manual,1st Owner,Honda,2018,825000,Third Party,17.4
Bangalore,Diesel,SUV,40000,Manual,1st Owner,Ford,2020,920000,Third Party,23
Bangalore,Diesel,Sedan,20000,Automatic,2nd Owner,Mercedes-Benz,2018,3300000,Third Party,19.27
Bangalore,Diesel,SUV,91598,Manual,2nd Owner,Ford,2017,729000,Third Party,22.77
Bangalore,Petrol,Hatchback,57521,Manual,1st Owner,Maruti,2015,432000,Comprehensive,25.24
Bangalore,Diesel,SUV,100000,Manual,1st Owner,Renault,2016,700000,Third Party,19.87
Bangalore,Petrol,Sedan,7598,Manual,1st Owner,Hyundai,2021,1499000,Comprehensive,17.7
Bangalore,Petrol,SUV,38520,Manual,1st Owner,Renault,2017,762000,Comprehensive,13.06
Bangalore,Petrol,SUV,20000,Manual,1st Owner,MG,2022,1625000,Third Party,15.43
Bangalore,Diesel,SUV,110455,Manual,2nd Owner,Renault,2014,632000,Comprehensive,20.45
Bangalore,Petrol,SUV,26901,Automatic,1st Owner,Hyundai,2020,1218000,Comprehensive,18.15
Bangalore,Petrol,Hatchback,65376,Automatic,1st Owner,Hyundai,2017,524000,Zero Dep,18.9
Bangalore,Diesel,SUV,28177,Manual,3rd Owner,Mahindra,2018,1405000,Comprehensive,15.1
Bangalore,Petrol,SUV,10000,Manual,1st Owner,Kia,2022,1390000,Third Party,18.2
Bangalore,Petrol,SUV,30000,Automatic,1st Owner,MG,2021,1890000,Comprehensive,12.3
Bangalore,Petrol,SUV,27000,Automatic,1st Owner,Hyundai,2018,1275000,Third Party,13
Bangalore,Petrol,Hatchback,90000,Automatic,3rd Owner,Hyundai,2010,275000,Third Party,19.2
Bangalore,Petrol,Sedan,20000,Manual,1st Owner,Honda,2022,1125000,Third Party,17.4
Bangalore,Petrol,Sedan,82998,Automatic,1st Owner,Honda,2016,650000,Comprehensive,18
Bangalore,Petrol,Sedan,110000,Automatic,3rd Owner,Audi,2010,700000,Third Party,12.3
Bangalore,Petrol,Sedan,14500,Manual,1st Owner,Honda,2019,1100000,Third Party,17.14
Bangalore,Diesel,Sedan,120000,Manual,3rd Owner,Mahindra,2016,260000,Third Party,21.03
Bangalore,Petrol,Hatchback,68000,Automatic,2nd Owner,Hyundai,2010,395000,Comprehensive,19.2
Bangalore,Petrol,Sedan,25887,Manual,1st Owner,Hyundai,2019,681000,Third Party,20.14
Bangalore,Petrol,Hatchback,74094,Manual,1st Owner,Maruti,2020,405000,Comprehensive,21.7
Bangalore,Petrol,Hatchback,40000,Automatic,1st Owner,Honda,2018,765000,Comprehensive,19
Bangalore,Diesel,Hatchback,91045,Manual,1st Owner,Maruti,2014,487000,Third Party,23.2
Bangalore,Diesel,SUV,80033,Manual,1st Owner,Mahindra,2018,1474000,Third Party,15.1
Bangalore,Diesel,SUV,70000,Automatic,2nd Owner,Mahindra,2017,1340000,Third Party,16
Bangalore,Petrol,MUV,13957,Automatic,1st Owner,Renault,2021,770000,Comprehensive,18.2
Bangalore,Petrol,Hatchback,34140,Automatic,2nd Owner,Maruti,2018,818000,Third Party,21.4
Bangalore,Petrol,SUV,20056,Manual,1st Owner,Ford,2017,724000,Comprehensive,17
Bangalore,Petrol,Hatchback,38233,Automatic,3rd Owner,Maruti,2016,468000,Comprehensive,26
Bangalore,Petrol,Sedan,100000,Manual,1st Owner,Volkswagen,2013,500000,Third Party,14.69
Bangalore,Diesel,SUV,50000,Manual,2nd Owner,Ford,2016,600000,Third Party,22.77
Bangalore,Diesel,SUV,70000,Manual,2nd Owner,Mahindra,2017,1350000,Third Party,16
Bangalore,Petrol,Hatchback,44000,Manual,1st Owner,Hyundai,2016,525000,Comprehensive,18.9
Bangalore,Petrol,Hatchback,90000,Manual,2nd Owner,Hyundai,2006,175000,Third Party,15.3
Bangalore,Petrol,Sedan,30000,Automatic,1st Owner,Maruti,2016,725000,Third Party,19.12
Bangalore,Petrol,Hatchback,50000,Manual,1st Owner,Hyundai,2018,550000,Third Party,18.9
Bangalore,Petrol,Hatchback,98000,Manual,1st Owner,Maruti,2019,650000,Comprehensive,22
Bangalore,Petrol,Hatchback,47000,Automatic,1st Owner,Honda,2017,775000,Comprehensive,18.2
Bangalore,Petrol,Sedan,70000,Manual,1st Owner,Hyundai,2019,900000,Third Party,17
Bangalore,Petrol,Hatchback,16998,Manual,1st Owner,Maruti,2020,408000,Comprehensive,22.05
Bangalore,Petrol,Hatchback,15256,Automatic,1st Owner,Hyundai,2017,642000,Comprehensive,18.9
Bangalore,Petrol,Sedan,70000,Manual,1st Owner,Hyundai,2019,900000,Third Party,17
Bangalore,Petrol,Hatchback,4495,Automatic,1st Owner,Datsun,2020,521000,Comprehensive,22.5
Bangalore,Petrol,MUV,34561,Manual,1st Owner,Renault,2020,695000,Zero Dep,20
Bangalore,Petrol,Hatchback,40000,Manual,2nd Owner,Maruti,2018,390000,Third Party,23.95
Bangalore,Petrol,Hatchback,142135,Manual,1st Owner,Tata,2016,429000,Comprehensive,23.84
Bangalore,Petrol,Sedan,120000,Manual,1st Owner,Ford,2021,520000,Third Party,18.5
Bangalore,Petrol,Hatchback,9553,Automatic,1st Owner,Maruti,2019,625000,Third Party,20.52
Bangalore,Petrol,Hatchback,7600,Manual,1st Owner,Renault,2022,601000,Zero Dep,21.46
Bangalore,Diesel,SUV,120000,Manual,1st Owner,Jeep,2017,1300000,Third Party,17.1
Bangalore,Petrol,Hatchback,20000,Automatic,1st Owner,Hyundai,2017,645000,Comprehensive,18.9
Bangalore,Diesel,SUV,120000,Automatic,2nd Owner,Audi,2013,1975000,Third Party,12.07
Bangalore,Petrol,Hatchback,45578,Manual,1st Owner,Hyundai,2016,695000,Third Party,18.6
Bangalore,Petrol,Sedan,100000,Manual,1st Owner,Volkswagen,2013,500000,Third Party,14.69
Bangalore,Diesel,Sedan,100000,Automatic,2nd Owner,BMW,2014,1644000,Comprehensive,22.69
Bangalore,Petrol,SUV,42000,Manual,1st Owner,Ford,2019,895000,Comprehensive,17
Bangalore,Petrol,Hatchback,90000,Manual,2nd Owner,Hyundai,2013,350000,Third Party,20.36
Bangalore,Diesel,Sedan,70000,Manual,1st Owner,Hyundai,2012,550000,Third Party,22.32
Bangalore,Diesel,SUV,100000,Automatic,3rd Owner,Ford,2010,750000,Third Party,11.4
Bangalore,Petrol,Hatchback,16306,Manual,1st Owner,Maruti,2017,581000,Comprehensive,20.89
Bangalore,Petrol,Hatchback,25086,Manual,3rd Owner,Maruti,2020,513000,Comprehensive,20.52
Bangalore,Petrol,Hatchback,54845,Manual,1st Owner,Maruti,2017,650000,Third Party,21.01
Bangalore,Diesel,Hatchback,35642,Manual,1st Owner,Ford,2020,806000,Comprehensive,24.4
Bangalore,Petrol,Hatchback,22173,Automatic,1st Owner,Maruti,2016,725000,Third Party,21.4
Bangalore,Diesel,Sedan,50000,Automatic,1st Owner,BMW,2018,4950000,Comprehensive,17.42
Bangalore,Petrol,Hatchback,67790,Manual,1st Owner,Hyundai,2014,426000,Third Party,18.9
Bangalore,Petrol,Hatchback,38000,Manual,1st Owner,Maruti,2019,485000,Comprehensive,23.95
Bangalore,Petrol,Hatchback,49713,Manual,2nd Owner,Honda,2012,351000,Third Party,19.4
Bangalore,Petrol,Hatchback,10002,Manual,1st Owner,Renault,2021,490000,Third Party,21.46
Bangalore,Diesel,SUV,46706,Manual,1st Owner,Mahindra,2017,1495000,Third Party,16
Bangalore,Diesel,Hatchback,90000,Manual,2nd Owner,Maruti,2014,510000,Third Party,25.2
Bangalore,Diesel,SUV,106000,Automatic,1st Owner,BMW,2016,2750000,Comprehensive,18.56
Bangalore,Petrol,Hatchback,55833,Automatic,1st Owner,Volkswagen,2017,1025000,Third Party,17.21
Bangalore,Diesel,SUV,46716,Automatic,2nd Owner,Audi,2015,2345000,Third Party,15.73
Bangalore,Diesel,Sedan,54000,Manual,1st Owner,Skoda,2016,825000,Comprehensive,21.13
Bangalore,Diesel,SUV,68000,Manual,2nd Owner,Ford,2016,675000,Comprehensive,21.7
Bangalore,Diesel,Hatchback,113348,Manual,3rd Owner,Ford,2010,190000,Comprehensive,20
Bangalore,Diesel,Sedan,134000,Automatic,1st Owner,Audi,2014,890000,Third Party,17.68
Bangalore,Petrol,SUV,20000,Automatic,1st Owner,Renault,2022,823000,Third Party,19.03
Bangalore,Petrol,Hatchback,52311,Manual,1st Owner,Maruti,2014,554000,Comprehensive,22.38
Bangalore,Petrol,Sedan,59514,Manual,1st Owner,Maruti,2014,499000,Comprehensive,22.41
Bangalore,Petrol,SUV,10000,Automatic,1st Owner,Renault,2022,815000,Third Party,19.03
Bangalore,Petrol,Hatchback,36743,Manual,1st Owner,Maruti,2020,719000,Third Party,21.01
Bangalore,Petrol,Hatchback,83046,Manual,1st Owner,Maruti,2015,372000,Third Party,25.24
Bangalore,Petrol,Hatchback,10000,Automatic,1st Owner,Maruti,2018,515000,Third Party,23.1
Bangalore,Petrol,Hatchback,59420,Manual,2nd Owner,Honda,2016,554000,Third Party,18.7
Bangalore,Petrol,Sedan,4545,Manual,1st Owner,Tata,2023,700000,Comprehensive,20.3
Bangalore,Petrol,Hatchback,70404,Manual,1st Owner,Maruti,2011,410000,Third Party,22.38
Bangalore,Petrol,Sedan,39725,Manual,1st Owner,Maruti,2016,685000,Third Party,20.73
Bangalore,Petrol,Sedan,10000,Automatic,1st Owner,BMW,2022,5500000,Third Party,16.13
Bangalore,Diesel,SUV,10000,Automatic,1st Owner,Kia,2022,1800000,Third Party,17.8
Bangalore,Petrol,Hatchback,60000,Manual,2nd Owner,Maruti,2006,180000,Third Party,18.9
Bangalore,Petrol,SUV,50000,Manual,2nd Owner,Ford,2018,765000,Third Party,17
Bangalore,Petrol,SUV,10000,Manual,1st Owner,MG,2023,1950000,Third Party,13.79
Bangalore,Petrol,Sedan,50000,Manual,3rd Owner,Hyundai,2013,491000,Third Party,16.3
Bangalore,Diesel,SUV,23272,Manual,1st Owner,Ford,2021,1175000,Third Party,21.7
Bangalore,Petrol,SUV,8407,Manual,1st Owner,Ford,2020,999000,Comprehensive,15.9
Bangalore,Petrol,Hatchback,50000,Automatic,1st Owner,Maruti,2018,715000,Third Party,21.21
Bangalore,Diesel,Sedan,10000,Automatic,1st Owner,Audi,2018,3400000,Third Party,18.25
Bangalore,Petrol,SUV,14881,Automatic,1st Owner,Hyundai,2021,1779000,Comprehensive,19.81
Bangalore,Petrol,Hatchback,54305,Manual,1st Owner,Hyundai,2012,404000,Third Party,18.5
Bangalore,Petrol,Hatchback,50000,Manual,2nd Owner,Hyundai,2016,358000,Third Party,19.81
Bangalore,Petrol,Hatchback,64998,Automatic,1st Owner,Maruti,2017,581000,Comprehensive,20.89
Bangalore,Petrol,Hatchback,75940,Manual,1st Owner,Hyundai,2015,630000,Third Party,18.6
Bangalore,Petrol,Hatchback,25639,Manual,1st Owner,Honda,2016,560000,Third Party,18.7
Bangalore,Diesel,SUV,44107,Manual,1st Owner,Mahindra,2019,1551000,Third Party,15.1
Bangalore,Petrol,Sedan,60000,Manual,2nd Owner,Hyundai,2014,525000,Third Party,17.01
Bangalore,Petrol,Hatchback,41594,Manual,1st Owner,Maruti,2018,501000,Comprehensive,23.1
Bangalore,Petrol,Hatchback,24786,Automatic,2nd Owner,Maruti,2020,617000,Comprehensive,20.52
Bangalore,Petrol,Hatchback,56000,Manual,1st Owner,Maruti,2017,365000,Third Party,23.95
Bangalore,Petrol,Sedan,90000,Automatic,1st Owner,Honda,2018,995000,Comprehensive,18.3
Bangalore,Petrol,Hatchback,31000,Manual,2nd Owner,Hyundai,2019,775000,Comprehensive,18.6
Bangalore,Diesel,SUV,30000,Automatic,2nd Owner,Jaguar,2018,4700000,Third Party,16.38
Bangalore,Petrol,Sedan,36000,Manual,1st Owner,Hyundai,2017,770000,Comprehensive,17.7
Bangalore,Petrol,Hatchback,19065,Manual,1st Owner,Maruti,2018,725000,Third Party,22
Bangalore,Petrol,Hatchback,30538,Automatic,1st Owner,Honda,2019,840000,Comprehensive,18.2
Bangalore,Petrol,Hatchback,48891,Manual,2nd Owner,Hyundai,2018,799000,Comprehensive,18.6
Bangalore,Petrol,Hatchback,60000,Automatic,2nd Owner,Mercedes-Benz,2014,1380000,Third Party,15.5
Bangalore,Petrol,Hatchback,26676,Manual,1st Owner,Maruti,2018,696000,Third Party,22
Bangalore,Petrol,Hatchback,35647,Manual,1st Owner,Maruti,2015,576000,Comprehensive,22.38
Bangalore,Petrol,Hatchback,63825,Manual,1st Owner,Toyota,2020,721000,Zero Dep,22.35
Bangalore,Petrol,Sedan,31346,Manual,2nd Owner,Honda,2018,995000,Third Party,17.4
Bangalore,Petrol,Hatchback,79349,Manual,2nd Owner,Hyundai,2015,594000,Third Party,18.6
Bangalore,Diesel,SUV,88203,Manual,1st Owner,Mahindra,2015,927000,Comprehensive,15.1
Bangalore,Diesel,SUV,37370,Automatic,1st Owner,Audi,2018,3275000,Comprehensive,15.17
Bangalore,Petrol,Hatchback,52228,Manual,1st Owner,Maruti,2015,426000,Comprehensive,20.51
Bangalore,Diesel,SUV,70000,Automatic,1st Owner,Hyundai,2015,1100000,Third Party,17.01
Bangalore,Petrol,SUV,40542,Manual,1st Owner,Nissan,2022,905000,Zero Dep,20
Bangalore,Petrol,SUV,47936,Automatic,1st Owner,Renault,2019,848000,Comprehensive,14.99
Bangalore,Petrol,SUV,10000,Manual,3rd Owner,Maruti,1995,400000,Zero Dep,15
Bangalore,Diesel,Sedan,70000,Automatic,2nd Owner,Skoda,2008,575000,Third Party,11.9
Bangalore,Petrol,Sedan,110000,Manual,5th Owner,Honda,2013,400000,Third Party,16.8
Bangalore,Petrol,SUV,10000,Manual,3rd Owner,Maruti,1995,400000,Zero Dep,8
Bangalore,Petrol,SUV,45000,Manual,2nd Owner,Hyundai,2016,895000,Comprehensive,15.29
Bangalore,Petrol,SUV,20469,Manual,1st Owner,Hyundai,2019,1099000,Third Party,18.27
Bangalore,Petrol,Hatchback,60000,Manual,1st Owner,Hyundai,2011,425000,Third Party,17
Bangalore,Petrol,Sedan,70000,Manual,2nd Owner,Maruti,2012,445000,Comprehensive,19.1
Bangalore,Diesel,Sedan,150000,Manual,4th Owner,Skoda,2014,320000,Third Party,20.5
Bangalore,Petrol,Sedan,46258,Manual,2nd Owner,Volkswagen,2017,775000,Third Party,16.09
Bangalore,Petrol,Hatchback,54242,Manual,3rd Owner,Maruti,2013,327000,Comprehensive,18.9
Bangalore,Petrol,Hatchback,90727,Automatic,1st Owner,Honda,2017,661000,Comprehensive,19
Bangalore,Diesel,SUV,100000,Manual,1st Owner,Mahindra,2012,775000,Comprehensive,15.1
Bangalore,Petrol,Sedan,31003,Manual,1st Owner,Maruti,2017,682000,Comprehensive,21.21
Bangalore,Petrol,Hatchback,24233,Manual,1st Owner,Hyundai,2017,577000,Third Party,18.9
Bangalore,Petrol,Hatchback,90000,Manual,3rd Owner,Volkswagen,2015,500000,Third Party,16.47
Bangalore,Petrol,Hatchback,36983,Manual,1st Owner,Honda,2017,679000,Comprehensive,18.7
Bangalore,Diesel,Hatchback,68915,Automatic,1st Owner,Mercedes-Benz,2014,1445000,Comprehensive,14.8
Bangalore,Petrol,Hatchback,5440,Manual,1st Owner,Maruti,2021,776000,Third Party,22.38
Bangalore,Petrol,Hatchback,8096,Manual,1st Owner,Tata,2021,690000,Zero Dep,20.09
Bangalore,Diesel,Sedan,120000,Manual,2nd Owner,Skoda,2012,380000,Third Party,20.5
Bangalore,Petrol,SUV,60000,Manual,3rd Owner,Renault,2014,560000,Third Party,13.24
Bangalore,Diesel,SUV,120000,Manual,1st Owner,Tata,2017,1125000,Third Party,14.1
Bangalore,Diesel,MUV,125903,Manual,2nd Owner,Renault,2015,515000,Comprehensive,19.98
Bangalore,Petrol,Hatchback,33040,Manual,2nd Owner,Hyundai,2018,799000,Comprehensive,18.6
Bangalore,Diesel,SUV,110000,Manual,2nd Owner,Toyota,2009,1200000,Third Party,11.5
Bangalore,Diesel,Hatchback,30722,Manual,1st Owner,Hyundai,2019,835000,Third Party,22.54
Bangalore,Diesel,Sedan,80000,Manual,1st Owner,Honda,2016,750000,Third Party,26
Bangalore,Diesel,SUV,120000,Manual,2nd Owner,Toyota,2009,1275000,Third Party,11.5
Bangalore,Diesel,Sedan,33000,Automatic,2nd Owner,Mercedes-Benz,2017,3075000,Comprehensive,14.21
Bangalore,Petrol,Sedan,58778,Manual,1st Owner,Honda,2014,527000,Comprehensive,17.4
Bangalore,Petrol,Hatchback,51395,Manual,1st Owner,Maruti,2019,426000,Comprehensive,21.7
Bangalore,Petrol,SUV,100000,Automatic,2nd Owner,Ford,2015,625000,Comprehensive,14.7
Bangalore,Petrol,Sedan,65881,Manual,2nd Owner,Maruti,2013,447000,Comprehensive,22.41
Bangalore,Petrol,Hatchback,49934,Manual,2nd Owner,Maruti,2014,552000,Comprehensive,22.38
Bangalore,Diesel,Sedan,91000,Manual,2nd Owner,Honda,2016,795000,Comprehensive,26
Bangalore,Petrol,Hatchback,61576,Manual,2nd Owner,Maruti,2018,459000,Comprehensive,21.63
Bangalore,Petrol,Sedan,114321,Manual,2nd Owner,Maruti,2016,700000,Zero Dep,20.73
Bangalore,Petrol,Hatchback,53125,Manual,1st Owner,Maruti,2019,405000,Third Party,21.7
Bangalore,Petrol,Hatchback,36462,Automatic,1st Owner,Renault,2020,536000,Comprehensive,22
Bangalore,Diesel,SUV,97542,Automatic,1st Owner,Mercedes-Benz,2014,2400000,Comprehensive,15.26
Bangalore,Diesel,SUV,89000,Automatic,1st Owner,Mercedes-Benz,2017,4745000,Comprehensive,11.57
Bangalore,Petrol,SUV,13000,Manual,2nd Owner,Renault,2018,895000,Comprehensive,14.99
Bangalore,Diesel,Sedan,41000,Manual,1st Owner,Hyundai,2018,1375000,Third Party,22
Bangalore,Petrol,Hatchback,94471,Automatic,1st Owner,Volkswagen,2017,880000,Third Party,17.21
Bangalore,Diesel,MUV,58000,Manual,1st Owner,Toyota,2011,1030000,Comprehensive,12.8
Bangalore,Petrol,Hatchback,46000,Manual,1st Owner,Maruti,2016,475000,Comprehensive,20.52
Bangalore,Petrol,SUV,10000,Manual,1st Owner,MG,2022,1150000,Third Party,20.8
Bangalore,Diesel,SUV,36531,Automatic,1st Owner,Mercedes-Benz,2020,5675000,Comprehensive,21.63
Bangalore,Petrol,SUV,50000,Manual,1st Owner,Toyota,2021,960000,Third Party,17.03
Bangalore,Petrol,Hatchback,36004,Manual,2nd Owner,Maruti,2020,532000,Third Party,21.63
Bangalore,Petrol,Sedan,58808,Manual,2nd Owner,Honda,2016,651000,Comprehensive,17.8
Bangalore,Diesel,Sedan,10000,Automatic,1st Owner,Mercedes-Benz,2017,3200000,Third Party,19.27
Bangalore,Petrol,Hatchback,31983,Manual,1st Owner,Hyundai,2016,715000,Comprehensive,18.6
Bangalore,Diesel,SUV,78536,Manual,1st Owner,Maruti,2016,740000,Third Party,24.3
Bangalore,Diesel,SUV,20000,Manual,1st Owner,Kia,2022,1700000,Third Party,20.8
Bangalore,Petrol,Sedan,54134,Manual,2nd Owner,Maruti,2013,455000,Comprehensive,22.41
Bangalore,Petrol,SUV,10000,Automatic,1st Owner,Kia,2021,1699000,Third Party,16.8
Bangalore,Petrol,Hatchback,27227,Manual,2nd Owner,Hyundai,2019,524000,Comprehensive,18.9
Bangalore,Petrol,SUV,25508,Automatic,1st Owner,Jeep,2019,1765000,Comprehensive,16
Bangalore,Petrol,Hatchback,30000,Manual,1st Owner,Hyundai,2017,525000,Third Party,18.6
Bangalore,Petrol,SUV,20000,Automatic,1st Owner,Kia,2019,1600000,Third Party,16.5
Bangalore,Diesel,Sedan,100000,Manual,2nd Owner,Volkswagen,2012,360000,Third Party,20.54
Bangalore,Petrol,SUV,20000,Automatic,1st Owner,Mahindra,2021,1650000,Third Party,20.8
Bangalore,Petrol,Hatchback,50000,Manual,1st Owner,Hyundai,2011,410000,Third Party,17
Bangalore,Diesel,Sedan,36000,Automatic,1st Owner,Mercedes-Benz,2018,3150000,Comprehensive,17.9
Bangalore,Diesel,Hatchback,40000,Manual,1st Owner,Hyundai,2019,850000,Third Party,22.54
Bangalore,Petrol,SUV,19047,Automatic,1st Owner,Hyundai,2021,1260000,Third Party,18.15
Bangalore,Petrol,SUV,50000,Manual,1st Owner,Tata,2020,850000,Third Party,17
Bangalore,Petrol,Hatchback,64453,Automatic,1st Owner,Maruti,2018,493000,Comprehensive,23.1
Bangalore,Petrol,Hatchback,43387,Manual,1st Owner,Honda,2018,505000,Comprehensive,18.5
Bangalore,Petrol,Hatchback,36538,Automatic,1st Owner,Maruti,2020,825000,Third Party,19.56
Bangalore,Petrol,Hatchback,36787,Manual,2nd Owner,Hyundai,2017,682000,Zero Dep,17.19
Bangalore,Petrol,Hatchback,32112,Manual,2nd Owner,Maruti,2018,486000,Comprehensive,25.24
Bangalore,Petrol,SUV,30000,Manual,1st Owner,Hyundai,2022,1800000,Third Party,20.8
Bangalore,Petrol,Hatchback,53701,Manual,1st Owner,Hyundai,2017,540000,Comprehensive,18.9
Bangalore,Petrol,Hatchback,30000,Manual,2nd Owner,Hyundai,2018,530000,Third Party,18.9
Bangalore,Petrol,Hatchback,26085,Manual,2nd Owner,Maruti,2020,407000,Zero Dep,22.05
Bangalore,Petrol,Hatchback,46894,Manual,3rd Owner,Hyundai,2016,453000,Third Party,18.9
Bangalore,Petrol,SUV,30000,Manual,1st Owner,Kia,2021,1010000,Third Party,18.2
Bangalore,Petrol,SUV,53692,Automatic,2nd Owner,Honda,2017,1675000,Third Party,12
Bangalore,Diesel,SUV,37809,Automatic,2nd Owner,Mahindra,2018,1645000,Comprehensive,15.1
Bangalore,Petrol,Hatchback,33000,Automatic,1st Owner,Tata,2018,625000,Comprehensive,23.84
Bangalore,Petrol,Hatchback,30813,Manual,1st Owner,Maruti,2022,635000,Comprehensive,20.52
Bangalore,Diesel,Sedan,56254,Manual,1st Owner,Hyundai,2013,550000,Comprehensive,23.9
Bangalore,Diesel,Sedan,58000,Automatic,1st Owner,Mercedes-Benz,2017,2450000,Comprehensive,17.9
Bangalore,Petrol,Sedan,15727,Automatic,2nd Owner,Maruti,2020,1025000,Third Party,20.04
Bangalore,Electric,Hatchback,20000,Automatic,1st Owner,Mahindra,2017,550000,Third Party,110
Bangalore,Electric,Hatchback,150,Automatic,1st Owner,MG,2023,950000,Third Party,20.8
Bangalore,Petrol,Hatchback,21113,Manual,1st Owner,Hyundai,2021,977000,Comprehensive,20
Bangalore,Diesel,Sedan,71775,Manual,1st Owner,Hyundai,2021,1705000,Comprehensive,14.59
Bangalore,Petrol,Hatchback,59882,Automatic,1st Owner,Maruti,2018,667000,Third Party,22.56
Bangalore,Petrol,Hatchback,24463,Automatic,2nd Owner,Hyundai,2014,494000,Comprehensive,18.9
Bangalore,Petrol,Sedan,72352,Manual,1st Owner,Honda,2015,636000,Zero Dep,17.4
Bangalore,Diesel,SUV,90928,Manual,1st Owner,Ford,2017,792000,Comprehensive,23
Bangalore,Petrol,SUV,10000,Manual,2nd Owner,Nissan,2021,695000,Third Party,20
Bangalore,Petrol,Hatchback,60000,Manual,2nd Owner,Ford,2014,360000,Third Party,15.6
Bangalore,Petrol,Minivans,80000,Manual,5th Owner,Maruti,1998,58000,Zero Dep,14
Bangalore,Diesel,SUV,117530,Manual,1st Owner,Maruti,2016,827000,Comprehensive,24.3
Bangalore,Petrol,Hatchback,102814,Manual,1st Owner,Maruti,2011,382000,Comprehensive,22.38
Bangalore,Petrol,Hatchback,20000,Manual,1st Owner,Tata,2021,650000,Third Party,19.01
Bangalore,Petrol,Hatchback,34801,Automatic,1st Owner,Maruti,2017,512000,Zero Dep,23.1
Bangalore,Petrol,Hatchback,51877,Manual,3rd Owner,Maruti,2018,463000,Comprehensive,25.24
Bangalore,Petrol,Sedan,10000,Automatic,1st Owner,Hyundai,2023,1500000,Third Party,18.45
Bangalore,Petrol,Hatchback,17125,Manual,2nd Owner,Maruti,2018,525000,Third Party,21.63
Bangalore,Diesel,SUV,30000,Manual,1st Owner,Renault,2014,460000,Third Party,20.45
Bangalore,Petrol,Hatchback,50318,Manual,1st Owner,Maruti,2016,627000,Third Party,21.4
Bangalore,Petrol,Sedan,46123,Manual,1st Owner,Hyundai,2012,511000,Comprehensive,17.01
Bangalore,Petrol,Hatchback,120000,Manual,3rd Owner,Hyundai,2006,55000,Third Party,15.3
Bangalore,Diesel,Hatchback,70000,Manual,2nd Owner,Hyundai,2015,600000,Third Party,22.54
Bangalore,Diesel,Sedan,33360,Automatic,1st Owner,Volkswagen,2014,1285000,Comprehensive,16.96
Bangalore,Petrol,SUV,21800,Automatic,1st Owner,Volkswagen,2022,3150000,Third Party,12.65
Bangalore,Petrol,Hatchback,10000,Manual,1st Owner,Tata,2023,750000,Third Party,19.33
Bangalore,Petrol,Hatchback,60000,Manual,3rd Owner,Hyundai,2006,130000,Third Party,20.8
Bangalore,Electric,SUV,10000,Automatic,1st Owner,Tata,2023,1800000,Third Party,14.82
Bangalore,Petrol,Hatchback,11045,Automatic,1st Owner,Hyundai,2021,985000,Third Party,19.65
Bangalore,Diesel,Sedan,51406,Automatic,1st Owner,Volkswagen,2018,1045000,Third Party,22.15
Bangalore,Diesel,Hatchback,70000,Manual,1st Owner,Tata,2012,200000,Third Party,25
Bangalore,Petrol,Hatchback,26031,Manual,1st Owner,Maruti,2017,710000,Comprehensive,21.4
Bangalore,Petrol,Hatchback,30740,Manual,1st Owner,Maruti,2016,586000,Comprehensive,22.38
Bangalore,Petrol,SUV,20000,Automatic,1st Owner,MG,2022,1500000,Third Party,14.82
Bangalore,Petrol,Hatchback,65909,Automatic,1st Owner,Maruti,2017,584000,Zero Dep,20.89
Bangalore,Petrol,Hatchback,140590,Manual,1st Owner,Hyundai,2013,409000,Comprehensive,18.5
Bangalore,Petrol,MUV,32953,Automatic,2nd Owner,Toyota,2019,2175000,Third Party,10.75
Bangalore,Petrol,Sedan,51801,Automatic,1st Owner,Maruti,2019,738000,Comprehensive,21.21
Bangalore,Diesel,Sedan,80000,Manual,1st Owner,Hyundai,2015,380000,Third Party,24.4
Bangalore,Petrol,Hatchback,62621,Manual,1st Owner,Hyundai,2017,656000,Zero Dep,18.6
Bangalore,Petrol,Hatchback,79068,Manual,1st Owner,Maruti,2014,483000,Comprehensive,22.38
Bangalore,Petrol,Hatchback,50000,Manual,1st Owner,Maruti,2018,510000,Third Party,22
Bangalore,Diesel,Sedan,30000,Automatic,2nd Owner,Volkswagen,2018,750000,Third Party,21.73
Bangalore,Petrol,Hatchback,72000,Manual,2nd Owner,Hyundai,2008,185000,Third Party,19.81
Bangalore,Petrol,Hatchback,80000,Manual,2nd Owner,Hyundai,2008,180000,Third Party,19.81
Bangalore,Petrol,MUV,10000,Manual,1st Owner,Toyota,2021,1900000,Third Party,8
Bangalore,Diesel,SUV,20000,Automatic,1st Owner,Tata,2022,2100000,Third Party,14.6
Bangalore,Diesel,SUV,36314,Automatic,2nd Owner,Mahindra,2016,1245000,Comprehensive,16
Bangalore,Petrol,Hatchback,67000,Manual,1st Owner,Volkswagen,2010,300000,Third Party,16.47
Bangalore,Electric,SUV,30000,Automatic,1st Owner,Tata,2020,1350000,Third Party,21.56
Bangalore,Electric,SUV,21236,Automatic,1st Owner,Tata,2022,1450000,Comprehensive,16.1
Bangalore,Petrol,Hatchback,47488,Automatic,2nd Owner,Maruti,2017,546000,Comprehensive,20.89
Bangalore,Petrol,Hatchback,56814,Manual,1st Owner,Honda,2016,533000,Comprehensive,18.7
Bangalore,Petrol,Sedan,90000,Automatic,1st Owner,Honda,2004,160000,Third Party,14.5
Bangalore,Petrol,Hatchback,63206,Manual,1st Owner,Hyundai,2012,332000,Comprehensive,20.36
Bangalore,Petrol,Sedan,61103,Manual,2nd Owner,Maruti,2018,809000,Comprehensive,21.56
Bangalore,Petrol,Hatchback,70000,Manual,1st Owner,Maruti,2008,200000,Third Party,19.7
Bangalore,Petrol,Hatchback,112268,Automatic,3rd Owner,Maruti,2015,347000,Comprehensive,23.1
Bangalore,Petrol,Hatchback,70000,Manual,2nd Owner,Maruti,2006,150000,Third Party,16.1
Bangalore,Petrol,SUV,97346,Manual,1st Owner,Volkswagen,2021,1359000,Comprehensive,20.08
Bangalore,Petrol,Hatchback,36977,Manual,2nd Owner,Hyundai,2018,543000,Comprehensive,18.9
Bangalore,Petrol,Hatchback,70000,Manual,3rd Owner,Maruti,2006,150000,Third Party,16.1
Bangalore,Diesel,Hatchback,60000,Manual,2nd Owner,Hyundai,2013,475000,Third Party,21.27
Bangalore,Petrol,Hatchback,80000,Manual,2nd Owner,Hyundai,2003,110000,Third Party,20.68
Bangalore,Petrol,Hatchback,35000,Automatic,2nd Owner,Renault,2016,350000,Third Party,24.04
Bangalore,Petrol,Hatchback,100000,Manual,3rd Owner,Hyundai,2006,135000,Third Party,15.3
Bangalore,Petrol,Hatchback,90000,Manual,2nd Owner,Maruti,2005,170000,Third Party,18.9
Bangalore,Diesel,SUV,85700,Automatic,1st Owner,BMW,2018,2850000,Comprehensive,20.68
Bangalore,Diesel,Sedan,50000,Automatic,1st Owner,Mercedes-Benz,2016,2750000,Comprehensive,19.27
Bangalore,Diesel,MUV,50000,Manual,2nd Owner,Toyota,2015,1449000,Third Party,12.99
Bangalore,Petrol,Hatchback,50000,Manual,1st Owner,Maruti,2015,300000,Third Party,23.95
Bangalore,Petrol,Hatchback,40082,Manual,2nd Owner,Maruti,2014,377000,Third Party,20.51
Bangalore,Diesel,Sedan,112566,Automatic,2nd Owner,Maruti,2017,638000,Comprehensive,28.4
Bangalore,Petrol,SUV,68000,Automatic,1st Owner,Hyundai,2020,1575000,Comprehensive,12.8
Bangalore,Petrol,Hatchback,61978,Automatic,1st Owner,Maruti,2021,674000,Comprehensive,20.52
Bangalore,Petrol,Hatchback,27658,Manual,1st Owner,Maruti,2021,613000,Third Party,20.52
Bangalore,Petrol,SUV,26000,Manual,1st Owner,Kia,2019,1145000,Comprehensive,16.8
Bangalore,Petrol,Hatchback,43371,Manual,2nd Owner,Hyundai,2015,595000,Comprehensive,18.6
Bangalore,Diesel,SUV,120000,Manual,2nd Owner,Ford,2014,450000,Third Party,22.7
Bangalore,Petrol,Hatchback,67633,Manual,1st Owner,Honda,2017,599000,Third Party,18.7
Bangalore,Petrol,Hatchback,76794,Manual,1st Owner,Maruti,2016,625000,Third Party,21.4
Bangalore,Diesel,MUV,120000,Manual,1st Owner,Toyota,2011,750000,Third Party,12.8
Bangalore,Diesel,MUV,59577,Automatic,1st Owner,Toyota,2018,2165000,Comprehensive,11.36
Bangalore,Diesel,Sedan,100000,Manual,2nd Owner,Chevrolet,2010,445000,Third Party,18.3
Bangalore,Petrol,Sedan,100000,Manual,3rd Owner,Toyota,2004,120000,Third Party,13.4
Bangalore,Petrol,Hatchback,50000,Manual,2nd Owner,Hyundai,2012,320000,Third Party,20.36
Bangalore,Diesel,SUV,20000,Automatic,1st Owner,Kia,2022,1350000,Third Party,21.4
Bangalore,Petrol,Hatchback,120000,Manual,2nd Owner,Maruti,2006,165000,Third Party,19.7
Bangalore,Petrol,Hatchback,50000,Manual,2nd Owner,Fiat,2018,525000,Third Party,16.3
Bangalore,Diesel,SUV,80000,Manual,1st Owner,Hyundai,2015,888000,Third Party,19.67
Bangalore,Diesel,SUV,80000,Manual,2nd Owner,Mahindra,2015,575000,Comprehensive,18.49
Bangalore,Diesel,Sedan,94932,Manual,1st Owner,Maruti,2017,707000,Comprehensive,28.4
Bangalore,Petrol,Hatchback,75140,Manual,1st Owner,Maruti,2016,593000,Comprehensive,21.4
Bangalore,Petrol,Hatchback,88000,Manual,1st Owner,Chevrolet,2011,250000,Third Party,18.6
Bangalore,Petrol,Hatchback,73969,Manual,1st Owner,Hyundai,2016,685000,Comprehensive,18.6
Bangalore,Petrol,Sedan,62598,Manual,1st Owner,Hyundai,2016,699000,Comprehensive,17.01
Bangalore,Petrol,Sedan,70000,Automatic,2nd Owner,Toyota,2017,1200000,Third Party,14.28
Bangalore,Petrol,Hatchback,24343,Manual,2nd Owner,Maruti,2021,425000,Zero Dep,22.05
Bangalore,Diesel,Hatchback,110000,Manual,2nd Owner,Volkswagen,2014,380000,Third Party,22.07
Bangalore,Petrol,Hatchback,58917,Manual,2nd Owner,Volkswagen,2017,574000,Third Party,16.2
Bangalore,Petrol,Hatchback,72338,Manual,1st Owner,Maruti,2016,573000,Comprehensive,22.38
Bangalore,Diesel,Hatchback,50000,Manual,1st Owner,Tata,2003,70000,Third Party,17.88
Bangalore,Diesel,SUV,110000,Manual,3rd Owner,Mahindra,2015,685000,Third Party,16
Bangalore,Petrol,Hatchback,41000,Automatic,2nd Owner,Honda,2012,425000,Comprehensive,18.4
Bangalore,Petrol,Hatchback,70000,Automatic,2nd Owner,Hyundai,2009,265000,Third Party,19.2
Bangalore,Petrol,Sedan,25887,Manual,1st Owner,Maruti,2019,600000,Comprehensive,17.5
Bangalore,Petrol,Sedan,40000,Manual,1st Owner,Honda,2016,650000,Third Party,17.8
Bangalore,Diesel,Hatchback,50000,Manual,1st Owner,Maruti,2015,430000,Third Party,25.2
Bangalore,Petrol,Minivans,10000,Manual,1st Owner,Maruti,2021,530000,Third Party,16.11
Bangalore,Petrol,Hatchback,20000,Manual,1st Owner,Volkswagen,2022,1075000,Third Party,18.24
Bangalore,Petrol,Sedan,60000,Manual,2nd Owner,Hyundai,2017,750000,Third Party,17
Bangalore,Petrol,Hatchback,64235,Manual,2nd Owner,Hyundai,2017,615000,Third Party,18.6
Bangalore,Diesel,Hatchback,83873,Manual,1st Owner,Maruti,2018,746000,Zero Dep,27.39
Bangalore,Diesel,Sedan,120000,Manual,2nd Owner,Skoda,2012,370000,Third Party,20.5
Bangalore,Petrol,Sedan,93059,Manual,2nd Owner,Hyundai,2016,667000,Comprehensive,17.01
Bangalore,Petrol,Hatchback,45681,Manual,1st Owner,Maruti,2017,634000,Zero Dep,21.4
Bangalore,Petrol,Sedan,50000,Manual,3rd Owner,Maruti,1998,40000,Zero Dep,15
Bangalore,Petrol,Hatchback,45938,Manual,2nd Owner,Honda,2017,579000,Comprehensive,18.7
Bangalore,Petrol,Hatchback,40000,Manual,1st Owner,Maruti,2018,510000,Third Party,21.4
Bangalore,Petrol,Hatchback,57423,Manual,2nd Owner,Maruti,2018,634000,Third Party,22.38
Bangalore,Petrol,Hatchback,60942,Automatic,1st Owner,Hyundai,2015,527000,Third Party,18.9
Bangalore,Petrol,SUV,70000,Automatic,1st Owner,Hyundai,2018,900000,Third Party,13
Bangalore,Diesel,SUV,80000,Manual,2nd Owner,Jeep,2018,1500000,Third Party,17.1
Bangalore,Diesel,SUV,19875,Automatic,1st Owner,Citroen,2021,3000000,Comprehensive,18.6
Bangalore,Diesel,SUV,20000,Automatic,1st Owner,Mahindra,2022,2750000,Third Party,22.38
Bangalore,Petrol,Hatchback,10000,Manual,2nd Owner,Hyundai,2021,650000,Third Party,20.7
Bangalore,Diesel,MUV,120000,Manual,2nd Owner,Toyota,2012,965000,Third Party,12.99
Bangalore,Petrol,SUV,20000,Automatic,1st Owner,Volkswagen,2022,3600000,Third Party,12.65
Bangalore,Diesel,Sedan,120000,Manual,4th Owner,Hyundai,2013,400000,Third Party,22.32
Bangalore,Petrol,Sedan,50000,Manual,1st Owner,Fiat,2009,300000,Third Party,16
Bangalore,Diesel,Sedan,30000,Automatic,1st Owner,BMW,2018,3400000,Third Party,21.76
Bangalore,Petrol,Hatchback,14949,Manual,1st Owner,Hyundai,2020,982000,Zero Dep,20
Bangalore,Petrol,Hatchback,77995,Automatic,1st Owner,Maruti,2017,674000,Comprehensive,21.4
Bangalore,Petrol,SUV,20000,Manual,1st Owner,Tata,2021,810000,Third Party,17.33
Bangalore,Petrol,Sedan,40908,Manual,1st Owner,Maruti,2020,792000,Comprehensive,20.65
Bangalore,Petrol,Hatchback,39693,Automatic,2nd Owner,Hyundai,2016,513000,Comprehensive,18.9
Bangalore,Petrol,Sedan,40000,Manual,1st Owner,Hyundai,2010,360000,Third Party,16.2
Bangalore,Petrol,Hatchback,63411,Manual,1st Owner,Maruti,2016,579000,Comprehensive,22.38
Bangalore,Petrol,Hatchback,30000,Manual,1st Owner,Maruti,2018,550000,Third Party,22
Bangalore,Petrol,Hatchback,94221,Manual,2nd Owner,Hyundai,2014,383000,Comprehensive,18.9
Bangalore,Petrol,Hatchback,93975,Manual,1st Owner,Hyundai,2017,605000,Third Party,18.6
Bangalore,Petrol,SUV,30000,Manual,1st Owner,Mahindra,2019,985000,Third Party,16.82
Bangalore,Petrol,Hatchback,30155,Manual,2nd Owner,Volkswagen,2020,935000,Third Party,18.24
Bangalore,Petrol,Hatchback,59006,Manual,2nd Owner,Volkswagen,2016,675000,Third Party,16.47
Bangalore,Petrol,Hatchback,100000,Manual,4th Owner,Maruti,2004,135000,Third Party,17.3
Bangalore,Petrol,SUV,18570,Automatic,1st Owner,Tata,2022,1345000,Third Party,16.35
Bangalore,Diesel,MUV,48246,Manual,1st Owner,Toyota,2021,2365000,Comprehensive,12
Bangalore,Diesel,Sedan,10000,Automatic,1st Owner,Mercedes-Benz,2017,3200000,Third Party,19.27
Bangalore,Diesel,Hatchback,61263,Manual,1st Owner,Maruti,2016,734000,Third Party,27.39
Bangalore,Petrol,SUV,65507,Manual,2nd Owner,Honda,2017,701000,Third Party,17.5
Bangalore,Diesel,SUV,100000,Manual,1st Owner,Renault,2014,535000,Third Party,20.46
Bangalore,Petrol,SUV,26158,Manual,1st Owner,Honda,2017,789000,Comprehensive,17.5
Bangalore,Petrol,Hatchback,35250,Manual,1st Owner,Maruti,2015,548000,Comprehensive,22.38
Bangalore,Diesel,SUV,65965,Manual,1st Owner,Mahindra,2012,350000,Comprehensive,17.21
Bangalore,Petrol,Hatchback,40304,Manual,2nd Owner,Maruti,2015,477000,Comprehensive,25.24
Bangalore,Diesel,SUV,80000,Automatic,1st Owner,Land Rover,2013,1525000,Comprehensive,12.35
Bangalore,Petrol,Hatchback,56661,Manual,1st Owner,Maruti,2014,515000,Comprehensive,22.38
Bangalore,Petrol,Hatchback,90213,Manual,2nd Owner,Hyundai,2016,562000,Comprehensive,18.6
Bangalore,Petrol,Sedan,70000,Manual,3rd Owner,Volkswagen,2010,345000,Third Party,15.04
Bangalore,Diesel,Sedan,120000,Manual,4th Owner,Hyundai,2013,475000,Third Party,22.32
Bangalore,Petrol,SUV,10000,Manual,2nd Owner,Nissan,2021,670000,Third Party,18.75
Bangalore,Petrol,Hatchback,20739,Automatic,1st Owner,Honda,2021,950000,Comprehensive,17.1
Bangalore,Petrol,Hatchback,20000,Manual,2nd Owner,Hyundai,2020,700000,Third Party,18.6
Bangalore,Petrol,Sedan,70000,Manual,1st Owner,Opel,2004,80000,Third Party,14.2
Bangalore,Petrol,SUV,10000,Automatic,1st Owner,Mahindra,2021,1500000,Third Party,15.2
Bangalore,Diesel,Sedan,60000,Manual,3rd Owner,Chevrolet,2009,370000,Third Party,18.3
Bangalore,Diesel,Sedan,10000,Automatic,1st Owner,Mercedes-Benz,2017,3200000,Third Party,19.27
Bangalore,Diesel,Hatchback,70000,Manual,1st Owner,Hyundai,2015,550000,Third Party,22.54
Bangalore,Petrol,Hatchback,47127,Manual,2nd Owner,Hyundai,2015,581000,Comprehensive,18.6
Bangalore,Petrol,Hatchback,47038,Manual,1st Owner,Maruti,2017,582000,Comprehensive,20.4
Bangalore,Petrol,Sedan,120000,Manual,3rd Owner,Honda,2007,185000,Third Party,17.7
Bangalore,Petrol,Hatchback,40769,Manual,1st Owner,Hyundai,2018,531000,Third Party,18.9
Bangalore,Petrol,Hatchback,34757,Manual,1st Owner,Hyundai,2017,558000,Comprehensive,18.9
Bangalore,Petrol,Hatchback,100000,Manual,3rd Owner,Hyundai,2006,155000,Third Party,17
Bangalore,Petrol,Hatchback,88119,Automatic,2nd Owner,Hyundai,2016,508000,Comprehensive,18.9
Bangalore,Diesel,SUV,120000,Automatic,1st Owner,Toyota,2015,2060000,Third Party,12.55
Bangalore,Petrol,Hatchback,57176,Manual,1st Owner,Hyundai,2017,542000,Third Party,18.9
Bangalore,Petrol,Hatchback,62223,Manual,2nd Owner,Maruti,2015,501000,Comprehensive,22.38
Bangalore,Petrol,MUV,55000,Manual,1st Owner,Maruti,2018,875000,Third Party,19.34
Bangalore,Diesel,SUV,52000,Manual,1st Owner,Mahindra,2020,1370000,Third Party,18.6
Bangalore,Petrol,Minivans,63251,Manual,1st Owner,Maruti,2018,485000,Comprehensive,16.11
Bangalore,Petrol,Hatchback,20000,Manual,3rd Owner,Hyundai,2010,300000,Third Party,20.36
Bangalore,Diesel,Sedan,60000,Manual,3rd Owner,Chevrolet,2009,350000,Third Party,18.3
Bangalore,Diesel,SUV,20000,Automatic,1st Owner,Citroen,2021,3250000,Third Party,18.6
Bangalore,Petrol,Sedan,80000,Manual,2nd Owner,Ford,2004,55000,Third Party,14.2
Bangalore,Petrol,Hatchback,40000,Automatic,1st Owner,Hyundai,2018,630000,Third Party,18.9
Bangalore,Diesel,SUV,20000,Automatic,1st Owner,Tata,2022,2475000,Third Party,14.08
Bangalore,Petrol,Hatchback,67444,Manual,1st Owner,Hyundai,2012,417000,Third Party,18.5
Bangalore,Petrol,Hatchback,63837,Automatic,2nd Owner,Maruti,2016,631000,Comprehensive,21.4
Bangalore,Diesel,MUV,61000,Manual,2nd Owner,Mahindra,2012,465000,Comprehensive,14
Bangalore,Petrol,Hatchback,60777,Manual,1st Owner,Maruti,2016,544000,Third Party,22.38
Bangalore,Petrol,Hatchback,39248,Manual,2nd Owner,Maruti,2016,704000,Third Party,21.4
Bangalore,Diesel,Sedan,66000,Automatic,1st Owner,BMW,2014,1975000,Comprehensive,18.12
Bangalore,Petrol,Hatchback,96198,Manual,1st Owner,Honda,2015,359000,Comprehensive,19.4
Bangalore,Petrol,Sedan,50000,Automatic,2nd Owner,Honda,2013,520000,Third Party,16.8
Bangalore,Petrol,Hatchback,81207,Manual,3rd Owner,Maruti,2015,335000,Comprehensive,20.51
Bangalore,Petrol,Hatchback,48148,Manual,1st Owner,Maruti,2021,766000,Third Party,22.38
Bangalore,Petrol,Hatchback,120000,Manual,1st Owner,Maruti,2015,350000,Third Party,23.1
Bangalore,Diesel,Sedan,90000,Manual,3rd Owner,Tata,2018,480000,Third Party,20.65
Bangalore,Diesel,SUV,60000,Manual,2nd Owner,Mahindra,2017,822000,Third Party,18.06
Bangalore,Petrol,Sedan,120000,Manual,4th Owner,Fiat,2009,190000,Third Party,16
Bangalore,Petrol,Sedan,70000,Automatic,3rd Owner,Honda,2008,600000,Third Party,11.7
Bangalore,Diesel,SUV,30000,Manual,1st Owner,Mahindra,2022,995000,Third Party,20.1
Bangalore,Petrol,Hatchback,30000,Manual,3rd Owner,Maruti,2001,120000,Zero Dep,14
Bangalore,Diesel,SUV,120000,Manual,2nd Owner,Nissan,2013,575000,Third Party,19.01
Bangalore,Diesel,SUV,64389,Automatic,2nd Owner,Mercedes-Benz,2018,3795000,Comprehensive,17.9
Bangalore,Petrol,Hatchback,60000,Manual,2nd Owner,Maruti,2014,260000,Third Party,22.74
Bangalore,Petrol,Hatchback,67245,Manual,1st Owner,Maruti,2015,539000,Comprehensive,22.38
Bangalore,Petrol,Sedan,30518,Automatic,2nd Owner,Hyundai,2018,1006000,Zero Dep,17
Bangalore,Petrol,Sedan,20000,Automatic,1st Owner,Mercedes-Benz,2022,3900000,Third Party,19.01
Bangalore,Diesel,Sedan,102407,Manual,1st Owner,Maruti,2018,796000,Third Party,28.09
Bangalore,Petrol,Hatchback,53606,Manual,1st Owner,Hyundai,2015,636000,Zero Dep,18.6
Bangalore,Diesel,SUV,90000,Manual,1st Owner,Skoda,2015,1400000,Third Party,17.67
Bangalore,Petrol,Hatchback,44253,Manual,2nd Owner,Maruti,2016,615000,Comprehensive,21.4
Bangalore,Cng,Minivans,40000,Manual,1st Owner,Maruti,2021,500000,Third Party,20.88
Bangalore,Petrol,Hatchback,34702,Manual,1st Owner,Tata,2021,718000,Third Party,19.01
Bangalore,Petrol,Hatchback,42762,Manual,1st Owner,Maruti,2012,436000,Third Party,22.38
Bangalore,Petrol,Hatchback,50000,Manual,2nd Owner,Maruti,2015,280000,Third Party,23.95
Bangalore,Petrol,MUV,30000,Automatic,1st Owner,Renault,2022,780000,Third Party,18.2
Bangalore,Diesel,SUV,80000,Automatic,2nd Owner,Mahindra,2016,900000,Third Party,16
Bangalore,Cng,MUV,20000,Manual,1st Owner,Maruti,2022,1300000,Third Party,26.11
Bangalore,Cng,Sedan,50000,Manual,2nd Owner,Maruti,2014,300000,Third Party,22.1
Bangalore,Petrol,Sedan,28000,Automatic,1st Owner,Jaguar,2019,3675000,Comprehensive,13.5
Bangalore,Petrol,Sedan,40000,Manual,1st Owner,Maruti,2020,670000,Third Party,21.21
Bangalore,Petrol,Hatchback,10000,Manual,1st Owner,Maruti,2020,900000,Third Party,21.01
Bangalore,Petrol,Hatchback,60000,Manual,1st Owner,Maruti,2016,600000,Third Party,21.4
Bangalore,Petrol,Hatchback,110000,Manual,4th Owner,Chevrolet,2008,110000,Third Party,18
Bangalore,Petrol,Hatchback,57459,Manual,1st Owner,Hyundai,2016,605000,Third Party,18.6
Bangalore,Petrol,Hatchback,70381,Manual,1st Owner,Hyundai,2017,559000,Zero Dep,18.9
Bangalore,Diesel,Hatchback,90000,Manual,3rd Owner,Volkswagen,2012,268000,Third Party,22.07
Bangalore,Petrol,Sedan,80648,Manual,1st Owner,Maruti,2020,780000,Comprehensive,20.65
Bangalore,Petrol,SUV,81853,Manual,2nd Owner,Hyundai,2016,864000,Comprehensive,13
Bangalore,Petrol,Hatchback,40000,Manual,1st Owner,Hyundai,2009,240000,Third Party,17.92
Bangalore,Petrol,Hatchback,90802,Manual,1st Owner,Honda,2012,341000,Comprehensive,19.4
Bangalore,Petrol,Hatchback,40000,Manual,1st Owner,Hyundai,2009,240000,Third Party,17.92
Bangalore,Petrol,Hatchback,16502,Manual,1st Owner,Hyundai,2021,513000,Zero Dep,20.3
Bangalore,Petrol,Hatchback,31530,Manual,1st Owner,Maruti,2021,661000,Third Party,20.89
Bangalore,Diesel,MUV,120000,Manual,2nd Owner,Maruti,2017,800000,Third Party,24.52
Bangalore,Diesel,Hatchback,80000,Manual,2nd Owner,Maruti,2015,520000,Third Party,25.2
Bangalore,Petrol,Sedan,71086,Automatic,1st Owner,Honda,2014,600000,Comprehensive,18
Bangalore,Diesel,Hatchback,110000,Manual,2nd Owner,Maruti,2011,300000,Third Party,21.1
Bangalore,Diesel,SUV,50000,Automatic,1st Owner,Ford,2020,3750000,Comprehensive,10.91
Bangalore,Petrol,Hatchback,18000,Automatic,1st Owner,Hyundai,2021,1295000,Comprehensive,20.25
Bangalore,Petrol,Sedan,60000,Manual,2nd Owner,Honda,2014,630000,Third Party,17.4
Bangalore,Diesel,MUV,120000,Manual,3rd Owner,Chevrolet,2016,475000,Third Party,13.58
Bangalore,Petrol,Hatchback,70000,Manual,2nd Owner,Hyundai,2011,275000,Third Party,20.36
Bangalore,Petrol,Hatchback,25000,Automatic,4th Owner,Honda,2016,575000,Comprehensive,19
Bangalore,Petrol,Hatchback,69210,Manual,1st Owner,Honda,2012,338000,Third Party,19.4
Bangalore,Petrol,Hatchback,71165,Manual,2nd Owner,Honda,2018,604000,Comprehensive,18.7
Bangalore,Petrol,SUV,10000,Automatic,1st Owner,BMW,2022,13000000,Third Party,10.54
Bangalore,Diesel,Sedan,86543,Manual,3rd Owner,Maruti,2010,327000,Third Party,19.3
Bangalore,Petrol,Hatchback,67225,Automatic,1st Owner,Maruti,2016,621000,Third Party,21.4
Bangalore,Diesel,Hatchback,100000,Manual,3rd Owner,Tata,2017,240000,Third Party,25
Bangalore,Petrol,Hatchback,16247,Manual,1st Owner,Hyundai,2018,621000,Zero Dep,18.9
Bangalore,Petrol,Sedan,80000,Manual,2nd Owner,Mahindra Renault,2007,140000,Third Party,15.7
Bangalore,Petrol,Hatchback,39481,Automatic,2nd Owner,Maruti,2017,708000,Zero Dep,21.4
Bangalore,Petrol,Hatchback,61227,Manual,2nd Owner,Maruti,2018,443000,Third Party,25.24
Bangalore,Petrol,Sedan,80000,Manual,4th Owner,Honda,2006,180000,Third Party,17.7
Bangalore,Diesel,SUV,112521,Manual,1st Owner,Renault,2016,700000,Comprehensive,19.01
Bangalore,Diesel,SUV,20000,Manual,1st Owner,MG,2020,1800000,Third Party,17.41
Bangalore,Petrol,Sedan,20000,Automatic,1st Owner,Honda,2021,1450000,Third Party,18.3
Bangalore,Petrol,Sedan,60000,Manual,2nd Owner,Volkswagen,2016,520000,Third Party,17
Bangalore,Petrol,Hatchback,40000,Manual,2nd Owner,Tata,2018,470000,Third Party,23.84
Bangalore,Diesel,SUV,50000,Manual,1st Owner,Renault,2016,600000,Third Party,19.64
Bangalore,Diesel,SUV,100000,Automatic,2nd Owner,Audi,2016,1850000,Third Party,15.17
Bangalore,Electric,Hatchback,20000,Automatic,2nd Owner,Mahindra,2017,460000,Third Party,140
Bangalore,Petrol,Sedan,110000,Manual,2nd Owner,Opel,2003,75000,Third Party,13.8
Bangalore,Petrol,Hatchback,63359,Manual,2nd Owner,Maruti,2017,649000,Third Party,21.4
Bangalore,Diesel,Hatchback,125227,Manual,2nd Owner,Hyundai,2017,657000,Zero Dep,22.54
Bangalore,Diesel,Hatchback,100000,Manual,2nd Owner,Volkswagen,2012,420000,Third Party,22.07
Bangalore,Diesel,Hatchback,71884,Manual,2nd Owner,Maruti,2015,629000,Third Party,25.2
Bangalore,Petrol,Hatchback,79059,Manual,2nd Owner,Honda,2012,322000,Third Party,19.4
Bangalore,Petrol,Hatchback,80000,Manual,2nd Owner,Maruti,2016,620000,Third Party,21.4
Bangalore,Petrol,Hatchback,69124,Manual,1st Owner,Maruti,2013,435000,Third Party,22.38
Bangalore,Diesel,MUV,120000,Manual,4th Owner,Toyota,2012,960000,Third Party,12.99
Bangalore,Petrol,Hatchback,73340,Manual,1st Owner,Maruti,2010,317000,Comprehensive,18.5
Bangalore,Petrol,Hatchback,44268,Manual,2nd Owner,Hyundai,2017,574000,Comprehensive,18.9
Bangalore,Petrol,Hatchback,10000,Manual,1st Owner,Citroen,2022,780000,Third Party,19.3
Bangalore,Petrol,Hatchback,60000,Manual,1st Owner,Honda,2018,800000,Third Party,18.7
Bangalore,Petrol,Sedan,30000,Manual,1st Owner,Honda,2020,925000,Third Party,18.6
Bangalore,Petrol,Sedan,50000,Manual,1st Owner,Maruti,2017,775000,Third Party,20.73
Bangalore,Petrol,Hatchback,80000,Manual,2nd Owner,Tata,2011,70000,Third Party,26
Bangalore,Diesel,SUV,70000,Manual,2nd Owner,Renault,2014,500000,Third Party,19.01
Bangalore,Diesel,Sedan,120000,Manual,2nd Owner,Maruti,2009,350000,Third Party,19.3
Bangalore,Diesel,MUV,120000,Manual,2nd Owner,Toyota,2012,1125000,Third Party,12.99
Bangalore,Petrol,Sedan,20000,Automatic,2nd Owner,Honda,2020,830000,Third Party,18.3
Bangalore,Diesel,SUV,37354,Automatic,1st Owner,Kia,2020,1475000,Third Party,17.8
Bangalore,Diesel,SUV,80426,Manual,2nd Owner,Mahindra,2014,834000,Comprehensive,15.1
Bangalore,Petrol,Sedan,89801,Manual,1st Owner,Maruti,2016,674000,Comprehensive,20.73
Bangalore,Petrol,Sedan,120000,Manual,4th Owner,Opel,2004,65000,Third Party,14.2
Bangalore,Petrol,Hatchback,69199,Manual,2nd Owner,Hyundai,2019,547000,Zero Dep,18.9
Bangalore,Petrol,Hatchback,78249,Manual,3rd Owner,Maruti,2012,413000,Third Party,22.38
Bangalore,Diesel,MUV,26918,Manual,1st Owner,Toyota,2018,2325000,Comprehensive,13.68
Bangalore,Petrol,Hatchback,29905,Manual,1st Owner,Maruti,2021,709000,Zero Dep,22.38
Bangalore,Diesel,MUV,37678,Automatic,2nd Owner,Toyota,2018,2295000,Comprehensive,11.36
Bangalore,Petrol,Hatchback,60442,Manual,2nd Owner,Honda,2017,528000,Comprehensive,18.7
Bangalore,Diesel,SUV,66463,Manual,1st Owner,Renault,2014,691000,Comprehensive,20.45
Bangalore,Petrol,Sedan,40844,Automatic,1st Owner,Skoda,2020,1145000,Comprehensive,16.24
Bangalore,Petrol,Hatchback,62696,Manual,1st Owner,Volkswagen,2021,855000,Third Party,14.1
Bangalore,Petrol,Hatchback,30000,Automatic,1st Owner,Maruti,2021,800000,Third Party,21.21
Bangalore,Petrol,Sedan,44000,Manual,1st Owner,Ford,2017,550000,Comprehensive,18.16
Bangalore,Petrol,Hatchback,70000,Manual,2nd Owner,Hyundai,2012,400000,Third Party,18.5
Bangalore,Diesel,Hatchback,120000,Manual,1st Owner,Tata,2012,130000,Third Party,25
Bangalore,Diesel,Sedan,120000,Manual,4th Owner,Hyundai,2012,375000,Third Party,22.32
Bangalore,Petrol,Sedan,40000,Manual,1st Owner,Maruti,2020,650000,Third Party,21.21
Bangalore,Petrol,SUV,10000,Automatic,1st Owner,Jeep,2021,2550000,Third Party,14.1
Bangalore,Diesel,SUV,80000,Manual,1st Owner,Kia,2021,1300000,Third Party,22.32
Bangalore,Petrol,Hatchback,79415,Manual,1st Owner,Maruti,2016,609000,Zero Dep,21.4
Bangalore,Diesel,Sedan,88411,Automatic,1st Owner,Maruti,2017,678000,Zero Dep,26.59
Bangalore,Diesel,Sedan,120000,Manual,4th Owner,Volkswagen,2011,375000,Third Party,20.54
Bangalore,Diesel,Hatchback,106516,Manual,1st Owner,Maruti,2012,449000,Third Party,22.9
Bangalore,Diesel,Hatchback,88509,Manual,2nd Owner,Maruti,2015,552000,Comprehensive,25.2
Bangalore,Diesel,SUV,120000,Manual,1st Owner,Mahindra,2015,925000,Third Party,15.1
Bangalore,Petrol,Sedan,80000,Manual,2nd Owner,Ford,2004,56000,Third Party,14.2
Bangalore,Petrol,Hatchback,44437,Manual,1st Owner,Maruti,2013,426000,Comprehensive,22.38
Bangalore,Diesel,Hatchback,83731,Manual,2nd Owner,Hyundai,2015,607000,Third Party,22.54
Bangalore,Petrol,Sedan,80000,Manual,2nd Owner,Ford,2004,56000,Third Party,14.2
Bangalore,Diesel,SUV,77000,Manual,1st Owner,Mahindra,2018,845000,Comprehensive,16.5
Bangalore,Petrol,SUV,23000,Automatic,2nd Owner,MG,2020,1650000,Comprehensive,18.53
Bangalore,Diesel,Hatchback,110000,Manual,3rd Owner,Ford,2012,240000,Third Party,26
Bangalore,Petrol,Hatchback,30000,Automatic,1st Owner,Maruti,2022,680000,Third Party,20.52
Bangalore,Diesel,MUV,120000,Manual,2nd Owner,Toyota,2006,500000,Third Party,12.8
Bangalore,Petrol,Sedan,60000,Manual,2nd Owner,Tata,2011,250000,Third Party,13.7
Bangalore,Petrol,Hatchback,80000,Manual,1st Owner,Maruti,2018,720000,Third Party,21.4
Bangalore,Petrol,Hatchback,110000,Manual,4th Owner,Tata,2011,60000,Third Party,26
Bangalore,Petrol,Sedan,70000,Automatic,5th Owner,Skoda,2010,357000,Third Party,12.6
Bangalore,Petrol,Sedan,45621,Manual,1st Owner,Maruti,2018,798000,Third Party,21.56
Bangalore,Diesel,SUV,38199,Manual,2nd Owner,Renault,2018,858000,Zero Dep,20.37
Bangalore,Petrol,Sedan,90000,Manual,3rd Owner,Maruti,2004,80000,Third Party,15.9
Bangalore,Petrol,Hatchback,91660,Manual,1st Owner,Hyundai,2016,608000,Zero Dep,18.6
Bangalore,Petrol,Sedan,51947,Manual,2nd Owner,Honda,2015,698000,Comprehensive,17.4
Bangalore,Diesel,MUV,80000,Manual,2nd Owner,Tata,2018,1250000,Third Party,17.6
Bangalore,Diesel,SUV,76836,Manual,2nd Owner,Maruti,2016,751000,Third Party,23.65
Bangalore,Petrol,Hatchback,27000,Automatic,2nd Owner,Honda,2015,535000,Comprehensive,16.5
Bangalore,Petrol,Sedan,33222,Automatic,1st Owner,Hyundai,2017,1035000,Zero Dep,17
Bangalore,Petrol,Hatchback,47333,Manual,1st Owner,Hyundai,2013,328000,Comprehensive,19.81
Bangalore,Petrol,Hatchback,20000,Automatic,1st Owner,Hyundai,2021,725000,Third Party,20.7
Bangalore,Petrol,Sedan,46000,Manual,1st Owner,Hyundai,2017,740000,Comprehensive,17.01
Bangalore,Diesel,MUV,68000,Manual,1st Owner,Toyota,2012,875000,Third Party,12.99
Bangalore,Petrol,Hatchback,40000,Manual,2nd Owner,Nissan,2015,480000,Third Party,19.69
Bangalore,Diesel,Sedan,90000,Manual,2nd Owner,Mitsubishi,2001,76000,Comprehensive,14.8
Bangalore,Petrol,Sedan,80000,Manual,1st Owner,Ford,2010,190000,Third Party,15.3
Bangalore,Petrol,Hatchback,90000,Manual,4th Owner,Hyundai,2010,210000,Third Party,19.81
Bangalore,Diesel,Hatchback,80000,Manual,1st Owner,Maruti,2014,480000,Third Party,25.2
Bangalore,Diesel,Sedan,150000,Manual,2nd Owner,Hyundai,2012,380000,Third Party,22.32
Bangalore,Petrol,SUV,20000,Manual,1st Owner,Tata,2022,1280000,Third Party,17.57
Bangalore,Petrol,SUV,43791,Automatic,1st Owner,Ford,2016,770000,Comprehensive,15.63
Bangalore,Petrol,Hatchback,87660,Automatic,1st Owner,Maruti,2018,599000,Third Party,22.56
Bangalore,Diesel,SUV,90000,Automatic,5th Owner,Mahindra,2016,800000,Third Party,16
Bangalore,Petrol,Hatchback,71938,Manual,3rd Owner,Hyundai,2011,232000,Comprehensive,17.92
Bangalore,Petrol,Sedan,104938,Manual,2nd Owner,Hyundai,2013,525000,Comprehensive,17.01
Bangalore,Petrol,Sedan,30000,Manual,1st Owner,Honda,2020,950000,Third Party,17.4
Bangalore,Petrol,Sedan,124707,Manual,2nd Owner,Skoda,2017,635000,Third Party,15.41
Bangalore,Diesel,Hatchback,70000,Manual,2nd Owner,Volkswagen,2012,400000,Third Party,22.07
Bangalore,Petrol,SUV,88556,Manual,1st Owner,Hyundai,2017,966000,Comprehensive,13
Bangalore,Diesel,SUV,48743,Manual,1st Owner,Ford,2017,781000,Comprehensive,22.77
Bangalore,Diesel,SUV,100000,Automatic,2nd Owner,BMW,2016,2800000,Third Party,18.56
Bangalore,Petrol,Sedan,100000,Manual,2nd Owner,Skoda,2012,385000,Third Party,13.7
Bangalore,Diesel,SUV,120000,Manual,4th Owner,Mahindra,2012,600000,Third Party,15.1
Bangalore,Diesel,SUV,70000,Manual,2nd Owner,Mahindra,2016,600000,Third Party,18.49
Bangalore,Petrol,Sedan,90000,Manual,2nd Owner,Skoda,2012,365000,Third Party,13.7
Bangalore,Diesel,Pickup Trucks,70000,Manual,1st Owner,Mahindra,2019,749000,Third Party,18.56
Bangalore,Diesel,Hatchback,120000,Manual,1st Owner,Fiat,2014,350000,Third Party,20.3
Bangalore,Petrol,SUV,20000,Automatic,1st Owner,Hyundai,2022,2350000,Third Party,14.2
Bangalore,Petrol,Hatchback,20000,Manual,1st Owner,Hyundai,2020,700000,Third Party,18.6
Bangalore,Petrol,Hatchback,50000,Manual,2nd Owner,Hyundai,2012,230000,Third Party,21.1
Bangalore,Petrol,SUV,51338,Manual,1st Owner,Honda,2018,875000,Comprehensive,17.5
Bangalore,Petrol,SUV,97334,Manual,1st Owner,Hyundai,2017,925000,Comprehensive,15.29
Bangalore,Petrol,Hatchback,20000,Manual,1st Owner,Hyundai,2020,700000,Third Party,18.6
Bangalore,Petrol,SUV,53031,Manual,2nd Owner,Hyundai,2016,930000,Comprehensive,13
Bangalore,Petrol,SUV,51580,Manual,2nd Owner,Hyundai,2016,898000,Comprehensive,13
Bangalore,Diesel,Sedan,57000,Automatic,2nd Owner,Mercedes-Benz,2017,2395000,Comprehensive,17.9
Bangalore,Petrol,Hatchback,23920,Manual,1st Owner,Maruti,2020,449000,Third Party,21.7
Bangalore,Diesel,SUV,65000,Automatic,1st Owner,Hyundai,2018,1485000,Comprehensive,17.01
Bangalore,Petrol,Hatchback,66434,Manual,2nd Owner,Honda,2012,335000,Comprehensive,19.4
Bangalore,Petrol,SUV,54097,Manual,1st Owner,Honda,2017,825000,Comprehensive,17.5
Bangalore,Petrol,Hatchback,27655,Automatic,1st Owner,Toyota,2021,935000,Third Party,19.56
Bangalore,Diesel,Sedan,14955,Automatic,1st Owner,BMW,2018,3825000,Third Party,21.76
Bangalore,Petrol,SUV,10000,Automatic,1st Owner,Hyundai,2022,2350000,Third Party,14.2
Bangalore,Petrol,SUV,50000,Automatic,1st Owner,Volkswagen,2020,2500000,Third Party,18.4
Bangalore,Petrol,SUV,10000,Manual,1st Owner,Kia,2022,1540000,Third Party,16.8
Bangalore,Diesel,SUV,70000,Automatic,2nd Owner,Hyundai,2019,1290000,Third Party,17.6
Bangalore,Diesel,Sedan,150000,Manual,3rd Owner,Hyundai,2007,50000,Third Party,14.9
Bangalore,Petrol,SUV,10000,Manual,2nd Owner,Kia,2021,1025000,Third Party,18.2
Bangalore,Diesel,Sedan,110000,Manual,3rd Owner,Honda,2016,600000,Third Party,26
Bangalore,Petrol,Minivans,30000,Manual,1st Owner,Maruti,2020,435000,Third Party,16.11
Bangalore,Petrol,SUV,14338,Manual,2nd Owner,Honda,2017,808000,Third Party,17.5
Bangalore,Petrol,Minivans,30000,Manual,1st Owner,Maruti,2020,435000,Third Party,16.11
Bangalore,Petrol,Hatchback,73799,Manual,2nd Owner,Maruti,2011,278000,Comprehensive,18.9
Bangalore,Petrol,SUV,39139,Automatic,1st Owner,Mahindra,2021,1261000,Comprehensive,16.5
Bangalore,Petrol,SUV,20000,Manual,1st Owner,Hyundai,2020,850000,Third Party,17.52
Bangalore,Petrol,Hatchback,89633,Manual,2nd Owner,Hyundai,2014,270000,Third Party,21.1
Bangalore,Diesel,SUV,70000,Automatic,3rd Owner,BMW,2011,1000000,Third Party,17.05
Bangalore,Petrol,MUV,16826,Manual,2nd Owner,Maruti,2017,845000,Comprehensive,20.51
Bangalore,Petrol,Hatchback,25133,Manual,2nd Owner,Maruti,2017,508000,Third Party,20.89
Bangalore,Petrol,Hatchback,80000,Manual,1st Owner,Maruti,2018,340000,Third Party,24.7
Bangalore,Petrol,SUV,25000,Automatic,1st Owner,Volvo,2020,3900000,Comprehensive,18.9
Bangalore,Diesel,MUV,90000,Manual,1st Owner,Toyota,2014,1225000,Third Party,12.99
Bangalore,Diesel,MUV,90000,Manual,1st Owner,Toyota,2014,1275000,Third Party,12.99
Bangalore,Petrol,SUV,10000,Automatic,1st Owner,Jeep,2022,2900000,Third Party,14.1
Bangalore,Petrol,SUV,70000,Manual,2nd Owner,Mahindra,2019,800000,Third Party,17
Bangalore,Diesel,Sedan,110000,Automatic,1st Owner,Mercedes-Benz,2016,2800000,Third Party,13
Bangalore,Petrol,Hatchback,20000,Manual,2nd Owner,Hyundai,2006,150000,Third Party,22.7
Bangalore,Petrol,SUV,10000,Manual,1st Owner,Nissan,2021,638000,Third Party,18.75
Bangalore,Petrol,Hatchback,20000,Manual,2nd Owner,Datsun,2019,315000,Third Party,22.7
Bangalore,Diesel,SUV,34990,Manual,1st Owner,Kia,2020,1328000,Comprehensive,12.99
Bangalore,Petrol,Hatchback,33210,Automatic,1st Owner,Maruti,2016,490000,Comprehensive,23.1
Bangalore,Diesel,Sedan,80000,Manual,2nd Owner,Hyundai,2020,1050000,Third Party,22
Bangalore,Petrol,Hatchback,28051,Automatic,2nd Owner,Maruti,2015,430000,Comprehensive,26.68
Bangalore,Petrol,MUV,22280,Automatic,1st Owner,Kia,2022,1724000,Comprehensive,16.5
Bangalore,Diesel,Hatchback,120000,Manual,2nd Owner,Maruti,2007,270000,Third Party,17.8
Bangalore,Petrol,Hatchback,21193,Manual,1st Owner,Hyundai,2017,517000,Comprehensive,18.9
Bangalore,Petrol,Sedan,120000,Automatic,2nd Owner,Skoda,2010,400000,Third Party,12
Bangalore,Petrol,Hatchback,7150,Manual,1st Owner,Hyundai,2021,627000,Third Party,20.7
Bangalore,Petrol,Hatchback,13262,Manual,1st Owner,Tata,2016,510000,Third Party,23.84
Bangalore,Diesel,Sedan,100000,Manual,3rd Owner,Chevrolet,2012,250000,Third Party,17.3
Bangalore,Diesel,SUV,100000,Automatic,4th Owner,BMW,2012,1600000,Third Party,16.09
Bangalore,Petrol,Hatchback,100000,Manual,2nd Owner,Maruti,2016,575000,Third Party,21.4
Bangalore,Diesel,MUV,90000,Manual,1st Owner,Chevrolet,2014,410000,Third Party,18.2
Bangalore,Petrol,SUV,40000,Automatic,2nd Owner,Tata,2018,925000,Third Party,17
Bangalore,Diesel,Hatchback,50000,Manual,2nd Owner,Hyundai,2013,475000,Third Party,21.9
Bangalore,Petrol,Hatchback,50000,Manual,3rd Owner,Tata,2015,185000,Third Party,25.4
Bangalore,Petrol,Hatchback,50000,Manual,3rd Owner,Hyundai,2008,225000,Third Party,17.92
Bangalore,Petrol,SUV,21000,Automatic,1st Owner,Volkswagen,2021,3275000,Comprehensive,17.01
Bangalore,Diesel,SUV,38000,Automatic,1st Owner,Volvo,2019,3750000,Comprehensive,18
Bangalore,Petrol,MUV,61902,Manual,1st Owner,Renault,2019,514000,Third Party,20
Bangalore,Petrol,Hatchback,38396,Automatic,1st Owner,Datsun,2018,347000,Comprehensive,23
Bangalore,Petrol,Sedan,30000,Manual,3rd Owner,Honda,2004,100000,Third Party,12.8
Bangalore,Petrol,SUV,7561,Manual,1st Owner,Kia,2022,1329000,Comprehensive,18.2
Bangalore,Petrol,Hatchback,30000,Manual,1st Owner,Hyundai,2017,300000,Third Party,21.1
Bangalore,Petrol,Sedan,6731,Manual,1st Owner,Skoda,2022,1358000,Third Party,19.47
Bangalore,Petrol,SUV,20000,Manual,1st Owner,Jeep,2019,1500000,Third Party,16
Bangalore,Petrol,Hatchback,55567,Automatic,1st Owner,Maruti,2018,642000,Third Party,21.21
Bangalore,Petrol,SUV,48938,Automatic,2nd Owner,Renault,2021,911000,Third Party,18.24
Bangalore,Diesel,Hatchback,80000,Manual,2nd Owner,Maruti,2017,550000,Third Party,28.4
Bangalore,Diesel,SUV,80000,Manual,1st Owner,Renault,2013,420000,Third Party,19.01
Bangalore,Petrol,Hatchback,10000,Manual,1st Owner,Ford,2010,450000,Third Party,15.6
Bangalore,Petrol,SUV,10000,Manual,1st Owner,Kia,2022,1565000,Third Party,16.8
Bangalore,Petrol,Hatchback,60000,Manual,2nd Owner,Tata,2016,450000,Third Party,23.84
Bangalore,Petrol,Sedan,71545,Automatic,1st Owner,Ford,2015,460000,Comprehensive,17.01
Bangalore,Petrol,Hatchback,60000,Manual,1st Owner,Hyundai,2007,200000,Third Party,22.84
Bangalore,Diesel,SUV,80000,Automatic,2nd Owner,Mahindra,2016,679000,Third Party,18.49
Bangalore,Cng,Minivans,120000,Manual,5th Owner,Maruti,2015,230000,Third Party,10.9
Bangalore,Petrol,SUV,60000,Manual,1st Owner,Kia,2020,1200000,Third Party,16.8
Bangalore,Petrol,Hatchback,56577,Automatic,1st Owner,Hyundai,2016,543000,Comprehensive,18.9
Bangalore,Petrol,SUV,56974,Automatic,2nd Owner,Hyundai,2018,1035000,Comprehensive,13
Bangalore,Petrol,SUV,10000,Manual,1st Owner,Hyundai,2021,1150000,Third Party,18
Bangalore,Petrol,Hatchback,40344,Manual,1st Owner,Hyundai,2013,479000,Comprehensive,18.5
Bangalore,Diesel,SUV,36216,Manual,3rd Owner,Ford,2018,736000,Comprehensive,23
Bangalore,Petrol,Hatchback,10000,Automatic,1st Owner,Renault,2022,530000,Third Party,22
Bangalore,Petrol,SUV,45965,Manual,2nd Owner,Hyundai,2017,880000,Comprehensive,15.29
Bangalore,Petrol,MUV,10000,Automatic,1st Owner,Toyota,2021,2600000,Third Party,8
Bangalore,Petrol,Sedan,74982,Automatic,1st Owner,Honda,2016,789000,Comprehensive,18
Bangalore,Petrol,SUV,21925,Automatic,1st Owner,Tata,2020,1030000,Comprehensive,17
Bangalore,Diesel,Sedan,120000,Automatic,1st Owner,Skoda,2015,600000,Third Party,21.66
Bangalore,Petrol,Sedan,70000,Manual,2nd Owner,Honda,2010,250000,Third Party,17
Bangalore,Diesel,Sedan,80000,Manual,3rd Owner,Honda,2014,390000,Third Party,25.8
Bangalore,Petrol,Hatchback,90000,Manual,2nd Owner,Maruti,2009,280000,Third Party,16.1
Bangalore,Petrol,SUV,20000,Manual,1st Owner,Nissan,2021,920000,Third Party,18.75
Bangalore,Diesel,SUV,50000,Automatic,1st Owner,Mahindra,2021,1600000,Third Party,22.15
Bangalore,Petrol,SUV,10000,Manual,1st Owner,Nissan,2021,650000,Third Party,18.75
Bangalore,Petrol,Hatchback,80000,Manual,4th Owner,Hyundai,2010,240000,Third Party,20.36
Bangalore,Diesel,SUV,61000,Automatic,1st Owner,Land Rover,2018,4445000,Comprehensive,12.51
Bangalore,Diesel,MUV,50000,Manual,1st Owner,Mahindra,2019,1350000,Third Party,17.3
Bangalore,Petrol,Hatchback,50406,Manual,1st Owner,Maruti,2015,312000,Comprehensive,22.05
Bangalore,Petrol,Hatchback,26483,Manual,1st Owner,Hyundai,2017,582000,Comprehensive,18.9
Bangalore,Diesel,Hatchback,80000,Manual,2nd Owner,Tata,2015,150000,Third Party,25
Bangalore,Petrol,SUV,12104,Manual,1st Owner,Mahindra,2018,618000,Comprehensive,18.15
Bangalore,Petrol,Hatchback,23721,Automatic,1st Owner,Honda,2021,916000,Comprehensive,17.1
Bangalore,Diesel,Hatchback,80000,Manual,1st Owner,Ford,2012,300000,Third Party,20
Bangalore,Petrol,Hatchback,8212,Manual,1st Owner,Maruti,2022,555000,Comprehensive,21.7
Bangalore,Diesel,Sedan,80000,Automatic,3rd Owner,Skoda,2011,500000,Third Party,11.9
Bangalore,Petrol,Hatchback,9358,Automatic,1st Owner,Maruti,2021,950000,Comprehensive,21.4
Bangalore,Petrol,Sedan,62011,Manual,1st Owner,Maruti,2016,608000,Comprehensive,22.41
Bangalore,Diesel,Sedan,120000,Manual,2nd Owner,Tata,2011,125000,Third Party,17
Bangalore,Petrol,Sedan,90000,Automatic,2nd Owner,Jaguar,2011,1700000,Third Party,10.5
Bangalore,Petrol,Sedan,90000,Automatic,2nd Owner,Jaguar,2011,1700000,Third Party,10.5
Bangalore,Diesel,Hatchback,50000,Manual,1st Owner,Ford,2013,225000,Third Party,20
Bangalore,Diesel,Hatchback,100000,Manual,2nd Owner,Skoda,2010,249000,Third Party,19.4
Bangalore,Diesel,SUV,100000,Manual,1st Owner,Tata,2008,150000,Third Party,14.4
Bangalore,Diesel,Sedan,120000,Manual,5th Owner,Mitsubishi,2002,130000,Third Party,14.8
Bangalore,Petrol,Sedan,80000,Automatic,2nd Owner,Ford,2000,50000,Zero Dep,9
Bangalore,Petrol,Sedan,50000,Manual,2nd Owner,Honda,2015,375000,Third Party,18
Bangalore,Petrol,Hatchback,10000,Manual,1st Owner,Renault,2022,550000,Third Party,21.74
Bangalore,Petrol,Hatchback,38771,Manual,1st Owner,Hyundai,2019,590000,Comprehensive,18.9
Bangalore,Petrol,Hatchback,42174,Automatic,1st Owner,Maruti,2018,511000,Comprehensive,21.63
Bangalore,Diesel,Sedan,120000,Manual,1st Owner,Tata,2017,260000,Third Party,19.09
Bangalore,Petrol,Hatchback,43199,Manual,1st Owner,Renault,2017,381000,Comprehensive,23.01
Bangalore,Diesel,SUV,65000,Manual,2nd Owner,Mahindra,2014,819000,Third Party,15.1
Bangalore,Petrol,Hatchback,20000,Manual,1st Owner,Maruti,2016,575000,Third Party,21.4
Bangalore,Petrol,Hatchback,10155,Manual,2nd Owner,Renault,2019,428000,Third Party,22.25
Bangalore,Petrol,Hatchback,110654,Manual,2nd Owner,Hyundai,2006,195000,Comprehensive,18.9
Bangalore,Petrol,Hatchback,50704,Manual,1st Owner,Maruti,2020,696000,Third Party,21.21
Bangalore,Petrol,Hatchback,34725,Manual,1st Owner,Hyundai,2020,740000,Comprehensive,20.7
Bangalore,Diesel,SUV,90000,Manual,2nd Owner,Mahindra,2013,825000,Third Party,15.1
Bangalore,Petrol,Hatchback,30000,Manual,1st Owner,Hyundai,2011,300000,Third Party,19.81
Bangalore,Diesel,Hatchback,60000,Manual,1st Owner,Tata,2016,500000,Third Party,27.28
Bangalore,Diesel,Sedan,120000,Manual,2nd Owner,Nissan,2013,230000,Third Party,21.64
Bangalore,Petrol,Sedan,80000,Manual,2nd Owner,Ford,2004,75000,Third Party,14.2
Bangalore,Petrol,Sedan,60000,Manual,1st Owner,Hyundai,2009,260000,Third Party,13.2
Bangalore,Petrol,Hatchback,57709,Manual,1st Owner,Maruti,2008,240000,Comprehensive,18.9
Bangalore,Petrol,SUV,20000,Manual,1st Owner,Mahindra,2022,1500000,Third Party,15.2
Bangalore,Petrol,Hatchback,90000,Manual,1st Owner,Hyundai,2010,275000,Third Party,20.36
Bangalore,Diesel,Sedan,60000,Automatic,2nd Owner,Jaguar,2014,2000000,Third Party,16.36
Bangalore,Diesel,SUV,26224,Manual,2nd Owner,Mahindra,2016,1013000,Comprehensive,16
Bangalore,Petrol,Sedan,32196,Manual,2nd Owner,Honda,2016,677000,Comprehensive,17.8
Bangalore,Diesel,MUV,120000,Manual,1st Owner,Maruti,2016,900000,Third Party,24.52
Bangalore,Petrol,Hatchback,56672,Manual,3rd Owner,Hyundai,2017,591000,Third Party,18.6
Bangalore,Petrol,Hatchback,21226,Manual,1st Owner,Maruti,2020,428000,Comprehensive,21.7
Bangalore,Diesel,SUV,105000,Manual,2nd Owner,Toyota,2010,1145000,Comprehensive,11.5
Bangalore,Petrol,Hatchback,10346,Manual,1st Owner,Hyundai,2022,697000,Third Party,20.7
Bangalore,Petrol,Sedan,30000,Automatic,3rd Owner,Maruti,2020,630000,Third Party,22.61
Bangalore,Petrol,Hatchback,16679,Manual,1st Owner,Maruti,2021,429000,Third Party,22.05
Bangalore,Petrol,Hatchback,15437,Manual,2nd Owner,Maruti,2016,464000,Comprehensive,25.24
Bangalore,Petrol,MUV,40000,Manual,1st Owner,Renault,2019,750000,Third Party,20
Bangalore,Petrol,SUV,30000,Automatic,2nd Owner,Hyundai,2019,1100000,Third Party,18.15
Bangalore,Diesel,Sedan,90000,Manual,1st Owner,Hyundai,2014,700000,Third Party,22.7
Bangalore,Diesel,Sedan,110000,Automatic,2nd Owner,Mercedes-Benz,2013,1100000,Third Party,15.8
Bangalore,Petrol,SUV,20000,Manual,1st Owner,Skoda,2022,1695000,Comprehensive,18.09
Bangalore,Diesel,SUV,120000,Automatic,1st Owner,Audi,2011,2000000,Third Party,12.07
Bangalore,Petrol,Minivans,10000,Manual,1st Owner,Maruti,2021,500000,Third Party,16.11
Bangalore,Petrol,SUV,110000,Manual,3rd Owner,Honda,2005,200000,Third Party,11.1
Bangalore,Diesel,Sedan,120000,Automatic,1st Owner,Jaguar,2017,2700000,Third Party,19.33
Bangalore,Petrol,Hatchback,50000,Manual,1st Owner,Datsun,2020,360000,Third Party,21.7
Bangalore,Petrol,Hatchback,15017,Manual,1st Owner,Honda,2017,733000,Comprehensive,18.7
Bangalore,Petrol,Hatchback,75283,Manual,1st Owner,Maruti,2013,375000,Comprehensive,18.9
Bangalore,Diesel,SUV,54568,Manual,2nd Owner,Tata,2021,1885000,Third Party,16.35
Bangalore,Petrol,Hatchback,14516,Manual,1st Owner,Hyundai,2016,657000,Comprehensive,18.6
Bangalore,Petrol,Hatchback,53627,Automatic,1st Owner,Maruti,2019,729000,Comprehensive,21.4
Bangalore,Petrol,Sedan,20000,Manual,1st Owner,Tata,2021,800000,Third Party,19.28
Bangalore,Petrol,Hatchback,5083,Automatic,2nd Owner,Renault,2019,501000,Third Party,23.01
Bangalore,Diesel,SUV,100000,Manual,2nd Owner,Mahindra,2016,650000,Third Party,18.49
Bangalore,Petrol,Sedan,50666,Automatic,1st Owner,Honda,2017,1005000,Third Party,18
Bangalore,Petrol,SUV,16962,Manual,1st Owner,Tata,2022,1193000,Third Party,17.57
Bangalore,Petrol,Hatchback,10000,Manual,1st Owner,Volkswagen,2019,900000,Third Party,18.78
Bangalore,Diesel,SUV,10000,Manual,1st Owner,Mahindra,2022,2150000,Third Party,18.9
Bangalore,Petrol,Hatchback,70446,Automatic,1st Owner,Volkswagen,2017,925000,Comprehensive,17.21
Bangalore,Petrol,Hatchback,60528,Automatic,2nd Owner,Volkswagen,2017,865000,Third Party,17.21
Bangalore,Petrol,SUV,7132,Manual,1st Owner,Volkswagen,2021,1585000,Comprehensive,20.08
Bangalore,Diesel,Sedan,100000,Manual,5th Owner,Ford,2009,120000,Third Party,17.8
Bangalore,Diesel,SUV,80000,Automatic,3rd Owner,Mercedes-Benz,2012,1800000,Third Party,11.74
Bangalore,Petrol,SUV,30000,Automatic,1st Owner,Mercedes-Benz,2018,7000000,Third Party,8.9
Bangalore,Diesel,Hatchback,120000,Manual,3rd Owner,Tata,2015,195000,Third Party,17.88
Bangalore,Petrol,Hatchback,21280,Manual,1st Owner,Hyundai,2018,799000,Comprehensive,18.6
Bangalore,Petrol,SUV,82021,Automatic,1st Owner,Ford,2017,689000,Zero Dep,15.63
Bangalore,Petrol,SUV,18998,Manual,1st Owner,Tata,2023,1068000,Third Party,17.33
Bangalore,Diesel,SUV,56189,Manual,1st Owner,Jeep,2018,1799000,Third Party,16.3
Bangalore,Petrol,Hatchback,57644,Manual,2nd Owner,Maruti,2020,383000,Third Party,21.7
Bangalore,Petrol,Hatchback,51286,Manual,2nd Owner,Maruti,2018,327000,Comprehensive,24.7
Bangalore,Diesel,SUV,120000,Manual,1st Owner,Mahindra,2012,195000,Third Party,17.21
Bangalore,Petrol,Hatchback,27937,Manual,1st Owner,Hyundai,2019,639000,Third Party,20.7
Bangalore,Diesel,SUV,64000,Manual,2nd Owner,Renault,2013,575000,Comprehensive,20.45
Bangalore,Petrol,SUV,40031,Manual,2nd Owner,Ford,2017,660000,Comprehensive,15.85
Bangalore,Petrol,Hatchback,47619,Manual,2nd Owner,Maruti,2017,325000,Comprehensive,22.05
Bangalore,Petrol,Hatchback,90000,Manual,5th Owner,Hyundai,2009,225000,Third Party,17
Bangalore,Petrol,SUV,20000,Automatic,1st Owner,Toyota,2022,1075000,Third Party,18.76
Bangalore,Petrol,SUV,20000,Manual,1st Owner,Toyota,2022,975000,Third Party,17.03
Bangalore,Petrol,Hatchback,70000,Manual,3rd Owner,Hyundai,2010,300000,Third Party,20.36
Bangalore,Diesel,Sedan,110000,Manual,3rd Owner,Maruti,2011,290000,Third Party,21.5
Bangalore,Petrol,Hatchback,40000,Manual,3rd Owner,Honda,2012,260000,Third Party,19.4
Bangalore,Diesel,Sedan,100000,Manual,3rd Owner,Nissan,2012,360000,Third Party,21.64
Bangalore,Diesel,SUV,10000,Automatic,4th Owner,BMW,2013,1500000,Third Party,16.55
Bangalore,Petrol,Hatchback,60000,Manual,4th Owner,Hyundai,2017,250000,Third Party,21.1
Bangalore,Petrol,SUV,24000,Automatic,1st Owner,Mahindra,2021,1774000,Comprehensive,18.9
Bangalore,Petrol,SUV,30535,Manual,2nd Owner,Hyundai,2020,1073000,Third Party,18
Bangalore,Petrol,Hatchback,20229,Manual,2nd Owner,Maruti,2017,349000,Third Party,23.95
Bangalore,Petrol,Hatchback,35800,Manual,1st Owner,Maruti,2018,485000,Third Party,21.63
Bangalore,Petrol,Hatchback,11453,Manual,1st Owner,Maruti,2021,591000,Comprehensive,20.52
Bangalore,Petrol,Hatchback,35410,Manual,1st Owner,Hyundai,2016,657000,Comprehensive,18.6
Bangalore,Petrol,Hatchback,50000,Manual,1st Owner,Maruti,2009,210000,Third Party,19.7
Bangalore,Petrol,Hatchback,49948,Automatic,1st Owner,Hyundai,2018,591000,Third Party,18.9
Bangalore,Diesel,Hatchback,77000,Manual,2nd Owner,Volkswagen,2014,510000,Comprehensive,22.07
Bangalore,Petrol,Hatchback,48285,Manual,1st Owner,Hyundai,2017,658000,Comprehensive,18.6
Bangalore,Petrol,Hatchback,19062,Manual,1st Owner,Renault,2021,514000,Comprehensive,21.74
Bangalore,Petrol,Hatchback,70000,Automatic,2nd Owner,Hyundai,2011,330000,Third Party,16.95
Bangalore,Diesel,Sedan,120000,Automatic,2nd Owner,Mercedes-Benz,2015,2250000,Third Party,13
Bangalore,Petrol,Hatchback,10000,Manual,1st Owner,Citroen,2022,950000,Third Party,19.3
Bangalore,Petrol,Hatchback,80000,Manual,3rd Owner,Volkswagen,2014,495000,Third Party,16.47
Bangalore,Petrol,Hatchback,80000,Manual,2nd Owner,Fiat,2007,110000,Third Party,15.5
Bangalore,Petrol,Sedan,87000,Manual,1st Owner,Toyota,2011,330000,Comprehensive,17.6
Bangalore,Diesel,Sedan,80000,Automatic,1st Owner,Volkswagen,2016,775000,Third Party,22.15
Bangalore,Petrol,Hatchback,110000,Manual,2nd Owner,Maruti,2010,260000,Third Party,18.9
Bangalore,Petrol,Sedan,90000,Automatic,3rd Owner,Honda,2009,300000,Third Party,16.8
Bangalore,Petrol,Hatchback,30000,Automatic,1st Owner,Maruti,2019,650000,Third Party,21.21
Bangalore,Petrol,Hatchback,56276,Manual,1st Owner,Maruti,2016,375000,Comprehensive,23.95
Bangalore,Petrol,Hatchback,27103,Manual,1st Owner,Hyundai,2016,647000,Comprehensive,18.6
Bangalore,Diesel,Hatchback,80000,Manual,2nd Owner,Ford,2011,245000,Third Party,20
Bangalore,Petrol,Hatchback,46507,Automatic,1st Owner,Maruti,2017,591000,Zero Dep,20.89
Bangalore,Petrol,Hatchback,30000,Manual,1st Owner,Hyundai,2018,575000,Third Party,18.9
Bangalore,Petrol,Sedan,39070,Manual,1st Owner,Maruti,2017,659000,Zero Dep,21.21
Bangalore,Diesel,Sedan,120000,Manual,1st Owner,Toyota,2019,720000,Third Party,23.59
Bangalore,Petrol,Hatchback,22438,Manual,1st Owner,Maruti,2020,733000,Third Party,21.01
Bangalore,Petrol,Hatchback,21225,Automatic,2nd Owner,Maruti,2020,867000,Zero Dep,21.4
Bangalore,Petrol,Hatchback,28737,Automatic,1st Owner,Honda,2019,850000,Comprehensive,18.2
Bangalore,Petrol,SUV,20000,Manual,1st Owner,Renault,2021,920000,Third Party,20.5
Bangalore,Diesel,Hatchback,30000,Manual,1st Owner,Hyundai,2019,720000,Third Party,22.54
Bangalore,Petrol,Hatchback,70000,Manual,3rd Owner,Chevrolet,2009,120000,Third Party,18
Bangalore,Diesel,Sedan,120000,Automatic,2nd Owner,Mercedes-Benz,2010,650000,Third Party,14.84
Bangalore,Petrol,Hatchback,80000,Manual,2nd Owner,Hyundai,2012,350000,Third Party,18.5
Bangalore,Diesel,Hatchback,100000,Manual,2nd Owner,Volkswagen,2010,360000,Third Party,22.07
Bangalore,Diesel,Sedan,80000,Automatic,1st Owner,Audi,2013,1600000,Third Party,17.68
Bangalore,Petrol,Hatchback,40000,Manual,3rd Owner,Maruti,2009,200000,Third Party,19.5
Bangalore,Diesel,Sedan,70000,Manual,1st Owner,Skoda,2018,1600000,Third Party,21
Bangalore,Diesel,Hatchback,90106,Manual,2nd Owner,Hyundai,2013,381000,Third Party,21.9
Bangalore,Petrol,Sedan,50000,Manual,1st Owner,Skoda,2009,400000,Third Party,13.7
Bangalore,Petrol,Hatchback,138175,Automatic,1st Owner,Maruti,2016,389000,Zero Dep,26.68
Bangalore,Petrol,Hatchback,55609,Manual,1st Owner,Renault,2019,445000,Third Party,23.01
Bangalore,Diesel,Hatchback,120000,Manual,3rd Owner,Tata,2015,186000,Third Party,17.88
Bangalore,Petrol,Hatchback,56410,Automatic,1st Owner,Maruti,2018,642000,Comprehensive,22.56
Bangalore,Petrol,Hatchback,30000,Manual,1st Owner,Maruti,2022,725000,Third Party,22.35
Bangalore,Petrol,Hatchback,77593,Manual,1st Owner,Hyundai,2017,616000,Comprehensive,18.6
Bangalore,Petrol,SUV,49538,Manual,1st Owner,Honda,2018,694000,Third Party,17.5
Bangalore,Diesel,Sedan,87000,Manual,4th Owner,Chevrolet,2012,400000,Third Party,17.3
Bangalore,Diesel,SUV,80000,Manual,1st Owner,Mahindra,2016,650000,Third Party,15.96
Bangalore,Petrol,Hatchback,50000,Manual,2nd Owner,Datsun,2018,300000,Third Party,22.5
Bangalore,Diesel,Hatchback,120000,Manual,1st Owner,Maruti,2012,400000,Third Party,22.9
Bangalore,Petrol,Hatchback,30000,Manual,1st Owner,Maruti,2018,649000,Third Party,22
Bangalore,Diesel,Hatchback,100000,Manual,2nd Owner,Volkswagen,2010,360000,Third Party,22.07
Bangalore,Diesel,Hatchback,100000,Manual,2nd Owner,Volkswagen,2010,360000,Third Party,22.07
Bangalore,Petrol,Hatchback,120000,Manual,3rd Owner,Hyundai,2010,240000,Third Party,17.92
Bangalore,Petrol,Hatchback,30000,Automatic,1st Owner,Hyundai,2021,800000,Third Party,20.7
Bangalore,Diesel,Hatchback,100000,Manual,1st Owner,Maruti,2009,350000,Third Party,17.8
Bangalore,Petrol,Hatchback,41268,Manual,2nd Owner,Maruti,2016,415000,Third Party,25.24
Bangalore,Petrol,Hatchback,60020,Manual,1st Owner,Maruti,2011,384000,Comprehensive,22.38
Bangalore,Diesel,SUV,120000,Manual,1st Owner,Mahindra,2015,900000,Third Party,16
Bangalore,Diesel,Hatchback,32148,Manual,1st Owner,Hyundai,2016,782000,Third Party,22.54
Bangalore,Petrol,Hatchback,69565,Automatic,1st Owner,Maruti,2016,463000,Comprehensive,26
Bangalore,Diesel,Hatchback,60000,Manual,1st Owner,Honda,2017,660000,Third Party,27.3
Bangalore,Petrol,Hatchback,26007,Automatic,1st Owner,Maruti,2018,663000,Comprehensive,22.56
Bangalore,Petrol,SUV,30000,Manual,2nd Owner,Ford,2018,900000,Third Party,18.88
Bangalore,Petrol,Hatchback,134850,Manual,2nd Owner,Maruti,2010,316000,Comprehensive,22.38
Bangalore,Petrol,Hatchback,44385,Manual,1st Owner,Maruti,2015,436000,Comprehensive,25.24
Bangalore,Diesel,SUV,120000,Manual,2nd Owner,Tata,2009,280000,Third Party,13.93
Bangalore,Diesel,SUV,30000,Manual,1st Owner,Hyundai,2018,1350000,Third Party,19.67
Bangalore,Diesel,Sedan,87000,Automatic,3rd Owner,BMW,2011,975000,Third Party,13.2
Bangalore,Petrol,Sedan,102662,Automatic,1st Owner,Honda,2014,520000,Comprehensive,18
Bangalore,Petrol,SUV,13802,Automatic,1st Owner,Skoda,2022,1765000,Comprehensive,17.2
Bangalore,Diesel,Hatchback,90000,Manual,4th Owner,Ford,2011,175000,Third Party,20
Bangalore,Petrol,Hatchback,40000,Manual,2nd Owner,Hyundai,2011,400000,Third Party,17
Bangalore,Petrol,Sedan,65000,Automatic,2nd Owner,Mercedes-Benz,2011,950000,Third Party,14.74
Bangalore,Petrol,SUV,42000,Manual,1st Owner,Kia,2020,1595000,Comprehensive,16.1
Bangalore,Petrol,Hatchback,13444,Automatic,2nd Owner,Hyundai,2017,593000,Comprehensive,18.9
Bangalore,Diesel,SUV,56226,Manual,1st Owner,Mahindra,2019,1057000,Third Party,20
Bangalore,Petrol,Hatchback,8733,Automatic,1st Owner,Renault,2020,560000,Third Party,22
Bangalore,Petrol,Sedan,57963,Automatic,1st Owner,Honda,2020,1264000,Comprehensive,18.3
Bangalore,Petrol,Sedan,19508,Automatic,1st Owner,Honda,2022,1666000,Comprehensive,16.4
Bangalore,Petrol,Sedan,49423,Manual,1st Owner,Honda,2018,789000,Third Party,17.4
Bangalore,Petrol,Hatchback,78622,Manual,2nd Owner,Maruti,2012,459000,Comprehensive,22.38
Bangalore,Diesel,SUV,18025,Manual,1st Owner,Hyundai,2022,1275000,Third Party,18.9
Bangalore,Petrol,Sedan,68220,Manual,1st Owner,Honda,2010,375000,Comprehensive,17
Bangalore,Diesel,SUV,6000,Automatic,1st Owner,Jeep,2022,3875000,Comprehensive,18.9
Bangalore,Diesel,SUV,59889,Manual,1st Owner,Mahindra,2018,985000,Third Party,16.55
Bangalore,Diesel,Sedan,11000,Automatic,2nd Owner,Jaguar,2019,3775000,Comprehensive,13.5
Bangalore,Petrol,Hatchback,38500,Manual,1st Owner,Hyundai,2019,825000,Comprehensive,18.6
Bangalore,Diesel,SUV,120000,Automatic,2nd Owner,Toyota,2013,1625000,Comprehensive,12.55
Bangalore,Diesel,Sedan,39157,Automatic,2nd Owner,BMW,2016,2198000,Third Party,22.69
Bangalore,Diesel,MUV,162000,Manual,1st Owner,Toyota,2008,825000,Comprehensive,12.8
Bangalore,Petrol,Hatchback,89900,Automatic,2nd Owner,BMW,2013,1175000,Third Party,16.28
Bangalore,Petrol,Hatchback,58666,Automatic,1st Owner,Maruti,2017,656000,Comprehensive,21.4
Bangalore,Petrol,Sedan,54137,Automatic,1st Owner,Maruti,2018,612000,Third Party,21.21
Bangalore,Diesel,SUV,180000,Manual,2nd Owner,Toyota,2011,1195000,Comprehensive,11.5
Bangalore,Petrol,Hatchback,21997,Manual,1st Owner,Renault,2019,436000,Comprehensive,23.01
Bangalore,Petrol,Sedan,40394,Automatic,2nd Owner,Maruti,2020,721000,Comprehensive,21.21
Bangalore,Diesel,SUV,49000,Automatic,2nd Owner,BMW,2015,1750000,Comprehensive,17.05
Bangalore,Petrol,SUV,80390,Manual,1st Owner,Ford,2017,620000,Comprehensive,15.85
Bangalore,Diesel,Sedan,52721,Automatic,1st Owner,Mercedes-Benz,2018,3299000,Comprehensive,12.6
Bangalore,Petrol,Hatchback,55127,Automatic,1st Owner,Maruti,2017,643000,Comprehensive,21.4
Bangalore,Diesel,SUV,35922,Manual,2nd Owner,Ford,2018,822000,Comprehensive,23
Bangalore,Petrol,Sedan,16883,Automatic,1st Owner,Honda,2019,838000,Third Party,19
Bangalore,Diesel,SUV,86000,Manual,2nd Owner,Renault,2013,625000,Comprehensive,19.6
Bangalore,Petrol,Sedan,88000,Automatic,1st Owner,Skoda,2016,1125000,Comprehensive,15.1
Bangalore,Diesel,SUV,34000,Automatic,1st Owner,Jeep,2020,2545000,Comprehensive,17.1
Bangalore,Diesel,Hatchback,110000,Manual,1st Owner,Skoda,2013,345000,Comprehensive,20.86
Bangalore,Diesel,SUV,55398,Manual,1st Owner,Renault,2020,999000,Third Party,19.87
Bangalore,Petrol,SUV,54000,Automatic,2nd Owner,Ford,2015,675000,Comprehensive,14.7
Bangalore,Petrol,Hatchback,25829,Manual,1st Owner,Volkswagen,2019,875000,Comprehensive,18.78
Bangalore,Petrol,Hatchback,36913,Manual,1st Owner,Maruti,2016,485000,Comprehensive,23.1
Bangalore,Diesel,Hatchback,34000,Manual,1st Owner,Hyundai,2018,775000,Comprehensive,22.54
Bangalore,Petrol,Hatchback,42162,Automatic,2nd Owner,Maruti,2018,655000,Third Party,22.56
Bangalore,Petrol,Hatchback,48041,Automatic,2nd Owner,Maruti,2016,525000,Comprehensive,23.1
Bangalore,Petrol,Hatchback,43285,Manual,3rd Owner,Renault,2020,442000,Third Party,23.01
Bangalore,Petrol,Hatchback,44326,Manual,1st Owner,Hyundai,2012,476000,Comprehensive,18.5
Bangalore,Petrol,Hatchback,62984,Automatic,2nd Owner,Volkswagen,2017,865000,Comprehensive,17.21
Bangalore,Petrol,Hatchback,99276,Manual,2nd Owner,Maruti,2010,338000,Comprehensive,22.38
Bangalore,Petrol,SUV,42812,Automatic,2nd Owner,Hyundai,2018,1299000,Comprehensive,13
Bangalore,Petrol,Hatchback,57770,Manual,1st Owner,Maruti,2013,492000,Comprehensive,22.38
Bangalore,Petrol,Hatchback,42220,Automatic,3rd Owner,Hyundai,2017,544000,Third Party,18.9
Bangalore,Diesel,SUV,66977,Automatic,1st Owner,Mahindra,2016,1365000,Third Party,16
Bangalore,Petrol,SUV,29916,Manual,1st Owner,Hyundai,2021,1085000,Third Party,18
Bangalore,Petrol,Sedan,10066,Automatic,1st Owner,Skoda,2022,1488000,Third Party,18.07
Bangalore,Petrol,Sedan,39243,Automatic,2nd Owner,Skoda,2019,939000,Comprehensive,14.84
Bangalore,Petrol,Sedan,36309,Automatic,2nd Owner,Skoda,2017,888000,Third Party,14.84
Bangalore,Petrol,Hatchback,69408,Automatic,1st Owner,Maruti,2014,425000,Third Party,23.1
Bangalore,Petrol,Sedan,12064,Automatic,2nd Owner,Honda,2019,818000,Third Party,19
Bangalore,Diesel,Sedan,74000,Automatic,1st Owner,Mercedes-Benz,2013,1944000,Comprehensive,14.21
Bangalore,Petrol,Hatchback,18000,Automatic,1st Owner,Maruti,2018,695000,Comprehensive,22
Bangalore,Petrol,Sedan,59000,Automatic,1st Owner,Volkswagen,2010,475000,Comprehensive,14.4
Bangalore,Petrol,Hatchback,17190,Manual,1st Owner,Hyundai,2018,551000,Comprehensive,18.9
Bangalore,Petrol,Hatchback,58323,Manual,1st Owner,Maruti,2013,352000,Comprehensive,18.9
Bangalore,Petrol,Sedan,40765,Manual,1st Owner,Honda,2015,600000,Comprehensive,17.8
Bangalore,Petrol,Hatchback,58198,Automatic,2nd Owner,Maruti,2016,479000,Third Party,26
Bangalore,Petrol,Hatchback,42976,Manual,1st Owner,Hyundai,2019,559000,Third Party,18.9
Bangalore,Diesel,SUV,104507,Automatic,1st Owner,Hyundai,2017,1519000,Comprehensive,18.9
Bangalore,Petrol,Sedan,44074,Manual,1st Owner,Maruti,2012,409000,Third Party,22.41
Bangalore,Petrol,Hatchback,21000,Automatic,1st Owner,Maruti,2017,539000,Comprehensive,21.79
Bangalore,Petrol,Hatchback,14089,Manual,1st Owner,Maruti,2021,737000,Third Party,22.38
Bangalore,Diesel,Sedan,94378,Manual,2nd Owner,Honda,2014,526000,Comprehensive,26
Bangalore,Diesel,SUV,71000,Automatic,1st Owner,Mahindra,2016,1350000,Comprehensive,16
Bangalore,Diesel,SUV,174000,Manual,1st Owner,Toyota,2018,3194000,Comprehensive,14.24
Bangalore,Petrol,Hatchback,58000,Automatic,2nd Owner,Hyundai,2016,585000,Comprehensive,18.9
Bangalore,Diesel,SUV,113000,Automatic,2nd Owner,Audi,2014,1495000,Third Party,15.73
Bangalore,Diesel,SUV,170402,Automatic,2nd Owner,Volvo,2010,1090000,Comprehensive,11.1
Bangalore,Diesel,Sedan,30000,Automatic,2nd Owner,Audi,2016,2100000,Comprehensive,18.25
Bangalore,Petrol,Sedan,59000,Manual,1st Owner,Maruti,2014,590000,Comprehensive,19.1
Bangalore,Diesel,SUV,25883,Manual,1st Owner,Mahindra,2021,1899000,Comprehensive,15.1
Bangalore,Petrol,SUV,32746,Manual,1st Owner,Volkswagen,2021,1545000,Comprehensive,20.08
Bangalore,Petrol,Sedan,35038,Automatic,1st Owner,Skoda,2017,1895000,Comprehensive,14.7
Bangalore,Petrol,Hatchback,38995,Manual,3rd Owner,Ford,2018,540000,Comprehensive,19
Bangalore,Petrol,Hatchback,61102,Manual,1st Owner,Maruti,2013,491000,Comprehensive,22.38
Bangalore,Diesel,SUV,132000,Manual,2nd Owner,Skoda,2012,625000,Comprehensive,17.67
Bangalore,Petrol,Hatchback,52288,Manual,1st Owner,Maruti,2021,436000,Third Party,21.7
Bangalore,Petrol,Hatchback,69054,Automatic,1st Owner,Honda,2017,616000,Comprehensive,19
Bangalore,Petrol,SUV,67000,Manual,1st Owner,Renault,2015,675000,Comprehensive,13.24
Bangalore,Diesel,Sedan,51745,Manual,2nd Owner,Maruti,2015,533000,Comprehensive,26.59
Bangalore,Petrol,Convertibles,22000,Automatic,1st Owner,Audi,2015,3495000,Comprehensive,16.6
Bangalore,Petrol,Hatchback,11268,Manual,2nd Owner,Hyundai,2017,626000,Comprehensive,18.9
Bangalore,Petrol,Hatchback,24357,Manual,1st Owner,Tata,2020,632000,Zero Dep,20.09
Bangalore,Diesel,MUV,157000,Manual,2nd Owner,Toyota,2016,1775000,Comprehensive,13.68
Bangalore,Petrol,Sedan,9982,Manual,1st Owner,Honda,2018,1000000,Comprehensive,17
Bangalore,Diesel,Sedan,22000,Automatic,1st Owner,Audi,2020,2875000,Comprehensive,20.38
Bangalore,Petrol,SUV,27000,Manual,1st Owner,Hyundai,2020,1085000,Comprehensive,18
Bangalore,Diesel,Sedan,68000,Automatic,2nd Owner,BMW,2017,2275000,Comprehensive,22.69
Bangalore,Petrol,SUV,19000,Automatic,1st Owner,Hyundai,2022,1365000,Comprehensive,18.15
Bangalore,Diesel,SUV,41000,Automatic,2nd Owner,BMW,2012,1550000,Third Party,17.05
Bangalore,Diesel,SUV,49000,Automatic,1st Owner,BMW,2018,3025000,Comprehensive,20.68
Bangalore,Diesel,Sedan,45000,Automatic,2nd Owner,BMW,2018,4275000,Comprehensive,20.37
Bangalore,Diesel,SUV,75000,Automatic,2nd Owner,BMW,2016,4450000,Comprehensive,11.7
Bangalore,Petrol,Hatchback,39613,Manual,1st Owner,Maruti,2015,483000,Third Party,25.24
Bangalore,Petrol,Sedan,68906,Automatic,2nd Owner,Honda,2018,1007000,Third Party,18
Bangalore,Petrol,SUV,33000,Automatic,1st Owner,Renault,2019,995000,Comprehensive,13.9
Bangalore,Petrol,Sedan,71423,Manual,1st Owner,Maruti,2016,573000,Comprehensive,22.41
Bangalore,Petrol,Sedan,17811,Manual,1st Owner,Maruti,2015,658000,Comprehensive,22.41
Bangalore,Diesel,SUV,79000,Automatic,1st Owner,Hyundai,2017,1245000,Comprehensive,17.6
Bangalore,Petrol,Hatchback,9724,Automatic,1st Owner,Maruti,2020,906000,Zero Dep,21.4
Bangalore,Petrol,SUV,75000,Manual,1st Owner,Hyundai,2019,1195000,Comprehensive,15.8
Bangalore,Petrol,Sedan,20754,Manual,1st Owner,Toyota,2021,1031000,Comprehensive,17.1
Bangalore,Petrol,Hatchback,50510,Manual,3rd Owner,Hyundai,2015,413000,Comprehensive,18.9
Bangalore,Petrol,Hatchback,35000,Manual,1st Owner,Hyundai,2019,624000,Comprehensive,18.9
Bangalore,Diesel,Sedan,85000,Manual,3rd Owner,Hyundai,2011,465000,Comprehensive,22.32
Bangalore,Petrol,Sedan,48979,Automatic,1st Owner,Honda,2018,1050000,Third Party,18
Bangalore,Petrol,SUV,46000,Manual,2nd Owner,Tata,2017,725000,Comprehensive,17
Bangalore,Diesel,SUV,9000,Automatic,1st Owner,Mahindra,2020,1800000,Comprehensive,18.9
Bangalore,Diesel,Sedan,70000,Manual,2nd Owner,Ford,2018,650000,Third Party,26.1
Bangalore,Diesel,Sedan,78000,Automatic,2nd Owner,Volvo,2014,1395000,Third Party,27.03
Bangalore,Diesel,Sedan,1500,Manual,1st Owner,Honda,2021,865000,Comprehensive,24.7
Bangalore,Diesel,Sedan,70000,Automatic,2nd Owner,BMW,2011,1423000,Comprehensive,18.48
Bangalore,Diesel,SUV,8187,Automatic,1st Owner,MG,2023,4399000,Comprehensive,13.92
Bangalore,Petrol,Sedan,81777,Manual,3rd Owner,Maruti,2014,475000,Comprehensive,22.41
Bangalore,Petrol,Sedan,48698,Automatic,2nd Owner,Honda,2016,747000,Comprehensive,18
Bangalore,Petrol,SUV,21000,Automatic,1st Owner,Kia,2020,1590000,Comprehensive,16.5
Bangalore,Petrol,Hatchback,67771,Automatic,2nd Owner,Hyundai,2016,520000,Comprehensive,18.9
Bangalore,Petrol,Sedan,60386,Manual,1st Owner,Maruti,2015,530000,Third Party,22.41
Bangalore,Petrol,Hatchback,48928,Automatic,1st Owner,Tata,2018,595000,Comprehensive,23.84
Bangalore,Petrol,Hatchback,111374,Manual,1st Owner,Hyundai,2010,312000,Third Party,18.5
Bangalore,Petrol,SUV,33000,Manual,2nd Owner,Hyundai,2017,920000,Third Party,15.8
Bangalore,Petrol,Hatchback,40561,Manual,1st Owner,Maruti,2021,403000,Zero Dep,22.05
Bangalore,Petrol,Hatchback,92529,Manual,1st Owner,Maruti,2013,415000,Comprehensive,22.38
Bangalore,Petrol,Sedan,42000,Automatic,1st Owner,Honda,2019,850000,Comprehensive,18.1
Bangalore,Diesel,MUV,55342,Automatic,1st Owner,Kia,2020,2700000,Comprehensive,14.11
Bangalore,Diesel,SUV,51000,Manual,1st Owner,Ford,2021,1145000,Comprehensive,21.7
Bangalore,Diesel,SUV,37000,Manual,2nd Owner,Mahindra,2018,1275000,Comprehensive,15.1
Bangalore,Petrol,Hatchback,36468,Manual,1st Owner,Honda,2017,645000,Comprehensive,18.7
Bangalore,Petrol,SUV,11250,Manual,1st Owner,Mahindra,2022,1440000,Comprehensive,16.82
Bangalore,Petrol,MUV,36000,Manual,1st Owner,Maruti,2019,1145000,Comprehensive,19.01
Bangalore,Petrol,SUV,36368,Automatic,1st Owner,Hyundai,2019,1225000,Third Party,18.15
Bangalore,Diesel,Sedan,36000,Automatic,2nd Owner,Mercedes-Benz,2016,5275000,Comprehensive,13.5
Bangalore,Diesel,SUV,62000,Automatic,3rd Owner,BMW,2017,3800000,Comprehensive,18.56
Bangalore,Petrol,Sedan,39466,Manual,1st Owner,Honda,2018,888000,Comprehensive,17.4
Bangalore,Petrol,Hatchback,49570,Manual,1st Owner,Maruti,2014,507000,Comprehensive,22.38
Bangalore,Petrol,Sedan,23382,Automatic,2nd Owner,Volkswagen,2018,1020000,Comprehensive,18.19
Bangalore,Petrol,Hatchback,42954,Manual,1st Owner,Maruti,2021,472000,Comprehensive,21.7
Bangalore,Petrol,Hatchback,68306,Manual,1st Owner,Maruti,2014,471000,Comprehensive,22.38
Bangalore,Diesel,Hatchback,54961,Manual,1st Owner,Hyundai,2018,821000,Comprehensive,22.54
Bangalore,Petrol,Hatchback,91087,Manual,1st Owner,Maruti,2015,510000,Comprehensive,22.38
Bangalore,Petrol,Hatchback,16691,Manual,1st Owner,Renault,2022,599000,Third Party,21.74
Bangalore,Petrol,Hatchback,80190,Manual,1st Owner,Maruti,2016,402000,Comprehensive,20.51
Bangalore,Petrol,SUV,54639,Manual,1st Owner,Hyundai,2017,1002000,Third Party,15.29
Bangalore,Petrol,SUV,50225,Manual,1st Owner,Maruti,2020,975000,Comprehensive,18.55
Bangalore,Diesel,Hatchback,68017,Manual,1st Owner,Hyundai,2018,795000,Comprehensive,22.54
Bangalore,Petrol,Hatchback,87912,Manual,1st Owner,Volkswagen,2016,550000,Comprehensive,16.2
Bangalore,Petrol,SUV,2045,Manual,1st Owner,Tata,2021,1298000,Third Party,17.57
Bangalore,Petrol,SUV,24305,Manual,1st Owner,Maruti,2021,1085000,Third Party,18.55
Bangalore,Petrol,Hatchback,2500,Automatic,1st Owner,Tata,2015,335000,Comprehensive,25.4
Bangalore,Petrol,SUV,31489,Automatic,1st Owner,Tata,2020,1109000,Third Party,17.05
Bangalore,Petrol,Sedan,82268,Manual,2nd Owner,Fiat,2014,350000,Third Party,14.6
Bangalore,Diesel,SUV,73834,Manual,1st Owner,Ford,2019,895000,Third Party,23
Bangalore,Diesel,SUV,73000,Manual,2nd Owner,Toyota,2014,1775000,Comprehensive,13
Bangalore,Petrol,Hatchback,41436,Manual,1st Owner,Maruti,2017,466000,Comprehensive,23.1
Bangalore,Petrol,Sedan,19024,Manual,2nd Owner,Honda,2019,924000,Zero Dep,17.4
Bangalore,Diesel,MUV,73000,Manual,1st Owner,Mahindra,2016,775000,Comprehensive,14.02
Bangalore,Petrol,Hatchback,73140,Manual,2nd Owner,Maruti,2020,378000,Comprehensive,22.05
Bangalore,Petrol,Hatchback,29289,Manual,1st Owner,Maruti,2015,555000,Comprehensive,22.38
Bangalore,Petrol,Sedan,39116,Automatic,1st Owner,Honda,2016,899000,Comprehensive,18
Bangalore,Petrol,Hatchback,41958,Manual,1st Owner,Maruti,2019,370000,Third Party,24.7
Bangalore,Petrol,SUV,26626,Manual,1st Owner,Honda,2018,810000,Third Party,17.5
Bangalore,Petrol,Hatchback,63460,Automatic,1st Owner,Honda,2019,774000,Third Party,18.2
Bangalore,Petrol,Hatchback,35711,Manual,1st Owner,Hyundai,2019,530000,Comprehensive,20.3
Bangalore,Petrol,SUV,20057,Manual,1st Owner,Honda,2020,945000,Comprehensive,16.5
Bangalore,Petrol,Hatchback,25396,Manual,1st Owner,Tata,2020,880000,Third Party,19.33
Bangalore,Diesel,Hatchback,88000,Manual,1st Owner,Hyundai,2013,525000,Comprehensive,21.27
Bangalore,Petrol,SUV,62000,Automatic,1st Owner,Jeep,2019,1605000,Third Party,14.1
Bangalore,Petrol,Sedan,35993,Manual,1st Owner,Honda,2020,1170000,Third Party,18.6
Bangalore,Petrol,Hatchback,34000,Automatic,1st Owner,Hyundai,2017,650000,Comprehensive,18.9
Bangalore,Petrol,SUV,51338,Manual,1st Owner,Honda,2019,875000,Comprehensive,17.5
Bangalore,Petrol,Hatchback,74280,Manual,1st Owner,Hyundai,2015,500000,Third Party,18.9
Bangalore,Diesel,SUV,82000,Automatic,1st Owner,Land Rover,2019,9500000,Comprehensive,12.65
Bangalore,Diesel,Sedan,63773,Automatic,1st Owner,Audi,2015,2195000,Comprehensive,17.68
Bangalore,Petrol,Hatchback,101356,Manual,2nd Owner,Hyundai,2015,395000,Comprehensive,18.9
Bangalore,Cng,Hatchback,75591,Manual,1st Owner,Maruti,2020,421000,Third Party,31.59
Bangalore,Petrol,SUV,72208,Automatic,1st Owner,Hyundai,2017,1300000,Third Party,13
Bangalore,Petrol,Hatchback,51489,Manual,1st Owner,Maruti,2014,490000,Comprehensive,22.38
Bangalore,Petrol,Hatchback,74643,Automatic,1st Owner,Maruti,2017,520000,Third Party,20.89
Bangalore,Diesel,SUV,44000,Automatic,2nd Owner,BMW,2008,1450000,Comprehensive,15.3
Bangalore,Petrol,Hatchback,79575,Automatic,1st Owner,Honda,2017,616000,Comprehensive,19
Bangalore,Petrol,SUV,54097,Manual,1st Owner,Honda,2018,825000,Comprehensive,17.5
Bangalore,Petrol,Sedan,35288,Manual,2nd Owner,Honda,2018,838000,Comprehensive,17.4
Bangalore,Petrol,Hatchback,70314,Automatic,1st Owner,Maruti,2019,618000,Zero Dep,22.56
Bangalore,Diesel,SUV,96939,Manual,2nd Owner,Renault,2017,875000,Third Party,19.72
Bangalore,Petrol,Hatchback,44824,Manual,2nd Owner,Nissan,2010,390000,Comprehensive,18.06
Bangalore,Diesel,MUV,169219,Manual,2nd Owner,Toyota,2014,1349000,Third Party,12.99
Bangalore,Petrol,Sedan,92673,Manual,2nd Owner,Honda,2012,500000,Third Party,16.8
Bangalore,Diesel,SUV,79000,Automatic,2nd Owner,Mercedes-Benz,2014,4100000,Comprehensive,11.3
Bangalore,Diesel,SUV,20183,Automatic,1st Owner,Jeep,2020,2190000,Zero Dep,17.1
Bangalore,Petrol,Sedan,77130,Automatic,1st Owner,Toyota,2018,795000,Comprehensive,17.8
Bangalore,Petrol,SUV,45000,Automatic,1st Owner,Ford,2017,775000,Comprehensive,14.7
Bangalore,Petrol,Hatchback,27025,Automatic,2nd Owner,Maruti,2017,745000,Third Party,19.56
Bangalore,Petrol,SUV,105153,Manual,1st Owner,Kia,2019,1125000,Third Party,16.1
Bangalore,Diesel,SUV,70509,Manual,1st Owner,Mahindra,2016,1030000,Comprehensive,16
Bangalore,Petrol,Hatchback,11662,Automatic,2nd Owner,Renault,2020,582000,Zero Dep,22
Bangalore,Petrol,Hatchback,36176,Manual,1st Owner,Hyundai,2018,615000,Third Party,18.9
Bangalore,Petrol,Hatchback,74342,Automatic,2nd Owner,Honda,2015,560000,Third Party,19
Bangalore,Diesel,Hatchback,89837,Manual,1st Owner,Maruti,2016,710000,Third Party,27.39
Bangalore,Petrol,Hatchback,11912,Manual,2nd Owner,Maruti,2015,535000,Third Party,21.21
Bangalore,Diesel,Hatchback,55544,Manual,2nd Owner,Maruti,2012,446000,Third Party,22.9
Bangalore,Petrol,SUV,27027,Automatic,1st Owner,Ford,2019,1018000,Comprehensive,14.8
Bangalore,Petrol,Sedan,56363,Automatic,1st Owner,Honda,2017,840000,Zero Dep,18
Bangalore,Petrol,Sedan,42094,Manual,2nd Owner,Hyundai,2016,654000,Comprehensive,17.01
Bangalore,Petrol,SUV,114912,Manual,1st Owner,Kia,2019,1125000,Comprehensive,16.1
Bangalore,Petrol,Hatchback,33649,Manual,1st Owner,Maruti,2016,585000,Third Party,22
Bangalore,Petrol,SUV,54000,Manual,1st Owner,Kia,2019,1250000,Comprehensive,16.8
Bangalore,Petrol,Sedan,69798,Manual,2nd Owner,Hyundai,2014,475000,Comprehensive,19.1
Bangalore,Petrol,Hatchback,69000,Manual,2nd Owner,Hyundai,2010,310000,Comprehensive,20.36
Bangalore,Diesel,SUV,49001,Automatic,1st Owner,Jeep,2020,2395000,Zero Dep,17.1
Bangalore,Diesel,Sedan,57527,Automatic,2nd Owner,Hyundai,2017,1085000,Comprehensive,22
Bangalore,Diesel,Hatchback,57367,Manual,1st Owner,Fiat,2015,475000,Comprehensive,20.5
Bangalore,Petrol,Hatchback,50936,Manual,2nd Owner,Maruti,2015,406000,Third Party,20.51
Bangalore,Diesel,Hatchback,23237,Manual,1st Owner,Hyundai,2022,1084000,Comprehensive,25
Bangalore,Petrol,Hatchback,66596,Automatic,1st Owner,Maruti,2016,445000,Comprehensive,23.1
Bangalore,Diesel,SUV,36613,Manual,1st Owner,Mahindra,2016,1382000,Comprehensive,16
Bangalore,Petrol,Sedan,74104,Manual,1st Owner,Maruti,2015,601000,Third Party,20.85
Bangalore,Petrol,Hatchback,6777,Manual,1st Owner,Hyundai,2022,594000,Zero Dep,20.3
Bangalore,Petrol,SUV,14560,Manual,1st Owner,Ford,2020,960000,Comprehensive,15.9
Bangalore,Petrol,Hatchback,27000,Automatic,1st Owner,Maruti,2021,575000,Comprehensive,21.7
Bangalore,Petrol,Sedan,90333,Automatic,2nd Owner,Honda,2015,729000,Comprehensive,18
Bangalore,Petrol,SUV,50114,Automatic,1st Owner,Mini,2019,3575000,Comprehensive,16.6
Bangalore,Diesel,SUV,69301,Manual,1st Owner,Maruti,2017,962000,Comprehensive,24.3
Bangalore,Petrol,Hatchback,71306,Manual,1st Owner,Renault,2021,450000,Comprehensive,21.74
Bangalore,Petrol,Hatchback,35135,Automatic,1st Owner,Maruti,2019,849000,Third Party,19.56
Bangalore,Diesel,Hatchback,40561,Manual,1st Owner,Maruti,2016,535000,Third Party,23.2
Bangalore,Petrol,Hatchback,90000,Manual,1st Owner,Hyundai,2012,435000,Comprehensive,17
Bangalore,Petrol,Hatchback,60000,Automatic,2nd Owner,Honda,2017,685000,Comprehensive,19
Bangalore,Diesel,SUV,30000,Automatic,1st Owner,BMW,2019,5750000,Comprehensive,16.55
Bangalore,Diesel,SUV,60000,Manual,2nd Owner,Renault,2016,730000,Third Party,19.87
Bangalore,Diesel,SUV,102000,Manual,1st Owner,Mahindra,2015,1145000,Comprehensive,16
Bangalore,Petrol,Hatchback,41659,Manual,2nd Owner,Maruti,2015,410000,Third Party,18.9
Bangalore,Petrol,Sedan,85300,Automatic,2nd Owner,Audi,2009,1075000,Comprehensive,12.3
Bangalore,Petrol,Sedan,32483,Automatic,2nd Owner,Hyundai,2017,849000,Third Party,17.01
Bangalore,Petrol,Hatchback,34376,Manual,1st Owner,Hyundai,2018,749000,Third Party,18.6
Bangalore,Petrol,SUV,36540,Manual,1st Owner,Hyundai,2017,872000,Third Party,15.29
Bangalore,Petrol,Hatchback,148625,Manual,2nd Owner,Hyundai,2011,306000,Comprehensive,17
Bangalore,Diesel,Sedan,81000,Automatic,4th Owner,Audi,2013,995000,Third Party,14.57
Bangalore,Petrol,Hatchback,5609,Manual,2nd Owner,Hyundai,2013,348000,Third Party,19.81
Bangalore,Petrol,Sedan,37000,Automatic,1st Owner,Audi,2019,2425000,Third Party,19.2
Bangalore,Petrol,SUV,6000,Manual,1st Owner,Hyundai,2021,1725000,Comprehensive,14.5
Bangalore,Diesel,Sedan,61000,Manual,1st Owner,Renault,2013,500000,Third Party,21.8
Bangalore,Petrol,Hatchback,30285,Automatic,2nd Owner,Renault,2018,417000,Third Party,24.04
Bangalore,Diesel,Sedan,80153,Manual,2nd Owner,Volkswagen,2011,399000,Third Party,20.54
Bangalore,Petrol,Hatchback,49641,Automatic,1st Owner,Hyundai,2016,541000,Comprehensive,18.9
Bangalore,Petrol,Hatchback,83075,Automatic,2nd Owner,Maruti,2016,568000,Comprehensive,21.4
Bangalore,Petrol,Hatchback,45677,Manual,1st Owner,Maruti,2018,730000,Comprehensive,21.4
Bangalore,Petrol,Hatchback,81849,Manual,1st Owner,Maruti,2017,446000,Comprehensive,23.1
Bangalore,Diesel,Hatchback,67791,Manual,2nd Owner,Maruti,2015,638000,Comprehensive,25.2
Bangalore,Diesel,SUV,38100,Automatic,1st Owner,Volvo,2018,3750000,Comprehensive,18
Bangalore,Petrol,Hatchback,65015,Manual,1st Owner,Hyundai,2018,694000,Third Party,18.6
Bangalore,Diesel,SUV,47000,Automatic,2nd Owner,Mercedes-Benz,2018,4700000,Comprehensive,17.9
Bangalore,Petrol,Hatchback,62029,Manual,1st Owner,Maruti,2014,493000,Third Party,22.38
Bangalore,Diesel,Hatchback,94926,Manual,1st Owner,Maruti,2017,637000,Comprehensive,25.2
Bangalore,Petrol,Hatchback,119487,Manual,1st Owner,Hyundai,2012,365000,Third Party,17
Bangalore,Diesel,SUV,126000,Manual,1st Owner,Mahindra,2019,825000,Third Party,15.96
Bangalore,Diesel,Sedan,70332,Manual,1st Owner,Volkswagen,2017,645000,Comprehensive,21.66
Bangalore,Petrol,Hatchback,37950,Manual,1st Owner,Maruti,2017,585000,Third Party,20.89
Bangalore,Petrol,Hatchback,38100,Manual,1st Owner,Hyundai,2019,835000,Comprehensive,18.6
Bangalore,Diesel,SUV,156039,Manual,2nd Owner,Toyota,2012,1649000,Comprehensive,12.55
Bangalore,Petrol,Sedan,56000,Manual,2nd Owner,Maruti,2008,330000,Third Party,15
Bangalore,Petrol,Hatchback,42000,Manual,2nd Owner,Honda,2014,425000,Comprehensive,19.4
Bangalore,Diesel,Hatchback,93003,Manual,1st Owner,Hyundai,2018,750000,Comprehensive,22.54
Bangalore,Petrol,Hatchback,36000,Automatic,2nd Owner,Hyundai,2017,675000,Comprehensive,18.9
Chennai,Petrol,SUV,20000,Automatic,1st Owner,Kia,2022,1150000,Third Party,12.55
Chennai,Petrol,Minivans,20687,Manual,1st Owner,Maruti,2015,415000,Comprehensive,15.37
Chennai,Petrol,SUV,30000,Manual,1st Owner,Nissan,2021,750000,Third Party,20
Chennai,Petrol,Hatchback,59247,Manual,1st Owner,Hyundai,2015,398000,Comprehensive,19.81
Chennai,Petrol,Hatchback,50000,Manual,1st Owner,Honda,2015,550000,Third Party,18.7
Chennai,Diesel,Sedan,20000,Automatic,1st Owner,Mercedes-Benz,2016,3300000,Comprehensive,13
Chennai,Petrol,Hatchback,29403,Automatic,1st Owner,Maruti,2016,453000,Comprehensive,23.1
Chennai,Petrol,Hatchback,42700,Manual,1st Owner,Maruti,2010,285000,Comprehensive,19
Chennai,Diesel,SUV,23001,Automatic,1st Owner,BMW,2018,5000000,Comprehensive,16.55
Chennai,Petrol,SUV,25925,Automatic,2nd Owner,Ford,2018,821000,Comprehensive,14.8
Chennai,Petrol,Hatchback,20000,Manual,1st Owner,Hyundai,2021,865000,Third Party,21
Chennai,Petrol,Hatchback,17711,Automatic,1st Owner,Honda,2019,792000,Comprehensive,18.2
Chennai,Diesel,Sedan,50000,Automatic,1st Owner,BMW,2020,4050000,Comprehensive,20.37
Chennai,Petrol,Hatchback,50000,Manual,1st Owner,Maruti,2018,610000,Third Party,22
Chennai,Petrol,Hatchback,51125,Manual,2nd Owner,Hyundai,2018,511000,Comprehensive,18.9
Chennai,Diesel,SUV,69233,Manual,1st Owner,Tata,2019,710000,Comprehensive,21.5
Chennai,Diesel,SUV,65000,Manual,1st Owner,Jeep,2017,1225000,Comprehensive,17.1
Chennai,Petrol,Sedan,93281,Manual,1st Owner,Honda,2014,570000,Comprehensive,17.4
Chennai,Diesel,SUV,18000,Manual,1st Owner,Toyota,2022,3900000,Comprehensive,18
Chennai,Petrol,Sedan,99225,Manual,2nd Owner,Honda,2014,375000,Comprehensive,18
Chennai,Petrol,Hatchback,30000,Manual,1st Owner,Hyundai,2016,275000,Third Party,20.3
Chennai,Petrol,Sedan,30602,Manual,1st Owner,Honda,2014,429000,Comprehensive,18
Chennai,Diesel,Hatchback,64500,Manual,1st Owner,Maruti,2018,675000,Comprehensive,25.2
Chennai,Petrol,Sedan,46809,Manual,2nd Owner,Honda,2017,793000,Comprehensive,17.8
Chennai,Electric,SUV,20000,Automatic,1st Owner,Tata,2020,1100000,Third Party,18
Chennai,Diesel,SUV,20000,Automatic,1st Owner,Hyundai,2019,1425000,Comprehensive,17.01
Chennai,Petrol,SUV,21725,Automatic,1st Owner,Hyundai,2020,1036000,Third Party,18.15
Chennai,Petrol,Sedan,80000,Manual,1st Owner,Honda,2016,800000,Third Party,17.8
Chennai,Petrol,Sedan,88000,Automatic,2nd Owner,Audi,2013,1400000,Third Party,13.53
Chennai,Petrol,Sedan,30360,Automatic,2nd Owner,Honda,2019,1088000,Third Party,17.4
Chennai,Petrol,Hatchback,70000,Automatic,2nd Owner,Maruti,2017,590000,Third Party,21.4
Chennai,Petrol,Hatchback,16246,Manual,1st Owner,Hyundai,2016,568000,Comprehensive,18.9
Chennai,Petrol,Hatchback,55000,Automatic,2nd Owner,Maruti,2017,400000,Comprehensive,23.1
Chennai,Petrol,MUV,13000,Automatic,1st Owner,Toyota,2022,2790000,Comprehensive,8
Chennai,Petrol,Hatchback,71638,Automatic,2nd Owner,Maruti,2016,422000,Third Party,23.1
Chennai,Petrol,Sedan,46105,Manual,1st Owner,Honda,2015,450000,Comprehensive,18
Chennai,Petrol,SUV,60000,Manual,1st Owner,Honda,2017,650000,Third Party,17.5
Chennai,Diesel,Hatchback,80000,Manual,1st Owner,Honda,2017,575000,Third Party,27.3
Chennai,Diesel,Hatchback,58000,Automatic,1st Owner,Mercedes-Benz,2015,1950000,Comprehensive,15
Chennai,Petrol,Sedan,70000,Manual,2nd Owner,Maruti,2008,150000,Third Party,15.9
Chennai,Petrol,Hatchback,61764,Automatic,1st Owner,Maruti,2017,702000,Third Party,21.4
Chennai,Petrol,SUV,36018,Manual,2nd Owner,Mahindra,2016,448000,Third Party,18.15
Chennai,Diesel,SUV,150000,Automatic,1st Owner,Renault,2016,650000,Third Party,19.6
Chennai,Petrol,Hatchback,17197,Manual,1st Owner,Hyundai,2022,801000,Third Party,20.7
Chennai,Petrol,Sedan,62931,Automatic,2nd Owner,Honda,2016,772000,Comprehensive,18
Chennai,Petrol,Sedan,90000,Manual,2nd Owner,Toyota,2013,500000,Third Party,14.53
Chennai,Petrol,SUV,21023,Manual,1st Owner,Mahindra,2021,1103000,Third Party,16.82
Chennai,Diesel,Sedan,43000,Manual,1st Owner,Toyota,2018,1490000,Comprehensive,21.43
Chennai,Diesel,Sedan,110505,Automatic,1st Owner,Maruti,2017,627000,Third Party,28.4
Chennai,Petrol,Sedan,78892,Manual,1st Owner,Hyundai,2018,835000,Third Party,17
Chennai,Diesel,Sedan,59000,Automatic,1st Owner,Audi,2015,2090000,Third Party,18.53
Chennai,Petrol,Sedan,90058,Manual,1st Owner,Chevrolet,2014,350000,Comprehensive,18.2
Chennai,Diesel,SUV,69000,Automatic,1st Owner,Audi,2015,2100000,Third Party,13.22
Chennai,Diesel,SUV,67000,Manual,1st Owner,Honda,2019,925000,Comprehensive,25.5
Chennai,Diesel,Sedan,80000,Manual,1st Owner,Maruti,2017,850000,Third Party,28.09
Chennai,Diesel,Sedan,80000,Manual,1st Owner,Maruti,2017,850000,Third Party,28.09
Chennai,Diesel,SUV,57000,Automatic,1st Owner,Audi,2020,6600000,Comprehensive,14.75
Chennai,Diesel,MUV,800000,Manual,1st Owner,Toyota,2018,2150000,Comprehensive,13.68
Chennai,Diesel,Sedan,5500000,Automatic,1st Owner,Mercedes-Benz,2018,3600000,Comprehensive,19.27
Chennai,Diesel,Sedan,27000,Automatic,1st Owner,BMW,2017,6800000,Comprehensive,16.46
Chennai,Petrol,SUV,38334,Manual,1st Owner,Tata,2018,707000,Comprehensive,17
Chennai,Petrol,Hatchback,36992,Manual,1st Owner,Volkswagen,2019,680000,Third Party,17.74
Chennai,Diesel,SUV,50000,Automatic,2nd Owner,BMW,2016,3750000,Comprehensive,16.55
Chennai,Diesel,SUV,34596,Automatic,1st Owner,Tata,2021,2039000,Comprehensive,14.08
Chennai,Petrol,Hatchback,84564,Manual,1st Owner,Datsun,2019,401000,Third Party,19.02
Chennai,Diesel,Sedan,60001,Automatic,2nd Owner,Mercedes-Benz,2013,2150000,Comprehensive,13
Chennai,Petrol,Hatchback,23462,Manual,1st Owner,Hyundai,2018,505000,Zero Dep,20.3
Chennai,Petrol,SUV,13000,Automatic,1st Owner,Volkswagen,2022,1599000,Third Party,18.41
Chennai,Diesel,Sedan,54658,Automatic,1st Owner,Honda,2019,830000,Comprehensive,23.8
Chennai,Petrol,SUV,34164,Manual,1st Owner,Mahindra,2020,1036000,Third Party,16.82
Chennai,Petrol,SUV,10000,Manual,1st Owner,Kia,2022,1595000,Third Party,16.8
Chennai,Petrol,Hatchback,70000,Manual,3rd Owner,Fiat,2010,100000,Third Party,14.6
Chennai,Petrol,SUV,37000,Manual,1st Owner,Hyundai,2020,825000,Third Party,17.52
Chennai,Diesel,SUV,20000,Automatic,1st Owner,Mahindra,2022,2900000,Comprehensive,20.36
Chennai,Petrol,Hatchback,53967,Manual,1st Owner,Maruti,2016,550000,Comprehensive,21.4
Chennai,Petrol,Hatchback,52700,Manual,1st Owner,Hyundai,2011,299000,Comprehensive,20.36
Chennai,Petrol,SUV,60000,Automatic,1st Owner,Tata,2018,750000,Third Party,17
Chennai,Petrol,Hatchback,53967,Manual,1st Owner,Maruti,2016,550000,Comprehensive,21.4
Chennai,Petrol,Sedan,99225,Manual,2nd Owner,Honda,2014,375000,Comprehensive,18.6
Chennai,Petrol,Sedan,60000,Manual,2nd Owner,Fiat,2011,265000,Third Party,16
Chennai,Petrol,Hatchback,48220,Automatic,1st Owner,Honda,2020,808000,Third Party,17.1
Chennai,Petrol,Hatchback,72024,Manual,1st Owner,Honda,2016,542000,Third Party,18.7
Chennai,Petrol,Sedan,80000,Automatic,1st Owner,Honda,2016,529000,Third Party,15.5
Chennai,Petrol,Hatchback,78735,Manual,1st Owner,Volkswagen,2017,684000,Third Party,16.2
Chennai,Diesel,SUV,72955,Manual,2nd Owner,Ford,2018,813000,Zero Dep,23
Chennai,Petrol,Sedan,40000,Automatic,1st Owner,Maruti,2015,650000,Third Party,19.12
Chennai,Petrol,SUV,14037,Manual,1st Owner,Jeep,2021,1802000,Comprehensive,14.3
Chennai,Petrol,Hatchback,29000,Manual,1st Owner,Hyundai,2019,745000,Comprehensive,18.6
Chennai,Petrol,Hatchback,69864,Manual,1st Owner,Maruti,2017,619000,Third Party,21.4
Chennai,Petrol,Sedan,35739,Manual,1st Owner,Hyundai,2019,650000,Third Party,20.14
Chennai,Petrol,Hatchback,120000,Automatic,2nd Owner,Honda,2016,500000,Third Party,19
Chennai,Diesel,MUV,18000,Manual,1st Owner,Maruti,2019,1145000,Comprehensive,24.52
Chennai,Diesel,SUV,21000,Manual,1st Owner,Tata,2019,1600000,Comprehensive,16.35
Chennai,Petrol,Hatchback,70404,Manual,1st Owner,Maruti,2016,540000,Comprehensive,21.4
Chennai,Petrol,Sedan,63000,Manual,1st Owner,Volkswagen,2015,675000,Comprehensive,16.09
Chennai,Petrol,Sedan,88000,Manual,2nd Owner,Volkswagen,2017,510000,Third Party,17
Chennai,Petrol,Sedan,65000,Manual,1st Owner,Honda,2017,830000,Comprehensive,17.4
Chennai,Diesel,SUV,30000,Automatic,2nd Owner,Land Rover,2017,3900000,Third Party,12.51
Chennai,Petrol,Sedan,71423,Automatic,1st Owner,Honda,2012,510000,Comprehensive,15.6
Chennai,Petrol,MUV,80000,Automatic,1st Owner,Maruti,2019,1200000,Third Party,17.99
Chennai,Petrol,Sedan,85759,Manual,1st Owner,Honda,2017,766000,Third Party,17.8
Chennai,Petrol,Hatchback,24422,Manual,1st Owner,Hyundai,2019,449000,Zero Dep,20.3
Chennai,Petrol,Sedan,90000,Manual,4th Owner,Hyundai,2017,750000,Third Party,17
Chennai,Petrol,Hatchback,67091,Manual,2nd Owner,Honda,2012,317000,Third Party,19.4
Chennai,Petrol,SUV,72787,Manual,1st Owner,MG,2020,1560000,Third Party,15.81
Chennai,Diesel,SUV,120000,Manual,2nd Owner,Ford,2017,1900000,Third Party,13.5
Chennai,Petrol,Hatchback,90142,Manual,1st Owner,Hyundai,2017,522000,Comprehensive,18.9
Chennai,Petrol,Hatchback,150000,Manual,1st Owner,Hyundai,2015,500000,Third Party,18.6
Chennai,Petrol,Hatchback,33256,Manual,1st Owner,Ford,2018,627000,Comprehensive,19
Chennai,Petrol,Hatchback,70027,Automatic,1st Owner,Maruti,2018,687000,Comprehensive,21.4
Chennai,Diesel,Sedan,120000,Manual,3rd Owner,Hyundai,2007,205000,Third Party,13.6
Chennai,Petrol,Hatchback,60000,Manual,2nd Owner,Volkswagen,2015,525000,Third Party,16.2
Chennai,Diesel,Hatchback,73686,Manual,1st Owner,Maruti,2017,620000,Third Party,25.2
Chennai,Diesel,SUV,44000,Manual,2nd Owner,Mahindra,2018,825000,Comprehensive,18.49
Chennai,Petrol,Hatchback,75581,Manual,1st Owner,Maruti,2015,530000,Comprehensive,21.21
Chennai,Diesel,SUV,58000,Automatic,1st Owner,Mercedes-Benz,2015,3600000,Comprehensive,15.26
Chennai,Diesel,Sedan,50000,Automatic,2nd Owner,Audi,2015,1950000,Comprehensive,20.38
Chennai,Diesel,SUV,100000,Manual,1st Owner,Mahindra,2015,650000,Third Party,18.49
Chennai,Diesel,Sedan,108902,Manual,1st Owner,Maruti,2017,650000,Third Party,28.09
Chennai,Diesel,Sedan,100425,Manual,1st Owner,Volkswagen,2016,570000,Comprehensive,21.66
Chennai,Petrol,Sedan,70887,Manual,2nd Owner,Hyundai,2016,458000,Third Party,19.1
Chennai,Petrol,Sedan,114981,Manual,2nd Owner,Honda,2016,577000,Comprehensive,17.8
Chennai,Petrol,SUV,45000,Manual,1st Owner,Honda,2018,900000,Comprehensive,17.5
Chennai,Petrol,Hatchback,45416,Manual,1st Owner,Hyundai,2021,649000,Comprehensive,20.7
Chennai,Petrol,Hatchback,119468,Manual,1st Owner,Hyundai,2016,549000,Third Party,18.6
Chennai,Diesel,Sedan,100000,Automatic,3rd Owner,Volkswagen,2015,650000,Third Party,21.21
Chennai,Petrol,Sedan,119975,Manual,1st Owner,Maruti,2017,514000,Third Party,22.41
Chennai,Petrol,Sedan,19000,Automatic,1st Owner,BMW,2017,3900000,Comprehensive,15.34
Chennai,Petrol,Hatchback,64906,Manual,2nd Owner,Hyundai,2016,456000,Comprehensive,18.9
Chennai,Petrol,Hatchback,81484,Manual,2nd Owner,Maruti,2016,502000,Comprehensive,21.4
Chennai,Petrol,Sedan,45067,Manual,1st Owner,Maruti,2018,685000,Comprehensive,21.21
Chennai,Petrol,Sedan,68000,Automatic,1st Owner,Mercedes-Benz,2018,11000000,Third Party,7.81
Chennai,Petrol,Hatchback,65768,Manual,1st Owner,Honda,2016,580000,Comprehensive,18.7
Chennai,Petrol,Hatchback,61000,Manual,2nd Owner,Honda,2016,530000,Comprehensive,18.7
Chennai,Diesel,Sedan,50000,Automatic,3rd Owner,Mercedes-Benz,2009,1700000,Comprehensive,13
Chennai,Diesel,Sedan,23000,Automatic,1st Owner,BMW,2018,4375000,Comprehensive,18.12
Chennai,Diesel,Sedan,17000,Automatic,1st Owner,BMW,2018,8200000,Comprehensive,16.46
Chennai,Petrol,Hatchback,102958,Automatic,1st Owner,Maruti,2017,420000,Comprehensive,23.1
Chennai,Diesel,Sedan,62900,Manual,1st Owner,Toyota,2013,775000,Comprehensive,21.43
Chennai,Petrol,Hatchback,65076,Manual,2nd Owner,Maruti,2015,395000,Comprehensive,20.51
Chennai,Petrol,Hatchback,75876,Manual,1st Owner,Maruti,2016,533000,Comprehensive,21.4
Chennai,Petrol,Hatchback,98911,Manual,1st Owner,Hyundai,2015,547000,Third Party,18.6
Chennai,Petrol,Hatchback,45000,Manual,1st Owner,Maruti,2015,395000,Comprehensive,23.1
Chennai,Diesel,Sedan,76089,Automatic,1st Owner,Hyundai,2017,908000,Third Party,19.08
Chennai,Petrol,Hatchback,54505,Manual,2nd Owner,Hyundai,2017,521000,Third Party,18.9
Chennai,Diesel,Sedan,24000,Automatic,1st Owner,Audi,2019,2290000,Third Party,20.38
Chennai,Petrol,Sedan,96573,Manual,1st Owner,Maruti,2016,507000,Zero Dep,22.41
Chennai,Diesel,SUV,30000,Automatic,1st Owner,Kia,2019,1625000,Comprehensive,20.36
Chennai,Petrol,Hatchback,63720,Manual,2nd Owner,Hyundai,2016,528000,Comprehensive,18.9
Chennai,Petrol,Hatchback,14411,Manual,1st Owner,Maruti,2021,435000,Comprehensive,22.05
Chennai,Petrol,SUV,11000,Automatic,1st Owner,Volkswagen,2022,1490000,Comprehensive,18.41
Chennai,Petrol,SUV,21000,Automatic,1st Owner,Skoda,2022,1790000,Comprehensive,18.86
Chennai,Petrol,SUV,34392,Manual,1st Owner,Honda,2017,625000,Comprehensive,17.5
Chennai,Petrol,Hatchback,20000,Manual,1st Owner,Hyundai,2022,690000,Third Party,20.7
Chennai,Petrol,SUV,10000,Manual,1st Owner,Kia,2022,1350000,Third Party,18.2
Chennai,Petrol,SUV,20000,Automatic,1st Owner,MG,2022,1550000,Third Party,14.82
Chennai,Petrol,Hatchback,47000,Automatic,1st Owner,Toyota,2019,790000,Comprehensive,19.56
Chennai,Petrol,Hatchback,60333,Manual,2nd Owner,Maruti,2014,270000,Comprehensive,23.95
Chennai,Diesel,Hatchback,81058,Manual,1st Owner,Hyundai,2014,365000,Comprehensive,24
Chennai,Petrol,Sedan,51800,Manual,2nd Owner,Honda,2010,425000,Comprehensive,13.5
Chennai,Petrol,Hatchback,32797,Manual,2nd Owner,Hyundai,2016,528000,Comprehensive,18.9
Chennai,Petrol,Hatchback,69731,Manual,1st Owner,Hyundai,2016,511000,Comprehensive,18.9
Chennai,Petrol,Sedan,54000,Manual,2nd Owner,Honda,2016,625000,Comprehensive,17.8
Chennai,Petrol,Hatchback,110267,Manual,2nd Owner,Nissan,2016,327000,Comprehensive,19.49
Chennai,Petrol,SUV,31767,Manual,1st Owner,Mahindra,2018,505000,Third Party,18.15
Chennai,Petrol,SUV,45677,Manual,2nd Owner,Honda,2018,640000,Comprehensive,17.5
Chennai,Petrol,Hatchback,66656,Manual,1st Owner,Maruti,2017,449000,Comprehensive,25.24
Chennai,Diesel,Sedan,27000,Manual,1st Owner,Honda,2019,725000,Comprehensive,24.7
Chennai,Petrol,Hatchback,37004,Manual,1st Owner,Renault,2021,495000,Comprehensive,21.74
Chennai,Petrol,Hatchback,85274,Manual,2nd Owner,Hyundai,2011,271000,Comprehensive,20.36
Chennai,Diesel,SUV,60000,Manual,2nd Owner,Hyundai,2017,940000,Third Party,19.67
Chennai,Petrol,Sedan,42000,Manual,1st Owner,Honda,2017,799000,Comprehensive,17.4
Chennai,Diesel,SUV,20000,Manual,1st Owner,Hyundai,2022,1850000,Third Party,20.36
Chennai,Diesel,MUV,30000,Automatic,1st Owner,Kia,2022,2000000,Third Party,20.3
Chennai,Diesel,Sedan,25000,Automatic,1st Owner,Mercedes-Benz,2017,4500000,Comprehensive,16.1
Chennai,Diesel,SUV,80000,Manual,3rd Owner,Mahindra,2014,700000,Third Party,15.1
Chennai,Petrol,Sedan,60000,Manual,2nd Owner,Hyundai,2015,585000,Third Party,17.1
Chennai,Diesel,SUV,20000,Manual,1st Owner,Tata,2022,2050000,Third Party,16.35
Chennai,Petrol,SUV,20000,Automatic,1st Owner,MG,2022,1990000,Third Party,19.3
Chennai,Petrol,SUV,20000,Automatic,1st Owner,MG,2022,1990000,Third Party,22.3
Chennai,Diesel,SUV,55037,Manual,2nd Owner,Hyundai,2020,1445000,Third Party,18.3
Chennai,Petrol,Hatchback,65607,Manual,1st Owner,Hyundai,2018,451000,Zero Dep,20.3
Chennai,Cng,MUV,70000,Manual,1st Owner,Maruti,2021,1100000,Third Party,19.3
Chennai,Petrol,Hatchback,74777,Manual,1st Owner,Hyundai,2016,631000,Comprehensive,18.6
Chennai,Petrol,Sedan,102392,Manual,2nd Owner,Toyota,2012,411000,Comprehensive,17.6
Chennai,Diesel,Sedan,90210,Manual,1st Owner,Skoda,2015,500000,Comprehensive,21.14
Chennai,Petrol,Sedan,62373,Manual,1st Owner,Maruti,2014,488000,Third Party,22.41
Chennai,Diesel,Sedan,80000,Manual,1st Owner,Tata,2015,460000,Third Party,22.95
Chennai,Petrol,Hatchback,25219,Automatic,2nd Owner,Maruti,2018,514000,Comprehensive,26
Chennai,Diesel,Hatchback,64409,Manual,3rd Owner,Maruti,2014,508000,Third Party,25.2
Chennai,Diesel,SUV,52000,Manual,1st Owner,Tata,2018,865000,Comprehensive,21.5
Chennai,Petrol,Sedan,30000,Automatic,2nd Owner,Maruti,2018,855000,Comprehensive,20.28
Chennai,Diesel,Sedan,14000,Automatic,1st Owner,Mercedes-Benz,2020,11800000,Comprehensive,13.5
Chennai,Diesel,SUV,48574,Manual,1st Owner,Hyundai,2019,925000,Comprehensive,23.7
Chennai,Petrol,Sedan,71423,Automatic,1st Owner,Honda,2012,510000,Comprehensive,16.8
Chennai,Diesel,Sedan,30000,Automatic,1st Owner,Mercedes-Benz,2020,5700000,Comprehensive,16.1
Chennai,Petrol,Hatchback,75498,Manual,1st Owner,Maruti,2013,350000,Comprehensive,18.9
Chennai,Petrol,Sedan,95963,Manual,1st Owner,Honda,2017,630000,Third Party,17.8
Chennai,Petrol,Hatchback,46613,Manual,1st Owner,Maruti,2015,410000,Comprehensive,20.51
Chennai,Petrol,SUV,30000,Manual,1st Owner,Honda,2017,725000,Third Party,17.5
Chennai,Petrol,Sedan,18722,Manual,1st Owner,Honda,2015,466000,Comprehensive,18
Chennai,Petrol,SUV,5593,Automatic,1st Owner,Kia,2023,1864000,Comprehensive,16.5
Chennai,Diesel,SUV,40000,Automatic,1st Owner,Audi,2017,2700000,Third Party,15.73
Chennai,Petrol,Hatchback,20875,Manual,1st Owner,Maruti,2021,503000,Third Party,25.24
Chennai,Petrol,Hatchback,46436,Manual,2nd Owner,Renault,2018,309000,Third Party,25.17
Chennai,Petrol,Sedan,127672,Automatic,1st Owner,Honda,2016,640000,Third Party,18
Chennai,Petrol,SUV,12814,Manual,1st Owner,Hyundai,2021,841000,Third Party,17.52
Chennai,Diesel,SUV,26000,Manual,1st Owner,Tata,2022,1890000,Third Party,16.14
Chennai,Petrol,Hatchback,45851,Manual,1st Owner,Hyundai,2011,288000,Comprehensive,20.36
Chennai,Petrol,SUV,36349,Manual,1st Owner,Hyundai,2021,940000,Comprehensive,18
Chennai,Petrol,Hatchback,35000,Automatic,1st Owner,Volkswagen,2018,845000,Comprehensive,17.21
Chennai,Diesel,SUV,17059,Automatic,1st Owner,Tata,2021,2056000,Comprehensive,14.08
Chennai,Diesel,SUV,37000,Automatic,1st Owner,BMW,2019,7700000,Comprehensive,13.38
Chennai,Petrol,Hatchback,48163,Manual,2nd Owner,Maruti,2016,400000,Comprehensive,20.51
Chennai,Petrol,Sedan,40000,Manual,3rd Owner,Maruti,2013,425000,Third Party,19.1
Chennai,Diesel,Sedan,150000,Manual,2nd Owner,Tata,2008,200000,Third Party,17
Chennai,Petrol,Hatchback,20000,Manual,1st Owner,Volkswagen,2020,750000,Third Party,17.74
Chennai,Diesel,SUV,47000,Automatic,1st Owner,Hyundai,2019,1690000,Comprehensive,17.6
Chennai,Petrol,Hatchback,112711,Manual,1st Owner,Hyundai,2013,310000,Comprehensive,20.36
Chennai,Diesel,SUV,53000,Automatic,1st Owner,Toyota,2020,3900000,Comprehensive,15.04
Chennai,Petrol,Hatchback,65895,Automatic,2nd Owner,Maruti,2016,437000,Comprehensive,26.68
Chennai,Petrol,SUV,15625,Automatic,1st Owner,Mahindra,2022,1026000,Comprehensive,17
Chennai,Diesel,Hatchback,107595,Manual,1st Owner,Maruti,2015,560000,Third Party,25.2
Chennai,Petrol,Hatchback,23838,Manual,1st Owner,Maruti,2017,532000,Comprehensive,20.89
Chennai,Petrol,Hatchback,28975,Manual,1st Owner,Maruti,2015,323000,Third Party,24.39
Chennai,Petrol,SUV,30742,Manual,1st Owner,Honda,2018,770000,Third Party,17.5
Chennai,Petrol,Hatchback,10363,Manual,1st Owner,Maruti,2022,492000,Comprehensive,21.7
Chennai,Petrol,Sedan,100000,Manual,1st Owner,Honda,2015,650000,Third Party,17.4
Chennai,Petrol,Sedan,75555,Manual,1st Owner,Honda,2016,633000,Comprehensive,17.8
Chennai,Petrol,SUV,60929,Manual,2nd Owner,Hyundai,2018,982000,Third Party,15.8
Chennai,Diesel,SUV,78000,Automatic,2nd Owner,BMW,2009,1350000,Comprehensive,11.7
Chennai,Diesel,SUV,120000,Manual,1st Owner,Maruti,2017,900000,Third Party,24.3
Chennai,Diesel,Sedan,143185,Manual,1st Owner,Honda,2014,370000,Comprehensive,25.8
Chennai,Petrol,Sedan,115434,Manual,1st Owner,Maruti,2017,620000,Comprehensive,20.73
Chennai,Petrol,Hatchback,43000,Manual,1st Owner,Maruti,2018,480000,Third Party,20.89
Chennai,Petrol,Hatchback,63309,Manual,1st Owner,Honda,2015,430000,Third Party,18.5
Chennai,Diesel,Hatchback,150000,Manual,1st Owner,Maruti,2015,500000,Third Party,25.2
Chennai,Diesel,Sedan,53000,Automatic,1st Owner,BMW,2019,7600000,Comprehensive,16.46
Chennai,Petrol,Hatchback,39386,Manual,1st Owner,Maruti,2019,790000,Third Party,21.01
Chennai,Diesel,Sedan,42000,Automatic,1st Owner,BMW,2018,5200000,Comprehensive,17.09
Chennai,Petrol,MUV,29257,Automatic,1st Owner,Renault,2021,776000,Comprehensive,18.2
Chennai,Petrol,Hatchback,61829,Automatic,1st Owner,Maruti,2017,702000,Comprehensive,21.4
Chennai,Petrol,Hatchback,83901,Manual,1st Owner,Maruti,2014,290000,Comprehensive,23.95
Chennai,Petrol,Hatchback,33295,Manual,1st Owner,Maruti,2014,383000,Third Party,25.24
Chennai,Petrol,Hatchback,33610,Manual,1st Owner,Maruti,2015,411000,Comprehensive,25.24
Chennai,Diesel,Sedan,95600,Manual,1st Owner,Maruti,2014,615000,Comprehensive,26.21
Chennai,Petrol,Hatchback,20960,Manual,1st Owner,Tata,2018,515000,Comprehensive,23.84
Chennai,Diesel,Sedan,66000,Automatic,1st Owner,BMW,2016,2575000,Comprehensive,20.37
Chennai,Petrol,Hatchback,85105,Manual,2nd Owner,Hyundai,2015,507000,Third Party,18.6
Chennai,Petrol,Hatchback,44519,Manual,2nd Owner,Hyundai,2016,322000,Third Party,21.1
Chennai,Petrol,Hatchback,54024,Manual,1st Owner,Maruti,2017,575000,Comprehensive,21.4
Chennai,Petrol,Hatchback,20027,Manual,1st Owner,Maruti,2020,850000,Comprehensive,21.01
Chennai,Diesel,Sedan,44000,Automatic,1st Owner,Audi,2019,3700000,Comprehensive,18.53
Chennai,Diesel,SUV,58000,Automatic,1st Owner,Audi,2014,1800000,Comprehensive,15.73
Chennai,Diesel,Sedan,67905,Manual,1st Owner,Honda,2013,425000,Comprehensive,25.8
Chennai,Petrol,Hatchback,62604,Manual,1st Owner,Maruti,2017,650000,Third Party,21.01
Chennai,Diesel,MUV,120000,Manual,1st Owner,Toyota,2009,750000,Third Party,12.8
Chennai,Diesel,Sedan,105781,Manual,1st Owner,Honda,2014,450000,Comprehensive,25.8
Chennai,Petrol,Sedan,68724,Manual,1st Owner,Maruti,2017,720000,Third Party,20.73
Chennai,Petrol,Hatchback,67000,Automatic,1st Owner,Maruti,2014,425000,Comprehensive,23.1
Chennai,Petrol,Hatchback,110273,Manual,2nd Owner,Hyundai,2010,235000,Comprehensive,20.36
Chennai,Petrol,Hatchback,65628,Automatic,2nd Owner,Maruti,2016,437000,Comprehensive,23.1
Chennai,Petrol,Hatchback,106075,Manual,1st Owner,Volkswagen,2014,410000,Third Party,16.47
Chennai,Petrol,Hatchback,6023,Manual,1st Owner,Maruti,2022,731000,Comprehensive,20.89
Chennai,Petrol,Hatchback,38999,Manual,2nd Owner,Tata,2018,502000,Comprehensive,23.84
Chennai,Diesel,MUV,105000,Manual,1st Owner,Toyota,2018,2050000,Comprehensive,13.68
Chennai,Diesel,SUV,7811,Automatic,1st Owner,Tata,2022,1963000,Comprehensive,14.08
Chennai,Petrol,Hatchback,58747,Manual,2nd Owner,Maruti,2011,222000,Comprehensive,20.92
Chennai,Diesel,SUV,34965,Manual,1st Owner,Tata,2019,1497000,Comprehensive,17
Chennai,Diesel,SUV,106360,Manual,2nd Owner,Ford,2015,529000,Comprehensive,22.7
Chennai,Petrol,Hatchback,162049,Manual,2nd Owner,Maruti,2010,210000,Comprehensive,18.5
Chennai,Diesel,SUV,30000,Automatic,1st Owner,Mercedes-Benz,2020,7450000,Comprehensive,20.92
Chennai,Petrol,SUV,26000,Manual,1st Owner,Toyota,2021,975000,Comprehensive,17.03
Chennai,Petrol,SUV,25000,Automatic,1st Owner,Kia,2020,1450000,Comprehensive,18.5
Chennai,Diesel,SUV,35000,Automatic,1st Owner,Mercedes-Benz,2021,6200000,Comprehensive,20.5
Chennai,Petrol,Hatchback,57000,Manual,1st Owner,Maruti,2020,595000,Comprehensive,21.21
Chennai,Petrol,SUV,49000,Manual,1st Owner,Hyundai,2017,767000,Third Party,15.29
Chennai,Petrol,Hatchback,30000,Manual,1st Owner,Hyundai,2022,825000,Comprehensive,21
Chennai,Petrol,Hatchback,120000,Manual,3rd Owner,Hyundai,2002,45000,Third Party,20.92
Chennai,Petrol,Hatchback,40000,Automatic,3rd Owner,Hyundai,2014,335000,Third Party,16.95
Chennai,Petrol,Hatchback,53250,Automatic,1st Owner,Honda,2015,558000,Comprehensive,19
Chennai,Petrol,Hatchback,8848,Manual,1st Owner,Tata,2022,649000,Third Party,19.01
Chennai,Diesel,SUV,3000,Automatic,1st Owner,Tata,2022,2250000,Comprehensive,14.6
Chennai,Petrol,Sedan,34628,Manual,1st Owner,Skoda,2021,1110000,Third Party,18.97
Chennai,Petrol,Hatchback,8579,Manual,1st Owner,Maruti,2022,672000,Third Party,20.89
Chennai,Petrol,MUV,17000,Manual,1st Owner,Renault,2022,675000,Comprehensive,20
Chennai,Petrol,Sedan,40021,Manual,1st Owner,Honda,2017,795000,Third Party,17.8
Chennai,Diesel,SUV,52000,Automatic,1st Owner,Mercedes-Benz,2021,11300000,Comprehensive,20.89
Chennai,Petrol,Hatchback,46946,Manual,2nd Owner,Hyundai,2017,587000,Comprehensive,18.6
Chennai,Petrol,Hatchback,30772,Automatic,1st Owner,Honda,2019,807000,Comprehensive,18.2
Chennai,Diesel,Hatchback,74008,Manual,1st Owner,Ford,2012,260000,Comprehensive,20
Chennai,Diesel,Sedan,31000,Manual,1st Owner,Maruti,2017,760000,Comprehensive,28.4
Chennai,Diesel,SUV,20000,Manual,1st Owner,Mahindra,2022,1070000,Third Party,16
Chennai,Petrol,Hatchback,20000,Manual,2nd Owner,Maruti,2020,650000,Third Party,21.01
Chennai,Petrol,Hatchback,31137,Automatic,1st Owner,Maruti,2020,520000,Third Party,21.7
Chennai,Diesel,Sedan,90000,Manual,1st Owner,Maruti,2011,350000,Third Party,19.3
Chennai,Petrol,SUV,77000,Manual,1st Owner,Hyundai,2015,875000,Comprehensive,15.8
Chennai,Diesel,Sedan,16000,Automatic,1st Owner,BMW,2019,4350000,Comprehensive,21.76
Chennai,Diesel,SUV,23000,Automatic,1st Owner,Mahindra,2018,1450000,Comprehensive,16
Chennai,Petrol,SUV,9000,Manual,1st Owner,Mahindra,2022,1725000,Comprehensive,15.2
Chennai,Petrol,Hatchback,28733,Manual,1st Owner,Datsun,2018,302000,Third Party,22.7
Chennai,Diesel,Sedan,61828,Automatic,1st Owner,Hyundai,2018,1060000,Zero Dep,22
Chennai,Diesel,MUV,150000,Manual,2nd Owner,Toyota,2007,600000,Third Party,12.8
Chennai,Petrol,Sedan,60431,Manual,1st Owner,Tata,2022,722000,Comprehensive,19.28
Chennai,Petrol,Hatchback,53269,Manual,1st Owner,Maruti,2018,463000,Comprehensive,21.63
Chennai,Petrol,SUV,38000,Automatic,1st Owner,MG,2021,1770000,Comprehensive,21.76
Chennai,Petrol,Sedan,37778,Manual,2nd Owner,Honda,2019,627000,Third Party,19.5
Chennai,Petrol,Hatchback,54024,Manual,1st Owner,Maruti,2017,575000,Third Party,21.4
Chennai,Petrol,SUV,85941,Manual,2nd Owner,Tata,2018,658000,Third Party,17
Chennai,Petrol,Hatchback,89329,Automatic,1st Owner,Maruti,2018,477000,Comprehensive,21.63
Chennai,Petrol,Hatchback,40000,Manual,2nd Owner,Tata,2019,500000,Third Party,23.84
Chennai,Petrol,Hatchback,17000,Manual,1st Owner,Maruti,2017,650000,Comprehensive,21.21
Chennai,Petrol,Hatchback,83887,Manual,1st Owner,Maruti,2017,455000,Comprehensive,20.89
Chennai,Diesel,Hatchback,150000,Manual,1st Owner,Hyundai,2015,475000,Third Party,21.19
Chennai,Diesel,MUV,39000,Automatic,1st Owner,Toyota,2021,2800000,Comprehensive,12
Chennai,Petrol,Sedan,23000,Automatic,1st Owner,Hyundai,2018,975000,Comprehensive,17
Chennai,Petrol,Sedan,80000,Manual,1st Owner,Hyundai,2017,750000,Third Party,17
Chennai,Petrol,Hatchback,34000,Automatic,1st Owner,Maruti,2016,485000,Comprehensive,23.1
Chennai,Petrol,Hatchback,29973,Manual,1st Owner,Maruti,2017,460000,Comprehensive,23.1
Chennai,Petrol,Sedan,30000,Manual,1st Owner,Honda,2021,1265000,Third Party,18.6
Chennai,Diesel,Hatchback,80805,Manual,2nd Owner,Hyundai,2016,567000,Comprehensive,21.19
Chennai,Petrol,Hatchback,26235,Manual,1st Owner,Tata,2020,619000,Comprehensive,23.84
Chennai,Petrol,Sedan,95963,Manual,0th Owner,Honda,2017,630000,Zero Dep,17.8
Chennai,Petrol,SUV,83294,Manual,1st Owner,Hyundai,2018,835000,Comprehensive,15.8
Chennai,Diesel,SUV,17963,Manual,2nd Owner,MG,2021,1703000,Third Party,17.41
Chennai,Petrol,Hatchback,102696,Manual,1st Owner,Maruti,2019,635000,Comprehensive,21.4
Chennai,Diesel,Hatchback,57206,Manual,2nd Owner,Hyundai,2019,635000,Comprehensive,22.54
Chennai,Diesel,Hatchback,120000,Manual,2nd Owner,Ford,2013,300000,Third Party,20
Chennai,Petrol,Hatchback,81829,Manual,1st Owner,Hyundai,2017,657000,Comprehensive,18.6
Chennai,Petrol,Hatchback,54395,Manual,2nd Owner,Maruti,2014,390000,Third Party,25.24
Chennai,Diesel,Sedan,50000,Manual,1st Owner,Tata,2019,620000,Third Party,24.7
Chennai,Petrol,Sedan,70000,Manual,2nd Owner,Volkswagen,2017,465000,Third Party,17
Chennai,Petrol,Hatchback,36000,Manual,1st Owner,Hyundai,2015,590000,Comprehensive,18.6
Chennai,Diesel,SUV,125000,Manual,2nd Owner,Isuzu,2016,950000,Comprehensive,12.08
Chennai,Diesel,Sedan,75000,Automatic,2nd Owner,Mercedes-Benz,2018,2150000,Comprehensive,17.9
Chennai,Diesel,Sedan,45007,Automatic,1st Owner,Mercedes-Benz,2018,4600000,Comprehensive,16.1
Chennai,Petrol,Sedan,49617,Manual,1st Owner,Honda,2016,490000,Comprehensive,19.5
Chennai,Petrol,Sedan,57782,Manual,1st Owner,Toyota,2016,620000,Comprehensive,16.78
Chennai,Diesel,Sedan,38000,Automatic,1st Owner,Skoda,2015,1950000,Comprehensive,17.2
Chennai,Diesel,Sedan,110000,Automatic,3rd Owner,BMW,2008,680000,Third Party,11.5
Chennai,Petrol,Hatchback,22066,Manual,2nd Owner,Honda,2018,594000,Third Party,18.7
Chennai,Petrol,Hatchback,65707,Manual,1st Owner,Hyundai,2016,536000,Comprehensive,18.6
Chennai,Petrol,Hatchback,89488,Manual,1st Owner,Maruti,2015,365000,Third Party,23.1
Chennai,Petrol,Hatchback,88663,Automatic,2nd Owner,Maruti,2017,544000,Comprehensive,20.89
Chennai,Petrol,Hatchback,31679,Manual,1st Owner,Tata,2020,566000,Comprehensive,23.84
Chennai,Petrol,Hatchback,68178,Manual,1st Owner,Hyundai,2013,420000,Comprehensive,18.9
Chennai,Petrol,Sedan,61279,Manual,2nd Owner,Honda,2017,748000,Comprehensive,17.8
Chennai,Petrol,Sedan,8963,Manual,1st Owner,Honda,2021,880000,Comprehensive,18.6
Chennai,Petrol,Sedan,80281,Manual,1st Owner,Maruti,2017,616000,Third Party,21.21
Chennai,Petrol,SUV,50580,Manual,1st Owner,MG,2020,1554000,Third Party,14.16
Chennai,Petrol,Hatchback,21000,Automatic,1st Owner,Mini,2014,2100000,Comprehensive,19.23
Chennai,Diesel,SUV,55000,Automatic,1st Owner,Audi,2016,2175000,Comprehensive,15.73
Chennai,Diesel,SUV,70000,Automatic,2nd Owner,Mercedes-Benz,2018,4200000,Third Party,17.9
Chennai,Petrol,SUV,58000,Automatic,1st Owner,Audi,2019,4300000,Comprehensive,8.5
Chennai,Petrol,Sedan,65224,Manual,1st Owner,Volkswagen,2018,725000,Comprehensive,16.09
Chennai,Petrol,Hatchback,120000,Manual,1st Owner,Maruti,2010,275000,Third Party,21.1
Chennai,Diesel,SUV,42001,Automatic,1st Owner,BMW,2018,5750000,Comprehensive,15.97
Chennai,Petrol,Sedan,30316,Manual,1st Owner,Maruti,2017,635000,Comprehensive,19
Chennai,Diesel,Sedan,64000,Automatic,3rd Owner,Mercedes-Benz,2013,1800000,Comprehensive,13
Chennai,Diesel,Sedan,40000,Automatic,1st Owner,Volvo,2015,1900000,Comprehensive,9
Chennai,Petrol,Hatchback,100526,Manual,1st Owner,Maruti,2017,510000,Comprehensive,22.38
Chennai,Petrol,Hatchback,17273,Manual,1st Owner,Maruti,2021,817000,Comprehensive,22.38
Chennai,Diesel,SUV,107737,Manual,1st Owner,Maruti,2018,850000,Third Party,23.65
Chennai,Petrol,SUV,111586,Manual,2nd Owner,Ford,2016,539000,Comprehensive,15.85
Chennai,Petrol,Hatchback,73369,Automatic,2nd Owner,Maruti,2017,538000,Third Party,21.4
Chennai,Petrol,Hatchback,63697,Manual,1st Owner,Maruti,2012,235000,Comprehensive,19.7
Chennai,Petrol,Hatchback,45224,Manual,1st Owner,Hyundai,2018,666000,Comprehensive,18.6
Chennai,Diesel,Hatchback,110701,Manual,2nd Owner,Ford,2010,210000,Comprehensive,20
Chennai,Petrol,Hatchback,49124,Manual,2nd Owner,Maruti,2016,413000,Third Party,20.51
Chennai,Petrol,Sedan,96861,Manual,1st Owner,Maruti,2016,505000,Comprehensive,22.41
Chennai,Petrol,Hatchback,64636,Manual,2nd Owner,Hyundai,2009,300000,Comprehensive,20.36
Chennai,Diesel,Sedan,134000,Automatic,1st Owner,Audi,2014,890000,Third Party,17.68
Chennai,Petrol,Hatchback,20000,Manual,1st Owner,Maruti,2002,140000,Comprehensive,16.1
Chennai,Petrol,SUV,14118,Automatic,1st Owner,Renault,2022,810000,Comprehensive,19.03
Chennai,Diesel,SUV,1200,Automatic,1st Owner,Jeep,2023,4100000,Comprehensive,21.76
Chennai,Petrol,SUV,36000,Automatic,2nd Owner,Ford,2018,725000,Comprehensive,14.8
Chennai,Petrol,SUV,10000,Automatic,1st Owner,Skoda,2022,1755000,Comprehensive,17.2
Chennai,Petrol,SUV,50000,Manual,1st Owner,Kia,2019,1050000,Third Party,16.8
Chennai,Petrol,SUV,30000,Manual,1st Owner,Toyota,2021,1000000,Third Party,17.03
Chennai,Petrol,Sedan,29000,Automatic,1st Owner,Skoda,2018,850000,Third Party,14.84
Chennai,Petrol,Hatchback,55940,Manual,2nd Owner,Hyundai,2014,508000,Third Party,18.6
Chennai,Diesel,Sedan,115915,Manual,2nd Owner,Honda,2018,851000,Third Party,25.6
Chennai,Petrol,Hatchback,1000,Automatic,1st Owner,Renault,2022,625000,Comprehensive,22.3
Chennai,Petrol,Hatchback,96184,Automatic,2nd Owner,Honda,2016,560000,Comprehensive,19
Chennai,Petrol,Hatchback,87780,Manual,1st Owner,Hyundai,2014,335000,Comprehensive,19.81
Chennai,Petrol,Hatchback,118921,Manual,1st Owner,Hyundai,2015,445000,Comprehensive,18.6
Chennai,Diesel,SUV,73834,Manual,2nd Owner,Ford,2019,830000,Comprehensive,23
Chennai,Diesel,SUV,20000,Automatic,1st Owner,Mahindra,2022,1790000,Comprehensive,21.76
Chennai,Petrol,Hatchback,38514,Manual,1st Owner,Maruti,2016,630000,Comprehensive,21.4
Chennai,Petrol,Sedan,74401,Manual,2nd Owner,Maruti,2016,527000,Comprehensive,22.41
Chennai,Petrol,SUV,40000,Automatic,1st Owner,Hyundai,2020,1320000,Third Party,16.8
Chennai,Petrol,Hatchback,9000,Manual,1st Owner,Maruti,2022,860000,Comprehensive,22.38
Chennai,Petrol,SUV,50000,Manual,1st Owner,Hyundai,2017,766000,Third Party,15.29
Chennai,Petrol,Sedan,40000,Manual,1st Owner,Maruti,2020,610000,Third Party,22.41
Chennai,Diesel,Sedan,80000,Automatic,3rd Owner,Skoda,2015,475000,Third Party,21.66
Chennai,Petrol,Hatchback,82000,Manual,2nd Owner,Hyundai,2014,390000,Third Party,18.9
Chennai,Petrol,Sedan,32947,Automatic,1st Owner,Hyundai,2020,680000,Comprehensive,20.1
Chennai,Diesel,SUV,9000,Manual,1st Owner,Jeep,2022,3150000,Comprehensive,21.76
Chennai,Petrol,Sedan,25000,Manual,1st Owner,Hyundai,2018,855000,Comprehensive,17
Chennai,Petrol,MUV,10000,Manual,1st Owner,Maruti,2022,1200000,Third Party,19.01
Chennai,Petrol,Sedan,8413,Manual,1st Owner,Skoda,2022,1786000,Zero Dep,18.72
Chennai,Petrol,Hatchback,34460,Manual,1st Owner,Hyundai,2016,614000,Comprehensive,18.6
Chennai,Petrol,Sedan,33886,Manual,1st Owner,Maruti,2010,340000,Comprehensive,17.5
Chennai,Petrol,Hatchback,57910,Manual,2nd Owner,Hyundai,2016,558000,Third Party,17.19
Chennai,Petrol,MUV,46233,Manual,2nd Owner,Renault,2020,650000,Comprehensive,20
Chennai,Petrol,Sedan,60000,Automatic,1st Owner,Honda,2017,950000,Comprehensive,18.3
Chennai,Petrol,Hatchback,48979,Manual,1st Owner,Maruti,2021,710000,Third Party,22.38
Chennai,Petrol,SUV,42000,Automatic,1st Owner,MG,2019,1700000,Comprehensive,13.96
Chennai,Diesel,SUV,106165,Manual,1st Owner,Ford,2016,684000,Comprehensive,22.77
Chennai,Petrol,Hatchback,91261,Manual,1st Owner,Datsun,2018,309000,Third Party,22.7
Chennai,Petrol,Hatchback,36711,Manual,1st Owner,Maruti,2018,500000,Comprehensive,21.63
Chennai,Petrol,Sedan,9000,Automatic,1st Owner,BMW,2021,5500000,Comprehensive,15.3
Chennai,Petrol,Hatchback,30428,Manual,0th Owner,Maruti,2018,650000,Zero Dep,21.4
Chennai,Petrol,Hatchback,49791,Manual,1st Owner,Renault,2018,360000,Comprehensive,23.01
Chennai,Diesel,SUV,40000,Manual,1st Owner,MG,2021,1875000,Third Party,16.65
Chennai,Petrol,Sedan,40000,Manual,2nd Owner,Hyundai,2014,450000,Third Party,19.1
Chennai,Petrol,Hatchback,50000,Automatic,2nd Owner,Maruti,2018,660000,Third Party,21.4
Chennai,Diesel,SUV,60000,Manual,1st Owner,Maruti,2019,950000,Third Party,24.3
Chennai,Petrol,Sedan,60000,Manual,1st Owner,Volkswagen,2017,500000,Third Party,17
Chennai,Diesel,SUV,70000,Automatic,1st Owner,Ford,2017,2390000,Third Party,12.62
Chennai,Petrol,Hatchback,107158,Manual,2nd Owner,Maruti,2014,361000,Third Party,20.51
Chennai,Petrol,Hatchback,90811,Manual,1st Owner,Hyundai,2019,549000,Third Party,18.9
Chennai,Petrol,Hatchback,76454,Manual,3rd Owner,Ford,2012,210000,Comprehensive,15.6
Chennai,Petrol,Hatchback,57464,Manual,1st Owner,Maruti,2021,704000,Third Party,22.38
Chennai,Petrol,Sedan,95072,Manual,1st Owner,Honda,2019,729000,Comprehensive,19.5
Chennai,Petrol,Sedan,51789,Automatic,1st Owner,Honda,2014,700000,Comprehensive,18
Chennai,Petrol,Hatchback,56028,Manual,2nd Owner,Hyundai,2018,619000,Third Party,18.6
Chennai,Petrol,Sedan,60000,Manual,1st Owner,Honda,2017,725000,Third Party,17.8
Chennai,Petrol,Hatchback,36460,Manual,1st Owner,Hyundai,2020,621000,Zero Dep,20.7
Chennai,Petrol,Sedan,103249,Manual,1st Owner,Honda,2020,685000,Zero Dep,19.5
Chennai,Petrol,Sedan,45568,Manual,1st Owner,Honda,2021,950000,Third Party,18.6
Chennai,Diesel,SUV,130000,Automatic,1st Owner,Ford,2017,1850000,Comprehensive,12.62
Chennai,Diesel,SUV,60000,Manual,1st Owner,MG,2021,1850000,Third Party,16.65
Chennai,Diesel,Sedan,100521,Manual,1st Owner,Skoda,2013,410000,Comprehensive,20.5
Chennai,Petrol,Sedan,42709,Manual,1st Owner,Volkswagen,2019,570000,Comprehensive,19.44
Chennai,Diesel,SUV,150000,Manual,2nd Owner,Mahindra,2016,550000,Third Party,18.49
Chennai,Petrol,Sedan,100000,Manual,1st Owner,Honda,2015,600000,Third Party,17.4
Chennai,Diesel,Sedan,120000,Manual,3rd Owner,Volkswagen,2009,226000,Third Party,15
Chennai,Petrol,Sedan,30000,Automatic,1st Owner,Hyundai,2018,1350000,Comprehensive,14.62
Chennai,Diesel,Sedan,70000,Automatic,1st Owner,BMW,2016,2600000,Third Party,22.69
Chennai,Petrol,Hatchback,104279,Manual,1st Owner,Hyundai,2014,365000,Third Party,18.9
Chennai,Petrol,Hatchback,73321,Manual,1st Owner,Hyundai,2018,707000,Comprehensive,17.19
Chennai,Petrol,Sedan,50000,Manual,1st Owner,Hyundai,2017,800000,Third Party,17
Chennai,Petrol,Hatchback,34279,Manual,1st Owner,Hyundai,2018,520000,Zero Dep,20.3
Chennai,Petrol,Hatchback,55040,Manual,2nd Owner,Hyundai,2016,602000,Comprehensive,18.6
Chennai,Diesel,Sedan,39000,Automatic,2nd Owner,Hyundai,2018,1050000,Comprehensive,22
Chennai,Diesel,Hatchback,104336,Manual,2nd Owner,Hyundai,2014,546000,Comprehensive,22.54
Chennai,Diesel,Sedan,45000,Automatic,3rd Owner,Volvo,2019,3475000,Comprehensive,18
Chennai,Petrol,Sedan,69617,Manual,1st Owner,Honda,2020,1188000,Third Party,18.6
Chennai,Petrol,Hatchback,47429,Manual,1st Owner,Hyundai,2016,621000,Comprehensive,18.6
Chennai,Petrol,Hatchback,67000,Manual,1st Owner,Maruti,2015,515000,Comprehensive,21.21
Chennai,Petrol,Hatchback,80000,Manual,1st Owner,Volkswagen,2016,600000,Third Party,16.2
Chennai,Petrol,Hatchback,27000,Manual,1st Owner,Volkswagen,2018,775000,Comprehensive,18.78
Chennai,Diesel,SUV,56000,Manual,2nd Owner,Ford,2016,645000,Comprehensive,22.77
Chennai,Petrol,Sedan,33379,Manual,1st Owner,Honda,2018,650000,Comprehensive,18.6
Chennai,Diesel,Sedan,80000,Manual,1st Owner,Maruti,2017,700000,Third Party,28.09
Chennai,Petrol,Sedan,90000,Manual,1st Owner,Hyundai,2016,437000,Third Party,19.1
Chennai,Petrol,Sedan,50197,Manual,1st Owner,Hyundai,2015,460000,Third Party,19.1
Chennai,Petrol,Sedan,80000,Manual,2nd Owner,Hyundai,2012,250000,Third Party,16.36
Chennai,Petrol,Hatchback,60611,Manual,0th Owner,Honda,2016,520000,Zero Dep,18.7
Chennai,Petrol,SUV,61120,Manual,3rd Owner,Ford,2017,566000,Third Party,15.85
Chennai,Petrol,Hatchback,55415,Manual,1st Owner,Renault,2019,403000,Third Party,23.01
Chennai,Diesel,SUV,52000,Automatic,1st Owner,Jaguar,2018,4950000,Comprehensive,16.38
Chennai,Petrol,Hatchback,48579,Manual,1st Owner,Honda,2015,517000,Comprehensive,18.7
Chennai,Petrol,Sedan,59532,Manual,2nd Owner,Hyundai,2016,449000,Third Party,19.1
Chennai,Petrol,Sedan,200300,Manual,2nd Owner,Honda,2014,455000,Comprehensive,17
Chennai,Petrol,Sedan,113231,Manual,1st Owner,Volkswagen,2014,643000,Third Party,14.69
Chennai,Diesel,SUV,106338,Manual,2nd Owner,Mahindra,2018,705000,Comprehensive,18.49
Chennai,Diesel,Hatchback,40629,Manual,1st Owner,Tata,2021,889000,Third Party,23.64
Chennai,Diesel,Sedan,73341,Automatic,2nd Owner,Maruti,2016,621000,Third Party,26.59
Chennai,Diesel,Sedan,39001,Automatic,2nd Owner,BMW,2011,1400000,Comprehensive,22.69
Chennai,Petrol,Sedan,81532,Manual,1st Owner,Honda,2014,630000,Comprehensive,17.4
Chennai,Petrol,Sedan,108818,Manual,1st Owner,Honda,2015,530000,Third Party,17.4
Chennai,Petrol,Hatchback,35419,Manual,1st Owner,Maruti,2017,678000,Third Party,21.01
Chennai,Diesel,Sedan,80000,Automatic,2nd Owner,Mercedes-Benz,2011,1200000,Third Party,19.71
Chennai,Diesel,Sedan,100000,Manual,2nd Owner,Renault,2014,524000,Third Party,20.4
Chennai,Diesel,Sedan,12000,Automatic,1st Owner,Audi,2014,2150000,Comprehensive,17.11
Chennai,Diesel,Sedan,70001,Manual,1st Owner,Hyundai,2011,675000,Comprehensive,22.32
Chennai,Diesel,Sedan,61331,Manual,1st Owner,Hyundai,2014,470000,Comprehensive,24.4
Chennai,Diesel,Sedan,51438,Manual,1st Owner,Honda,2014,530000,Third Party,25.8
Chennai,Petrol,Hatchback,67988,Manual,1st Owner,Hyundai,2019,463000,Comprehensive,20.3
Chennai,Petrol,Hatchback,36032,Automatic,2nd Owner,Honda,2019,727000,Zero Dep,18.2
Chennai,Petrol,Sedan,114883,Manual,1st Owner,Honda,2015,515000,Comprehensive,17.4
Chennai,Petrol,Sedan,88584,Manual,1st Owner,Maruti,2016,547000,Zero Dep,22.41
Chennai,Diesel,Hatchback,97419,Manual,2nd Owner,Maruti,2012,307000,Third Party,23.2
Chennai,Petrol,SUV,70000,Automatic,1st Owner,BMW,2019,4800000,Third Party,13.17
Chennai,Diesel,SUV,106498,Manual,2nd Owner,Ford,2015,529000,Comprehensive,22.7
Chennai,Petrol,SUV,70000,Automatic,1st Owner,BMW,2019,4800000,Third Party,13.17
Chennai,Diesel,Hatchback,68177,Manual,2nd Owner,Maruti,2016,624000,Comprehensive,25.2
Chennai,Petrol,Sedan,27524,Manual,1st Owner,Skoda,2022,1816000,Zero Dep,18.72
Chennai,Diesel,SUV,75471,Manual,1st Owner,Maruti,2017,850000,Comprehensive,23.65
Chennai,Petrol,Sedan,8000,Manual,1st Owner,Honda,2021,745000,Comprehensive,18.6
Chennai,Petrol,MUV,13200,Automatic,1st Owner,Kia,2022,1690000,Comprehensive,22.7
Chennai,Petrol,SUV,20000,Manual,1st Owner,Hyundai,2021,1150000,Third Party,21.5
Chennai,Diesel,SUV,20000,Automatic,1st Owner,Citroen,2022,3000000,Third Party,18.6
Chennai,Petrol,Hatchback,60730,Manual,1st Owner,Maruti,2017,310000,Comprehensive,23.95
Chennai,Petrol,Sedan,44494,Manual,2nd Owner,Maruti,2016,495000,Comprehensive,20.85
Chennai,Petrol,MUV,20000,Manual,1st Owner,Maruti,2017,800000,Third Party,17.5
Chennai,Diesel,SUV,45673,Automatic,1st Owner,Tata,2019,825000,Comprehensive,21.5
Chennai,Diesel,SUV,26000,Manual,1st Owner,Toyota,2020,3575000,Comprehensive,14.24
Chennai,Petrol,Sedan,51878,Manual,1st Owner,Hyundai,2017,774000,Third Party,17.01
Chennai,Petrol,Hatchback,56747,Automatic,1st Owner,Nissan,2017,525000,Third Party,19.15
Chennai,Petrol,Hatchback,38000,Manual,1st Owner,Maruti,2018,600000,Comprehensive,20.4
Chennai,Petrol,Hatchback,76457,Manual,2nd Owner,Hyundai,2016,582000,Zero Dep,18.6
Chennai,Petrol,Hatchback,78880,Manual,2nd Owner,Honda,2017,551000,Comprehensive,18.7
Chennai,Petrol,Sedan,19593,Manual,1st Owner,Maruti,2015,525000,Comprehensive,20.85
Chennai,Petrol,Hatchback,84429,Manual,1st Owner,Hyundai,2016,583000,Zero Dep,18.6
Chennai,Diesel,Hatchback,27599,Manual,1st Owner,Hyundai,2021,825000,Third Party,25
Chennai,Petrol,MUV,76898,Manual,1st Owner,Renault,2020,670000,Zero Dep,20
Chennai,Petrol,Hatchback,119070,Manual,2nd Owner,Volkswagen,2013,396000,Comprehensive,16.47
Chennai,Diesel,Hatchback,120000,Manual,2nd Owner,Tata,2004,49000,Third Party,13.5
Chennai,Petrol,Sedan,32199,Manual,1st Owner,Maruti,2017,590000,Third Party,20.85
Chennai,Petrol,Hatchback,85607,Manual,1st Owner,Tata,2016,400000,Comprehensive,23.84
Chennai,Petrol,Hatchback,30000,Manual,1st Owner,Maruti,2019,700000,Third Party,21.4
Chennai,Diesel,SUV,80000,Manual,1st Owner,Mahindra,2017,700000,Third Party,18.49
Chennai,Diesel,SUV,1200000,Manual,1st Owner,Mahindra,2019,1150000,Comprehensive,21.5
Chennai,Petrol,Hatchback,45429,Automatic,1st Owner,Honda,2016,595000,Comprehensive,19
Chennai,Petrol,Hatchback,9000,Manual,1st Owner,Renault,2019,460000,Comprehensive,22.25
Chennai,Petrol,Hatchback,31000,Manual,1st Owner,Maruti,2019,395000,Comprehensive,24.7
Chennai,Diesel,Hatchback,81488,Manual,1st Owner,Volkswagen,2013,435000,Comprehensive,20.14
Chennai,Petrol,Hatchback,94439,Manual,1st Owner,Volkswagen,2019,666000,Third Party,18.78
Chennai,Petrol,Hatchback,98481,Manual,3rd Owner,Maruti,2013,380000,Third Party,22.38
Chennai,Petrol,Hatchback,20000,Manual,1st Owner,Maruti,2018,700000,Third Party,21.4
Chennai,Diesel,Sedan,100894,Automatic,2nd Owner,Volkswagen,2016,692000,Comprehensive,22.15
Chennai,Diesel,Hatchback,86215,Manual,1st Owner,Maruti,2016,590000,Third Party,25.2
Chennai,Diesel,Sedan,120000,Manual,2nd Owner,Ford,2006,125000,Third Party,17.8
Chennai,Petrol,Hatchback,98115,Manual,2nd Owner,Volkswagen,2017,520000,Third Party,16.2
Chennai,Petrol,Sedan,47125,Manual,1st Owner,Maruti,2019,695000,Third Party,17.5
Chennai,Petrol,Hatchback,4453,Manual,1st Owner,Maruti,2022,607000,Third Party,23.56
Chennai,Petrol,SUV,9991,Manual,1st Owner,Tata,2022,688000,Third Party,20.09
Chennai,Petrol,Hatchback,4564,Manual,1st Owner,Maruti,2021,660000,Comprehensive,18.9
Chennai,Diesel,Hatchback,108713,Manual,1st Owner,Ford,2012,250000,Comprehensive,20
Chennai,Petrol,Sedan,13000,Manual,1st Owner,Honda,2021,1245000,Comprehensive,18.6
Chennai,Petrol,SUV,55450,Manual,2nd Owner,Honda,2017,575000,Comprehensive,17.5
Chennai,Petrol,SUV,49000,Manual,1st Owner,Hyundai,2016,845000,Comprehensive,13
Chennai,Petrol,Sedan,86694,Manual,1st Owner,Hyundai,2015,405000,Comprehensive,20.14
Chennai,Diesel,Sedan,150000,Manual,2nd Owner,Maruti,2013,300000,Third Party,23.4
Chennai,Petrol,Sedan,25284,Manual,0th Owner,Honda,2019,925000,Zero Dep,17.4
Chennai,Petrol,Hatchback,30000,Manual,1st Owner,Toyota,2021,750000,Third Party,21.01
Chennai,Diesel,Sedan,109000,Automatic,2nd Owner,BMW,2015,1300000,Third Party,18.88
Chennai,Petrol,MUV,4605,Manual,1st Owner,Kia,2022,1714000,Comprehensive,16.2
Chennai,Petrol,SUV,49218,Manual,1st Owner,Kia,2020,928000,Comprehensive,18.2
Chennai,Petrol,Sedan,45568,Manual,1st Owner,Honda,2021,950000,Comprehensive,18.6
Chennai,Petrol,SUV,36035,Manual,1st Owner,Tata,2022,702000,Third Party,20.09
Chennai,Diesel,SUV,45242,Manual,1st Owner,Mahindra,2020,845000,Comprehensive,20.1
Chennai,Diesel,SUV,38000,Automatic,2nd Owner,Land Rover,2018,3475000,Comprehensive,12.51
Chennai,Petrol,Hatchback,52979,Automatic,1st Owner,Tata,2019,513000,Comprehensive,23.84
Chennai,Diesel,Sedan,67130,Manual,2nd Owner,Honda,2015,570000,Third Party,24.7
Chennai,Petrol,SUV,19595,Manual,1st Owner,Honda,2018,851000,Comprehensive,15.4
Chennai,Diesel,SUV,23183,Manual,1st Owner,Mahindra,2022,2350000,Third Party,21.5
Chennai,Diesel,Sedan,15000,Automatic,1st Owner,BMW,2022,5790000,Comprehensive,19.62
Chennai,Petrol,Hatchback,67558,Manual,1st Owner,Maruti,2014,370000,Comprehensive,23.1
Chennai,Petrol,SUV,40000,Manual,1st Owner,Hyundai,2021,1900000,Third Party,14.5
Chennai,Petrol,Hatchback,55664,Manual,1st Owner,Volkswagen,2014,460000,Comprehensive,16.47
Chennai,Petrol,Hatchback,55664,Manual,1st Owner,Volkswagen,2014,460000,Third Party,16.47
Chennai,Diesel,Hatchback,109324,Manual,1st Owner,Hyundai,2013,365000,Comprehensive,21.9
Chennai,Diesel,SUV,118008,Automatic,1st Owner,Skoda,2018,2600000,Comprehensive,16.25
Chennai,Diesel,SUV,72000,Manual,1st Owner,Renault,2016,790000,Comprehensive,19.72
Chennai,Diesel,Hatchback,86630,Manual,1st Owner,Maruti,2013,450000,Comprehensive,22.9
Chennai,Petrol,Hatchback,82476,Manual,1st Owner,Maruti,2014,370000,Comprehensive,20.51
Chennai,Petrol,Hatchback,27749,Automatic,2nd Owner,Hyundai,2019,665000,Third Party,20.7
Chennai,Petrol,SUV,21609,Automatic,1st Owner,Hyundai,2020,1036000,Third Party,18.15
Chennai,Petrol,Sedan,89609,Manual,1st Owner,Honda,2019,875000,Third Party,16
Chennai,Diesel,Hatchback,83556,Manual,2nd Owner,Ford,2019,539000,Comprehensive,24.4
Chennai,Petrol,SUV,31513,Manual,1st Owner,Tata,2022,847000,Third Party,20.09
Chennai,Petrol,Sedan,45939,Manual,1st Owner,Honda,2016,755000,Third Party,17.4
Chennai,Petrol,Hatchback,40531,Manual,1st Owner,Tata,2020,496000,Third Party,19.01
Chennai,Diesel,MUV,120000,Manual,3rd Owner,Mahindra,2009,375000,Third Party,13.6
Chennai,Petrol,SUV,17663,Automatic,1st Owner,Maruti,2020,1009000,Third Party,18.76
Chennai,Petrol,Hatchback,77706,Manual,3rd Owner,Hyundai,2013,339000,Third Party,18.9
Chennai,Diesel,SUV,49000,Automatic,1st Owner,Audi,2016,4900000,Comprehensive,14.75
Chennai,Diesel,SUV,60000,Automatic,1st Owner,Volvo,2019,6800000,Comprehensive,17.2
Chennai,Diesel,Sedan,35000,Automatic,1st Owner,BMW,2018,3400000,Comprehensive,20.37
Chennai,Diesel,SUV,54000,Automatic,1st Owner,Jaguar,2018,5000000,Comprehensive,16.38
Chennai,Petrol,Sedan,110000,Manual,1st Owner,Honda,2010,519000,Third Party,12.8
Chennai,Diesel,SUV,135000,Automatic,2nd Owner,Audi,2013,2150000,Comprehensive,12.07
Chennai,Diesel,Sedan,80000,Automatic,1st Owner,Audi,2012,1450000,Comprehensive,17.11
Chennai,Diesel,SUV,72020,Manual,1st Owner,Maruti,2018,825000,Third Party,23.65
Chennai,Diesel,MUV,98000,Manual,1st Owner,Toyota,2017,1850000,Comprehensive,13.68
Chennai,Petrol,Hatchback,36385,Manual,0th Owner,Maruti,2007,165000,Zero Dep,19.7
Chennai,Diesel,SUV,4259,Manual,1st Owner,Hyundai,2022,1991000,Third Party,20.4
Chennai,Diesel,SUV,12925,Automatic,1st Owner,Tata,2021,1994000,Third Party,14.6
Chennai,Petrol,SUV,27000,Automatic,1st Owner,Volkswagen,2022,1645000,Comprehensive,17.88
Chennai,Petrol,SUV,27425,Manual,2nd Owner,Tata,2019,719000,Comprehensive,17
Chennai,Petrol,Hatchback,13126,Automatic,1st Owner,Maruti,2021,633000,Zero Dep,26
Chennai,Petrol,MUV,57000,Manual,1st Owner,Maruti,2018,799000,Third Party,19.34
Chennai,Petrol,Hatchback,24500,Automatic,2nd Owner,Maruti,2020,861000,Comprehensive,21.4
Chennai,Petrol,Sedan,40000,Manual,1st Owner,Maruti,2020,610000,Third Party,22.41
Chennai,Petrol,MUV,27216,Manual,1st Owner,Renault,2021,749000,Zero Dep,20
Chennai,Petrol,Hatchback,12060,Manual,1st Owner,Tata,2021,648000,Comprehensive,19.01
Chennai,Diesel,Sedan,150000,Manual,1st Owner,Maruti,2009,250000,Third Party,19.3
Chennai,Petrol,Hatchback,46931,Manual,2nd Owner,Hyundai,2012,265000,Comprehensive,21.1
Chennai,Petrol,Hatchback,60000,Manual,1st Owner,Volkswagen,2014,490000,Comprehensive,16.47
Chennai,Petrol,SUV,45787,Manual,1st Owner,Kia,2020,1590000,Third Party,16.5
Chennai,Petrol,Sedan,80000,Manual,2nd Owner,Tata,2009,114000,Third Party,14.4
Chennai,Diesel,Sedan,44000,Manual,1st Owner,Honda,2014,475000,Comprehensive,25.8
Chennai,Petrol,Sedan,4786,Automatic,1st Owner,Honda,2020,973000,Third Party,18.3
Chennai,Petrol,Hatchback,39024,Manual,1st Owner,Hyundai,2018,630000,Comprehensive,18.6
Chennai,Petrol,Sedan,6000,Automatic,1st Owner,BMW,2022,5850000,Comprehensive,15.3
Chennai,Petrol,Hatchback,40000,Manual,1st Owner,Tata,2014,150000,Third Party,25.4
Chennai,Petrol,SUV,114386,Manual,1st Owner,Hyundai,2018,827000,Third Party,15.8
Chennai,Petrol,MUV,27369,Manual,1st Owner,Renault,2022,715000,Third Party,20
Chennai,Diesel,MUV,58000,Manual,1st Owner,Toyota,2019,2100000,Comprehensive,13.68
Chennai,Petrol,Hatchback,16561,Manual,2nd Owner,Hyundai,2019,569000,Comprehensive,18.9
Chennai,Petrol,Hatchback,23328,Manual,1st Owner,Renault,2021,490000,Comprehensive,21.74
Chennai,Petrol,Hatchback,16473,Manual,1st Owner,Maruti,2020,485000,Comprehensive,21.7
Chennai,Petrol,Hatchback,46375,Manual,2nd Owner,Honda,2017,452000,Third Party,18.5
Chennai,Petrol,Hatchback,16473,Manual,1st Owner,Maruti,2020,485000,Comprehensive,21.7
Chennai,Petrol,Hatchback,91799,Automatic,1st Owner,Maruti,2017,622000,Comprehensive,21.4
Chennai,Petrol,Hatchback,38919,Manual,3rd Owner,Hyundai,2016,554000,Comprehensive,18.6
Chennai,Petrol,Hatchback,70235,Manual,1st Owner,Maruti,2016,375000,Comprehensive,18.9
Chennai,Petrol,Sedan,3989,Automatic,1st Owner,Honda,2020,967000,Third Party,18.3
Chennai,Diesel,Sedan,91773,Manual,1st Owner,Honda,2015,475000,Comprehensive,24.7
Chennai,Petrol,Hatchback,60000,Manual,2nd Owner,Maruti,2019,320000,Third Party,22.05
Chennai,Petrol,Sedan,28906,Manual,1st Owner,Honda,2018,695000,Comprehensive,18.6
Chennai,Diesel,Hatchback,150000,Manual,1st Owner,Maruti,2016,350000,Third Party,27.62
Chennai,Petrol,Hatchback,70000,Manual,3rd Owner,Hyundai,2009,250000,Third Party,17
Chennai,Diesel,SUV,70000,Manual,1st Owner,Mahindra,2017,1250000,Comprehensive,16
Chennai,Petrol,Hatchback,43428,Manual,1st Owner,Maruti,2014,260000,Third Party,22.74
Chennai,Diesel,Hatchback,67000,Manual,1st Owner,Chevrolet,2013,285000,Comprehensive,25.44
Chennai,Petrol,Hatchback,70528,Automatic,1st Owner,Maruti,2017,616000,Comprehensive,21.4
Chennai,Petrol,Hatchback,35413,Manual,1st Owner,Hyundai,2016,594000,Third Party,18.6
Chennai,Petrol,Hatchback,40000,Manual,2nd Owner,Maruti,2018,320000,Third Party,24.7
Chennai,Petrol,Hatchback,66285,Automatic,1st Owner,Honda,2017,647000,Third Party,19
Chennai,Petrol,SUV,83129,Automatic,1st Owner,Kia,2019,1400000,Zero Dep,16.5
Chennai,Petrol,Sedan,87055,Manual,1st Owner,Honda,2016,600000,Comprehensive,17.4
Chennai,Petrol,Hatchback,37218,Manual,2nd Owner,Hyundai,2019,505000,Third Party,18.9
Chennai,Petrol,SUV,60000,Manual,1st Owner,Hyundai,2019,900000,Third Party,18.27
Chennai,Petrol,Hatchback,33640,Manual,1st Owner,Hyundai,2019,730000,Third Party,18.6
Chennai,Petrol,Hatchback,23608,Manual,1st Owner,Ford,2020,648000,Comprehensive,18.5
Chennai,Petrol,Hatchback,22353,Manual,1st Owner,Hyundai,2013,435000,Comprehensive,18.5
Chennai,Diesel,Sedan,120000,Automatic,1st Owner,Skoda,2017,900000,Third Party,21.72
Chennai,Petrol,Sedan,54241,Manual,1st Owner,Honda,2018,740000,Comprehensive,17.4
Chennai,Petrol,Hatchback,86173,Manual,1st Owner,Maruti,2012,320000,Third Party,21.79
Chennai,Petrol,Hatchback,91143,Manual,1st Owner,Hyundai,2011,295000,Comprehensive,20.36
Chennai,Diesel,SUV,36000,Manual,1st Owner,Mahindra,2016,790000,Comprehensive,18.49
Chennai,Petrol,Sedan,108818,Manual,1st Owner,Honda,2015,530000,Third Party,17.4
Chennai,Diesel,Hatchback,120000,Manual,2nd Owner,Volkswagen,2011,315000,Third Party,22.07
Chennai,Diesel,Sedan,107000,Automatic,2nd Owner,Mercedes-Benz,2008,850000,Comprehensive,14.84
Chennai,Petrol,Sedan,90530,Manual,1st Owner,Honda,2014,570000,Comprehensive,17
Chennai,Petrol,Hatchback,77957,Manual,1st Owner,Hyundai,2016,576000,Comprehensive,18.6
Chennai,Petrol,SUV,81394,Manual,2nd Owner,Hyundai,2017,842000,Third Party,13
Chennai,Petrol,Sedan,64341,Manual,1st Owner,Maruti,2017,675000,Third Party,20.73
Chennai,Petrol,Hatchback,33407,Manual,1st Owner,Hyundai,2017,518000,Comprehensive,18.9
Chennai,Petrol,Hatchback,14811,Manual,1st Owner,Datsun,2021,397000,Comprehensive,20.71
Chennai,Petrol,Sedan,37000,Manual,1st Owner,Skoda,2017,775000,Comprehensive,14.3
Chennai,Diesel,SUV,49326,Manual,2nd Owner,Jeep,2017,1166000,Third Party,17.1
Chennai,Petrol,Sedan,120000,Manual,3rd Owner,Honda,2009,450000,Third Party,9.8
Chennai,Petrol,Hatchback,4939,Automatic,1st Owner,Tata,2022,732000,Zero Dep,20.09
Chennai,Petrol,SUV,82620,Automatic,1st Owner,Ford,2014,577000,Comprehensive,16.5
Chennai,Petrol,Sedan,60000,Manual,2nd Owner,Skoda,2009,600000,Third Party,13.14
Chennai,Diesel,Hatchback,86857,Manual,1st Owner,Volkswagen,2015,510000,Third Party,20.14
Chennai,Diesel,Sedan,70000,Automatic,3rd Owner,Mercedes-Benz,2010,900000,Third Party,14.84
Chennai,Diesel,SUV,120000,Automatic,2nd Owner,Audi,2012,1500000,Third Party,11.33
Chennai,Petrol,Hatchback,14483,Automatic,1st Owner,Maruti,2022,625000,Third Party,25.19
Chennai,Diesel,SUV,19000,Manual,1st Owner,Hyundai,2022,1275000,Comprehensive,21.5
Chennai,Petrol,Hatchback,36202,Manual,1st Owner,Ford,2016,395000,Comprehensive,18.16
Chennai,Petrol,MUV,30000,Manual,1st Owner,Datsun,2017,320000,Third Party,19.44
Chennai,Diesel,Hatchback,70000,Manual,1st Owner,Ford,2017,450000,Third Party,24.29
Chennai,Petrol,SUV,20000,Manual,1st Owner,Hyundai,2022,1085000,Third Party,21.5
Chennai,Petrol,Hatchback,24077,Manual,1st Owner,Datsun,2021,400000,Comprehensive,20.71
Chennai,Diesel,Sedan,81985,Manual,1st Owner,Maruti,2012,485000,Comprehensive,19.3
Chennai,Petrol,MUV,30000,Automatic,2nd Owner,Maruti,2020,985000,Third Party,17.99
Chennai,Petrol,Sedan,91841,Manual,1st Owner,Honda,2017,681000,Third Party,17.8
Chennai,Petrol,SUV,64961,Automatic,3rd Owner,Ford,2016,621000,Third Party,15.63
Chennai,Petrol,Hatchback,20950,Automatic,1st Owner,Maruti,2018,410000,Comprehensive,23.95
Chennai,Petrol,Hatchback,94348,Manual,2nd Owner,Hyundai,2016,505000,Comprehensive,18.6
Chennai,Diesel,SUV,32000,Manual,1st Owner,Hyundai,2022,1290000,Comprehensive,21.5
Chennai,Petrol,Hatchback,51744,Manual,1st Owner,Hyundai,2019,708000,Third Party,18.6
Chennai,Diesel,SUV,81152,Automatic,2nd Owner,Mahindra,2020,1734000,Comprehensive,15.1
Chennai,Petrol,Sedan,19516,Manual,1st Owner,Honda,2018,650000,Comprehensive,18.6
Chennai,Petrol,Hatchback,29093,Manual,1st Owner,Maruti,2021,760000,Comprehensive,18.6
Chennai,Diesel,Sedan,54408,Automatic,1st Owner,Honda,2018,785000,Third Party,23.8
Chennai,Petrol,Hatchback,16000,Manual,1st Owner,Maruti,2019,745000,Comprehensive,21.01
Chennai,Diesel,SUV,100000,Automatic,1st Owner,Ford,2018,2000000,Third Party,12.62
Chennai,Petrol,Hatchback,56876,Manual,1st Owner,Datsun,2016,270000,Comprehensive,22.7
Chennai,Diesel,Hatchback,50000,Manual,1st Owner,Volkswagen,2014,450000,Third Party,22.07
Chennai,Petrol,Sedan,84505,Manual,2nd Owner,Honda,2015,420000,Comprehensive,18.6
Chennai,Diesel,MUV,34000,Automatic,1st Owner,Toyota,2021,2790000,Comprehensive,12
Chennai,Petrol,Hatchback,22305,Manual,1st Owner,Maruti,2020,550000,Comprehensive,21.79
Chennai,Petrol,Hatchback,33573,Manual,1st Owner,Renault,2019,421000,Comprehensive,23.01
Chennai,Petrol,Hatchback,33615,Manual,1st Owner,Datsun,2019,303000,Third Party,22.7
Chennai,Petrol,Hatchback,30000,Automatic,2nd Owner,Honda,2018,780000,Third Party,18.2
Chennai,Petrol,Sedan,34935,Manual,1st Owner,Tata,2020,643000,Comprehensive,20.3
Chennai,Petrol,Hatchback,66511,Automatic,2nd Owner,Maruti,2018,474000,Comprehensive,23.1
Chennai,Petrol,Sedan,24000,Automatic,1st Owner,Toyota,2021,4200000,Comprehensive,19.16
Chennai,Petrol,Sedan,68979,Manual,1st Owner,Maruti,2017,644000,Comprehensive,21.21
Chennai,Petrol,MUV,50000,Manual,1st Owner,Maruti,2021,1200000,Third Party,19.01
Chennai,Petrol,Hatchback,45161,Automatic,2nd Owner,Maruti,2019,519000,Comprehensive,20.51
Chennai,Diesel,SUV,42917,Manual,1st Owner,Ford,2018,811000,Comprehensive,23
Chennai,Petrol,Hatchback,20000,Manual,1st Owner,Maruti,2019,725000,Third Party,21.01
Chennai,Petrol,Hatchback,32000,Automatic,1st Owner,Maruti,2018,725000,Comprehensive,19.56
Chennai,Diesel,Hatchback,40000,Manual,1st Owner,Hyundai,2019,750000,Third Party,22.54
Chennai,Petrol,Sedan,29911,Manual,1st Owner,Honda,2020,950000,Comprehensive,17.4
Chennai,Petrol,Sedan,23000,Automatic,1st Owner,Hyundai,2018,925000,Comprehensive,17
Chennai,Diesel,Sedan,100000,Manual,2nd Owner,Tata,2018,525000,Third Party,22.95
Chennai,Diesel,MUV,42000,Manual,1st Owner,Toyota,2016,1875000,Comprehensive,13.68
Chennai,Diesel,Sedan,58000,Automatic,1st Owner,Mercedes-Benz,2016,2650000,Comprehensive,19.27
Chennai,Diesel,Hatchback,53764,Manual,1st Owner,Maruti,2015,550000,Comprehensive,25.2
Chennai,Petrol,Hatchback,61455,Manual,1st Owner,Hyundai,2015,500000,Third Party,18.9
Chennai,Petrol,SUV,52732,Automatic,2nd Owner,Jeep,2018,1209000,Zero Dep,16
Chennai,Petrol,Hatchback,61159,Automatic,2nd Owner,Honda,2017,656000,Comprehensive,19
Chennai,Petrol,Hatchback,90000,Manual,2nd Owner,Hyundai,2010,295000,Third Party,17
Chennai,Petrol,Sedan,95296,Manual,1st Owner,Honda,2015,431000,Comprehensive,18
Chennai,Petrol,SUV,106506,Manual,1st Owner,Hyundai,2018,895000,Comprehensive,15.8
Chennai,Diesel,Sedan,70000,Automatic,2nd Owner,BMW,2012,1500000,Third Party,16.73
Chennai,Petrol,Hatchback,108551,Manual,2nd Owner,Hyundai,2015,392000,Comprehensive,18.9
Chennai,Diesel,Sedan,54186,Manual,1st Owner,Honda,2014,470000,Comprehensive,25.8
Chennai,Petrol,Sedan,106848,Automatic,1st Owner,Honda,2018,726000,Comprehensive,19
Chennai,Petrol,Sedan,38464,Automatic,2nd Owner,Volkswagen,2020,1023000,Third Party,16.35
Chennai,Petrol,Hatchback,59841,Manual,1st Owner,Maruti,2017,500000,Third Party,20.89
Chennai,Diesel,SUV,3000,Automatic,1st Owner,Toyota,2023,4550000,Comprehensive,21.5
Chennai,Petrol,SUV,19649,Automatic,1st Owner,Hyundai,2020,1590000,Third Party,18.9
Chennai,Diesel,Sedan,3300,Automatic,1st Owner,BMW,2021,5600000,Comprehensive,19.62
Chennai,Petrol,Sedan,60000,Manual,3rd Owner,Ford,2003,140000,Third Party,9
Chennai,Petrol,SUV,40000,Automatic,1st Owner,Hyundai,2021,1900000,Third Party,14.2
Chennai,Petrol,SUV,27000,Automatic,1st Owner,Kia,2020,1425000,Comprehensive,15
Chennai,Petrol,Hatchback,20950,Automatic,1st Owner,Maruti,2018,410000,Comprehensive,23.95
Chennai,Diesel,SUV,50000,Manual,1st Owner,Jeep,2018,1250000,Third Party,17.1
Chennai,Petrol,Hatchback,39000,Manual,1st Owner,Tata,2014,125000,Third Party,25.4
Chennai,Petrol,SUV,55927,Manual,1st Owner,Hyundai,2017,903000,Comprehensive,15.29
Chennai,Petrol,Hatchback,35325,Manual,2nd Owner,Hyundai,2014,488000,Comprehensive,18.6
Chennai,Petrol,Hatchback,20000,Manual,2nd Owner,Maruti,2020,660000,Third Party,21.01
Chennai,Petrol,Hatchback,41248,Manual,1st Owner,Hyundai,2017,604000,Third Party,18.6
Chennai,Petrol,Hatchback,70076,Manual,1st Owner,Tata,2016,417000,Third Party,23.84
Chennai,Petrol,SUV,128398,Manual,1st Owner,Mahindra,2016,405000,Comprehensive,16.82
Chennai,Petrol,Hatchback,20973,Automatic,3rd Owner,Maruti,2017,444000,Comprehensive,20.51
Chennai,Petrol,Hatchback,90000,Manual,2nd Owner,Maruti,2007,220000,Third Party,16.1
Chennai,Petrol,Sedan,98807,Manual,1st Owner,Hyundai,2020,615000,Comprehensive,20.5
Chennai,Petrol,Sedan,102249,Manual,2nd Owner,Honda,2015,396000,Comprehensive,18
Chennai,Petrol,Hatchback,18837,Automatic,1st Owner,Hyundai,2018,650000,Comprehensive,18.9
Chennai,Diesel,SUV,50000,Manual,1st Owner,Jeep,2018,1400000,Comprehensive,17.1
Chennai,Petrol,Hatchback,120000,Manual,1st Owner,Hyundai,2012,210000,Third Party,21.1
Chennai,Diesel,MUV,19000,Automatic,1st Owner,Toyota,2021,2475000,Comprehensive,12
Chennai,Petrol,Hatchback,10000,Manual,1st Owner,Maruti,2020,400000,Third Party,22.05
Chennai,Petrol,Hatchback,128876,Automatic,1st Owner,Maruti,2015,350000,Comprehensive,21.63
Chennai,Petrol,Hatchback,37942,Manual,0th Owner,Maruti,2016,430000,Zero Dep,20.51
Chennai,Petrol,Hatchback,37300,Manual,1st Owner,Hyundai,2018,515000,Comprehensive,18.9
Chennai,Diesel,SUV,30000,Automatic,2nd Owner,Mercedes-Benz,2017,3750000,Comprehensive,17.9
Chennai,Petrol,Hatchback,60000,Manual,1st Owner,Maruti,2002,120000,Third Party,17.3
Chennai,Diesel,Hatchback,82784,Manual,1st Owner,Hyundai,2014,492000,Comprehensive,22.54
Chennai,Petrol,Sedan,63274,Manual,1st Owner,Maruti,2021,731000,Third Party,22.41
Chennai,Petrol,Hatchback,87521,Automatic,1st Owner,Maruti,2015,345000,Comprehensive,23.95
Chennai,Petrol,Hatchback,77388,Manual,2nd Owner,Hyundai,2017,523000,Third Party,17.19
Chennai,Petrol,Hatchback,114772,Manual,1st Owner,Maruti,2014,302000,Comprehensive,20.51
Chennai,Diesel,MUV,40000,Manual,1st Owner,Toyota,2019,2300000,Third Party,13.68
Chennai,Petrol,MUV,62493,Manual,2nd Owner,Datsun,2019,500000,Third Party,19.83
Chennai,Petrol,Sedan,20000,Manual,1st Owner,Honda,2021,1350000,Third Party,18.6
Chennai,Petrol,Hatchback,59985,Manual,1st Owner,Hyundai,2019,472000,Comprehensive,20.3
Chennai,Petrol,Sedan,104073,Manual,2nd Owner,Maruti,2017,564000,Comprehensive,20.73
Chennai,Diesel,Sedan,100000,Manual,2nd Owner,Hyundai,2017,410000,Third Party,25.4
Chennai,Diesel,Hatchback,120000,Manual,1st Owner,Tata,2017,470000,Third Party,27.28
Chennai,Petrol,Hatchback,53819,Automatic,1st Owner,Maruti,2017,630000,Comprehensive,21.4
Chennai,Diesel,Hatchback,98914,Manual,1st Owner,Ford,2016,375000,Third Party,25.83
Chennai,Diesel,Sedan,110000,Manual,1st Owner,Volkswagen,2017,520000,Third Party,21.66
Chennai,Diesel,SUV,110000,Manual,3rd Owner,Mahindra,2015,1000000,Third Party,16
Chennai,Petrol,Sedan,4135,Manual,1st Owner,Honda,2022,1597000,Third Party,17.4
Chennai,Petrol,Hatchback,35000,Automatic,1st Owner,Hyundai,2019,800000,Comprehensive,17.4
Chennai,Petrol,Hatchback,35983,Manual,1st Owner,Honda,2017,575000,Third Party,18.7
Chennai,Diesel,SUV,45000,Manual,1st Owner,Jeep,2020,2050000,Comprehensive,16.3
Chennai,Diesel,SUV,91109,Manual,1st Owner,Tata,2019,1422000,Zero Dep,17
Chennai,Petrol,Sedan,23325,Manual,1st Owner,Hyundai,2018,562000,Zero Dep,20.14
Chennai,Petrol,Hatchback,51690,Automatic,1st Owner,Honda,2018,690000,Comprehensive,18.2
Chennai,Petrol,Hatchback,69786,Manual,2nd Owner,Hyundai,2017,573000,Comprehensive,17.19
Chennai,Petrol,Sedan,53612,Automatic,2nd Owner,Tata,2018,558000,Comprehensive,20.3
Chennai,Petrol,Hatchback,41502,Manual,1st Owner,Maruti,2018,580000,Comprehensive,21.21
Chennai,Petrol,SUV,43841,Manual,2nd Owner,Honda,2017,684000,Third Party,17.5
Chennai,Petrol,Hatchback,110000,Manual,2nd Owner,Hyundai,2010,290000,Third Party,17
Chennai,Petrol,SUV,77380,Automatic,1st Owner,Ford,2018,762000,Comprehensive,14.8
Chennai,Petrol,Hatchback,69269,Manual,1st Owner,Maruti,2018,663000,Third Party,21.1
Chennai,Diesel,SUV,53060,Manual,1st Owner,Maruti,2018,870000,Third Party,23.65
Chennai,Petrol,Sedan,70000,Manual,2nd Owner,Mitsubishi,2011,320000,Third Party,13.17
Chennai,Petrol,Sedan,58071,Manual,1st Owner,Honda,2017,750000,Comprehensive,17
Chennai,Petrol,Sedan,500,Automatic,1st Owner,BMW,2023,4750000,Comprehensive,14.82
Chennai,Diesel,SUV,40000,Manual,1st Owner,Ford,2021,950000,Third Party,21.7
Chennai,Petrol,MUV,20000,Automatic,2nd Owner,Maruti,2020,1025000,Third Party,17.99
Chennai,Petrol,Sedan,68283,Manual,2nd Owner,Maruti,2008,245000,Third Party,17.5
Chennai,Petrol,Sedan,73045,Manual,0th Owner,Honda,2014,395000,Zero Dep,18
Chennai,Diesel,SUV,49000,Manual,1st Owner,Hyundai,2018,1080000,Comprehensive,22.1
Chennai,Diesel,MUV,150000,Manual,1st Owner,Chevrolet,2009,200000,Third Party,12.2
Chennai,Petrol,Hatchback,47547,Manual,2nd Owner,Hyundai,2016,608000,Third Party,18.6
Chennai,Diesel,Hatchback,100844,Manual,2nd Owner,Hyundai,2017,698000,Third Party,21.19
Chennai,Diesel,Sedan,158945,Manual,1st Owner,Honda,2013,335000,Third Party,24.7
Chennai,Diesel,Hatchback,111275,Manual,1st Owner,Hyundai,2014,502000,Third Party,22.54
Chennai,Petrol,SUV,71770,Automatic,2nd Owner,Hyundai,2018,1027000,Comprehensive,14.8
Chennai,Petrol,Sedan,40000,Manual,1st Owner,Hyundai,2019,900000,Third Party,17
Chennai,Petrol,SUV,55435,Manual,1st Owner,Honda,2017,769000,Comprehensive,17.5
Chennai,Petrol,Sedan,51396,Automatic,1st Owner,Maruti,2016,595000,Third Party,18.5
Chennai,Petrol,Hatchback,79063,Manual,2nd Owner,Maruti,2015,375000,Comprehensive,20.51
Chennai,Petrol,Sedan,89570,Manual,1st Owner,Maruti,2015,585000,Comprehensive,20.73
Chennai,Petrol,Sedan,50000,Manual,2nd Owner,Hyundai,2012,450000,Third Party,17.01
Chennai,Diesel,SUV,30000,Manual,1st Owner,Tata,2022,2150000,Third Party,16.14
Chennai,Diesel,Sedan,100000,Automatic,2nd Owner,BMW,2012,995000,Third Party,18.88
Chennai,Petrol,Sedan,18477,Manual,1st Owner,Honda,2021,1100000,Comprehensive,17
Chennai,Petrol,Hatchback,120000,Manual,3rd Owner,Volkswagen,2014,350000,Third Party,16.47
Chennai,Petrol,Sedan,77204,Automatic,1st Owner,Maruti,2018,730000,Comprehensive,20.28
Chennai,Diesel,Sedan,70000,Automatic,2nd Owner,BMW,2012,1000000,Third Party,16.73
Chennai,Diesel,SUV,78000,Manual,1st Owner,Toyota,2013,1791000,Comprehensive,13
Chennai,Diesel,Sedan,55000,Automatic,2nd Owner,BMW,2012,1350000,Comprehensive,22.69
Chennai,Petrol,Hatchback,30272,Manual,1st Owner,Hyundai,2017,510000,Comprehensive,17
Chennai,Petrol,SUV,64285,Manual,1st Owner,Ford,2018,860000,Third Party,18.88
Chennai,Diesel,Hatchback,76697,Manual,3rd Owner,Hyundai,2014,485000,Zero Dep,22.54
Chennai,Diesel,Hatchback,100000,Automatic,1st Owner,Mini,2015,1700000,Third Party,20.7
Chennai,Petrol,Sedan,95291,Automatic,1st Owner,Maruti,2017,636000,Third Party,21.21
Chennai,Petrol,Sedan,84005,Manual,1st Owner,Volkswagen,2017,571000,Comprehensive,17
Chennai,Petrol,SUV,8000,Automatic,1st Owner,Renault,2021,825000,Comprehensive,19.03
Chennai,Petrol,Hatchback,49254,Manual,1st Owner,Datsun,2021,393000,Zero Dep,21.7
Chennai,Diesel,SUV,20000,Manual,1st Owner,Kia,2021,1100000,Third Party,18.4
Chennai,Petrol,Hatchback,97522,Manual,2nd Owner,Hyundai,2016,420000,Third Party,18.9
Chennai,Petrol,SUV,34097,Manual,1st Owner,Ford,2017,704000,Zero Dep,18.88
Chennai,Petrol,SUV,10000,Automatic,1st Owner,Nissan,2022,950000,Third Party,17.4
Chennai,Diesel,SUV,3000,Automatic,1st Owner,Mercedes-Benz,2022,9000000,Comprehensive,19.03
Chennai,Petrol,Hatchback,19252,Manual,0th Owner,Hyundai,2021,770000,Zero Dep,20
Chennai,Diesel,SUV,30000,Automatic,1st Owner,Kia,2020,1200000,Third Party,24.04
Chennai,Petrol,Hatchback,80000,Manual,3rd Owner,Fiat,2010,120000,Third Party,14.6
Chennai,Petrol,Sedan,25581,Manual,1st Owner,Maruti,2021,750000,Comprehensive,20.85
Chennai,Petrol,SUV,34000,Automatic,1st Owner,Skoda,2022,3750000,Comprehensive,12.78
Chennai,Diesel,SUV,45000,Automatic,1st Owner,BMW,2018,2655000,Comprehensive,20.68
Chennai,Petrol,Hatchback,20000,Automatic,2nd Owner,Renault,2019,410000,Third Party,24.04
Chennai,Petrol,SUV,20000,Manual,1st Owner,Nissan,2021,1050000,Third Party,20
Chennai,Diesel,Hatchback,123394,Manual,1st Owner,Maruti,2016,622000,Third Party,27.39
Chennai,Diesel,Hatchback,106275,Manual,2nd Owner,Volkswagen,2018,730000,Comprehensive,20.14
Chennai,Petrol,Sedan,58416,Manual,1st Owner,Honda,2019,950000,Third Party,17.4
Chennai,Petrol,Hatchback,18704,Manual,2nd Owner,Maruti,2017,357000,Comprehensive,23.95
Chennai,Petrol,Sedan,27166,Manual,1st Owner,Honda,2015,621000,Comprehensive,17.4
Chennai,Petrol,Sedan,30000,Automatic,2nd Owner,Honda,2020,1125000,Third Party,18.3
Chennai,Diesel,SUV,76384,Automatic,1st Owner,Kia,2021,1639000,Third Party,18
Chennai,Diesel,SUV,45000,Automatic,1st Owner,Hyundai,2017,1215000,Comprehensive,17.01
Chennai,Petrol,Hatchback,17160,Manual,1st Owner,Hyundai,2016,635000,Third Party,18.6
Chennai,Petrol,SUV,15817,Manual,1st Owner,Volkswagen,2022,1466000,Third Party,20.08
Chennai,Petrol,Hatchback,10000,Manual,2nd Owner,Renault,2021,500000,Third Party,21.74
Chennai,Petrol,Hatchback,31268,Manual,0th Owner,Renault,2020,425000,Zero Dep,21.74
Chennai,Petrol,Hatchback,7267,Manual,1st Owner,Maruti,2019,500000,Third Party,23.1
Chennai,Petrol,Hatchback,30000,Manual,2nd Owner,Honda,2017,550000,Third Party,18.7
Chennai,Petrol,Hatchback,60000,Manual,2nd Owner,Tata,2012,87000,Third Party,25.4
Chennai,Diesel,SUV,100000,Manual,3rd Owner,Mahindra,2013,490000,Third Party,12.05
Chennai,Petrol,Sedan,222996,Manual,1st Owner,Honda,2014,300000,Comprehensive,18.6
Chennai,Petrol,SUV,30742,Manual,1st Owner,Honda,2018,770000,Third Party,17.5
Chennai,Diesel,Hatchback,110000,Manual,1st Owner,Maruti,2014,390000,Third Party,25.2
Chennai,Diesel,Hatchback,132787,Manual,2nd Owner,Ford,2010,210000,Comprehensive,20
Chennai,Diesel,SUV,29351,Automatic,1st Owner,Tata,2021,1105000,Comprehensive,22.07
Chennai,Petrol,SUV,10048,Manual,1st Owner,Tata,2018,725000,Zero Dep,17
Chennai,Petrol,Sedan,50000,Manual,2nd Owner,Maruti,2016,580000,Third Party,20.73
Chennai,Petrol,Hatchback,14696,Automatic,1st Owner,Maruti,2017,659000,Comprehensive,21.4
Chennai,Petrol,Hatchback,27153,Manual,1st Owner,Renault,2016,356000,Comprehensive,25.17
Chennai,Petrol,Hatchback,50000,Manual,1st Owner,Hyundai,2016,480000,Third Party,18.9
Chennai,Petrol,MUV,43879,Manual,1st Owner,Renault,2021,689000,Comprehensive,20
Chennai,Petrol,Hatchback,40480,Manual,1st Owner,Volkswagen,2017,625000,Third Party,16.2
Chennai,Petrol,SUV,32112,Manual,1st Owner,Ford,2018,803000,Zero Dep,17
Chennai,Petrol,Hatchback,31239,Manual,2nd Owner,Maruti,2017,516000,Comprehensive,25.24
Chennai,Diesel,Sedan,20000,Manual,1st Owner,Maruti,2018,950000,Third Party,28.09
Chennai,Diesel,SUV,80000,Manual,2nd Owner,Mahindra,2014,825000,Third Party,15.1
Chennai,Diesel,Hatchback,91112,Manual,1st Owner,Mahindra,2017,375000,Comprehensive,25.32
Chennai,Petrol,Hatchback,68767,Manual,0th Owner,Maruti,2009,180000,Zero Dep,19.7
Chennai,Petrol,MUV,30000,Automatic,1st Owner,Kia,2022,1900000,Third Party,16.5
Chennai,Petrol,SUV,10000,Manual,1st Owner,Kia,2022,900000,Third Party,18.4
Chennai,Petrol,Hatchback,42600,Manual,1st Owner,Maruti,2013,205000,Comprehensive,22.74
Chennai,Petrol,Hatchback,13270,Manual,0th Owner,Maruti,2021,710000,Zero Dep,21.01
Chennai,Petrol,Sedan,40000,Manual,1st Owner,Maruti,2019,630000,Third Party,21.21
Chennai,Petrol,Sedan,120000,Manual,3rd Owner,Ford,2009,155000,Third Party,15.3
Chennai,Petrol,Sedan,22286,Manual,2nd Owner,Honda,2017,799000,Third Party,17.8
Chennai,Petrol,Hatchback,12132,Manual,1st Owner,Maruti,2022,630000,Comprehensive,20.52
Chennai,Petrol,Hatchback,79048,Manual,1st Owner,Tata,2018,415000,Third Party,19.01
Chennai,Petrol,Hatchback,48360,Manual,3rd Owner,Tata,2016,417000,Third Party,23.84
Chennai,Petrol,Hatchback,54538,Manual,2nd Owner,Renault,2016,334000,Comprehensive,25.17
Chennai,Petrol,Sedan,32157,Manual,1st Owner,Maruti,2017,590000,Third Party,20.85
Chennai,Petrol,SUV,34182,Manual,1st Owner,Kia,2019,1029000,Zero Dep,16.8
Chennai,Diesel,Hatchback,176801,Manual,1st Owner,Maruti,2009,250000,Comprehensive,28.4
Chennai,Petrol,SUV,81508,Manual,1st Owner,Nissan,2021,711000,Comprehensive,18.75
Chennai,Petrol,SUV,42036,Automatic,2nd Owner,Tata,2020,950000,Comprehensive,16.35
Chennai,Diesel,SUV,22500,Automatic,1st Owner,Mercedes-Benz,2015,2140000,Comprehensive,13
Chennai,Petrol,Sedan,80000,Manual,3rd Owner,Chevrolet,2008,140000,Third Party,14.49
Chennai,Petrol,SUV,29640,Manual,1st Owner,Honda,2017,760000,Third Party,17.5
Chennai,Diesel,SUV,52000,Automatic,1st Owner,Land Rover,2018,7000000,Comprehensive,22.3
Chennai,Diesel,Hatchback,100000,Manual,3rd Owner,Hyundai,2012,300000,Third Party,21.9
Chennai,Diesel,SUV,32000,Manual,1st Owner,Ford,2020,1080000,Comprehensive,21.7
Chennai,Petrol,Sedan,23678,Manual,2nd Owner,Maruti,2016,650000,Third Party,20.73
Chennai,Petrol,Hatchback,38502,Manual,1st Owner,Maruti,2018,680000,Comprehensive,21.01
Chennai,Diesel,SUV,100000,Automatic,1st Owner,Skoda,2018,2200000,Comprehensive,16.25
Chennai,Petrol,Hatchback,30000,Manual,2nd Owner,Ford,2020,515000,Third Party,18.5
Chennai,Petrol,Hatchback,40091,Manual,1st Owner,Hyundai,2019,520000,Comprehensive,18.9
Chennai,Petrol,Hatchback,48113,Manual,1st Owner,Renault,2016,344000,Third Party,25.17
Chennai,Diesel,Sedan,50000,Automatic,1st Owner,Mercedes-Benz,2017,3100000,Third Party,19.27
Chennai,Petrol,SUV,50486,Manual,1st Owner,Hyundai,2021,923000,Comprehensive,18.27
Chennai,Petrol,Hatchback,26465,Automatic,1st Owner,Honda,2017,662000,Third Party,19
Chennai,Petrol,Sedan,50000,Automatic,2nd Owner,Mercedes-Benz,2008,750000,Third Party,11.74
Chennai,Petrol,Sedan,33246,Automatic,1st Owner,Maruti,2017,637000,Third Party,21.21
Chennai,Diesel,SUV,30000,Manual,1st Owner,Ford,2019,800000,Third Party,23
Chennai,Petrol,Hatchback,31754,Manual,1st Owner,Renault,2021,454000,Comprehensive,21.74
Chennai,Diesel,SUV,91992,Manual,2nd Owner,Jeep,2018,1184000,Third Party,17.1
Chennai,Diesel,SUV,70000,Manual,1st Owner,Maruti,2019,760000,Third Party,24.3
Chennai,Diesel,MUV,60000,Manual,1st Owner,Toyota,2013,1100000,Third Party,12.99
Chennai,Petrol,Hatchback,30000,Manual,1st Owner,Hyundai,2019,545000,Third Party,18.9
Chennai,Petrol,Sedan,50000,Automatic,2nd Owner,Skoda,2013,400000,Third Party,14.3
Chennai,Petrol,Hatchback,53250,Manual,1st Owner,Maruti,2010,255000,Comprehensive,21.79
Chennai,Diesel,Hatchback,51555,Manual,1st Owner,Skoda,2010,250000,Third Party,19.4
Chennai,Petrol,Hatchback,10000,Manual,1st Owner,Maruti,2022,750000,Third Party,22.38
Chennai,Diesel,Hatchback,40000,Manual,1st Owner,Hyundai,2019,700000,Third Party,22.54
Chennai,Petrol,Sedan,110000,Manual,1st Owner,Honda,2011,365000,Third Party,16.8
Chennai,Petrol,Sedan,60000,Manual,1st Owner,Honda,2017,750000,Third Party,17.4
Chennai,Petrol,Hatchback,85486,Manual,3rd Owner,Hyundai,2014,254000,Third Party,21.1
Chennai,Petrol,Hatchback,5022,Automatic,1st Owner,Tata,2022,925000,Third Party,18.5
Chennai,Petrol,Hatchback,39386,Automatic,1st Owner,Maruti,2019,750000,Comprehensive,19.56
Chennai,Petrol,Hatchback,72679,Manual,2nd Owner,Renault,2016,326000,Third Party,25.17
Chennai,Petrol,Hatchback,83738,Manual,2nd Owner,Hyundai,2015,432000,Comprehensive,18.9
Chennai,Petrol,Hatchback,10551,Manual,1st Owner,Volkswagen,2021,950000,Third Party,16.2
Chennai,Petrol,Hatchback,31795,Automatic,3rd Owner,Maruti,2019,479000,Zero Dep,23.1
Chennai,Petrol,Hatchback,76656,Manual,2nd Owner,Maruti,2009,230000,Comprehensive,21.1
Chennai,Petrol,Hatchback,52524,Manual,1st Owner,Datsun,2017,301000,Comprehensive,22.7
Chennai,Diesel,Hatchback,96165,Manual,1st Owner,Maruti,2013,443000,Comprehensive,22.9
Chennai,Diesel,Hatchback,92860,Manual,1st Owner,Hyundai,2014,440000,Comprehensive,22.54
Chennai,Petrol,MUV,46976,Manual,1st Owner,Maruti,2013,660000,Comprehensive,19.01
Chennai,Petrol,Hatchback,36383,Manual,1st Owner,Maruti,2007,165000,Comprehensive,19.7
Chennai,Petrol,SUV,2000,Automatic,1st Owner,Mahindra,2022,1090000,Comprehensive,17
Chennai,Petrol,SUV,26000,Automatic,1st Owner,Kia,2021,1225000,Comprehensive,18.3
Chennai,Petrol,Hatchback,42891,Automatic,1st Owner,Maruti,2018,620000,Comprehensive,21.21
Chennai,Petrol,Hatchback,34640,Manual,1st Owner,Maruti,2015,395000,Comprehensive,18.9
Chennai,Petrol,Hatchback,40000,Manual,1st Owner,Maruti,2017,580000,Third Party,21.4
Chennai,Diesel,Sedan,129306,Manual,0th Owner,Maruti,2009,310000,Comprehensive,19.3
Chennai,Petrol,SUV,42662,Manual,1st Owner,Volkswagen,2021,1450000,Comprehensive,20.08
Chennai,Petrol,Sedan,64011,Automatic,1st Owner,Hyundai,2016,525000,Comprehensive,19.1
Chennai,Petrol,Hatchback,85750,Manual,3rd Owner,Maruti,2013,410000,Comprehensive,22.38
Chennai,Petrol,Hatchback,24774,Manual,1st Owner,Honda,2021,865000,Comprehensive,17.1
Chennai,Petrol,Hatchback,74348,Manual,1st Owner,Hyundai,2019,581000,Third Party,18.9
Chennai,Petrol,Sedan,40711,Manual,1st Owner,Tata,2017,518000,Third Party,20.3
Chennai,Petrol,Hatchback,39386,Automatic,1st Owner,Maruti,2019,790000,Comprehensive,19.56
Chennai,Petrol,Hatchback,93806,Manual,2nd Owner,Maruti,2016,547000,Third Party,21.4
Chennai,Diesel,Hatchback,80000,Manual,1st Owner,Ford,2014,300000,Third Party,20
Chennai,Petrol,Hatchback,86304,Manual,1st Owner,Tata,2016,407000,Third Party,23.84
Chennai,Petrol,SUV,46566,Manual,2nd Owner,Honda,2019,692000,Third Party,17.5
Chennai,Petrol,Hatchback,74367,Manual,1st Owner,Maruti,2015,455000,Third Party,21.21
Chennai,Petrol,Hatchback,48098,Manual,1st Owner,Maruti,2016,295000,Comprehensive,22.74
Chennai,Petrol,Sedan,36408,Automatic,2nd Owner,Honda,2014,680000,Comprehensive,18
Chennai,Diesel,MUV,60000,Manual,1st Owner,Maruti,2017,985000,Third Party,24.52
Chennai,Petrol,Hatchback,61696,Manual,2nd Owner,Hyundai,2014,340000,Third Party,20.36
Chennai,Diesel,Hatchback,110000,Manual,1st Owner,Tata,2007,100000,Third Party,17.2
Chennai,Petrol,Hatchback,85223,Manual,1st Owner,Maruti,2015,365000,Third Party,23.1
Chennai,Diesel,MUV,120000,Manual,1st Owner,Toyota,2012,1050000,Third Party,12.99
Chennai,Diesel,Sedan,110000,Manual,2nd Owner,Tata,2013,183000,Third Party,25
Chennai,Petrol,Hatchback,33961,Manual,1st Owner,Volkswagen,2016,660000,Comprehensive,16.2
Chennai,Petrol,Sedan,76597,Manual,2nd Owner,Honda,2014,403000,Comprehensive,18
Chennai,Petrol,Hatchback,36573,Manual,3rd Owner,Maruti,2017,563000,Third Party,21.4
Chennai,Petrol,SUV,10000,Automatic,1st Owner,Toyota,2023,2000000,Third Party,20.58
Chennai,Petrol,Hatchback,45636,Automatic,1st Owner,Maruti,2016,436000,Comprehensive,20.51
Chennai,Petrol,Sedan,58698,Automatic,1st Owner,Maruti,2017,681000,Comprehensive,19.12
Chennai,Petrol,Hatchback,10000,Manual,1st Owner,Maruti,2023,590000,Third Party,24.35
Chennai,Diesel,Hatchback,77603,Manual,1st Owner,Maruti,2016,632000,Comprehensive,27.39
Chennai,Diesel,SUV,60000,Automatic,1st Owner,Maruti,2019,890000,Third Party,24.3
Chennai,Diesel,Sedan,65675,Automatic,2nd Owner,Honda,2018,726000,Comprehensive,23.8
Chennai,Diesel,Sedan,120797,Manual,1st Owner,Maruti,2015,551000,Comprehensive,26.59
Chennai,Petrol,Hatchback,10000,Automatic,1st Owner,Hyundai,2019,850000,Third Party,17.4
Chennai,Petrol,Hatchback,18228,Manual,2nd Owner,Maruti,2018,382000,Third Party,23.95
Chennai,Diesel,Sedan,33654,Manual,1st Owner,Maruti,2017,765000,Comprehensive,19.3
Chennai,Petrol,Hatchback,61633,Manual,2nd Owner,Maruti,2010,195000,Comprehensive,19
Chennai,Petrol,Hatchback,45333,Manual,1st Owner,Renault,2018,390000,Comprehensive,23.01
Chennai,Diesel,Hatchback,63670,Manual,1st Owner,Hyundai,2018,480000,Third Party,24
Chennai,Diesel,Hatchback,95535,Manual,1st Owner,Maruti,2013,455000,Comprehensive,22.9
Chennai,Diesel,MUV,175000,Automatic,1st Owner,Toyota,2016,1750000,Comprehensive,11.36
Chennai,Diesel,Hatchback,80000,Manual,2nd Owner,Volkswagen,2015,520000,Third Party,20.14
Chennai,Diesel,MUV,55500,Automatic,1st Owner,Toyota,2020,2625000,Comprehensive,13.68
Chennai,Petrol,SUV,42375,Manual,2nd Owner,Honda,2017,782000,Third Party,17.5
Chennai,Diesel,Sedan,63155,Manual,2nd Owner,Hyundai,2018,611000,Third Party,25.4
Chennai,Diesel,SUV,85000,Manual,2nd Owner,Toyota,2015,1700000,Comprehensive,13
Chennai,Diesel,Sedan,106121,Manual,1st Owner,Maruti,2014,515000,Third Party,23.4
Chennai,Petrol,Hatchback,51012,Manual,1st Owner,Maruti,2022,679000,Comprehensive,22.38
Chennai,Petrol,Sedan,62930,Manual,1st Owner,Maruti,2012,410000,Third Party,19
Chennai,Diesel,SUV,111242,Manual,1st Owner,Mahindra,2019,798000,Third Party,18.49
Chennai,Petrol,SUV,16000,Manual,1st Owner,Kia,2022,945000,Comprehensive,18.4
Chennai,Diesel,SUV,72898,Manual,1st Owner,Renault,2018,885000,Third Party,19.6
Chennai,Petrol,Hatchback,97326,Manual,1st Owner,Hyundai,2018,574000,Zero Dep,18.6
Chennai,Diesel,SUV,1870,Manual,1st Owner,Honda,2018,710000,Comprehensive,25.5
Chennai,Petrol,Hatchback,10000,Automatic,1st Owner,Hyundai,2022,620000,Third Party,20.3
Chennai,Diesel,Hatchback,110000,Manual,1st Owner,Chevrolet,2016,225000,Third Party,25.44
Chennai,Petrol,Hatchback,20000,Manual,1st Owner,Maruti,2017,500000,Third Party,20.89
Chennai,Diesel,SUV,70000,Manual,1st Owner,Hyundai,2018,1150000,Third Party,19.67
Chennai,Petrol,Hatchback,30000,Manual,1st Owner,Datsun,2018,285000,Third Party,22.7
Chennai,Petrol,Sedan,167332,Manual,0th Owner,Honda,2015,445000,Zero Dep,17.4
Chennai,Petrol,Sedan,71887,Manual,2nd Owner,Honda,2015,550000,Comprehensive,17.4
Chennai,Diesel,Hatchback,100000,Manual,2nd Owner,Ford,2011,200000,Third Party,20
Chennai,Petrol,SUV,20000,Automatic,2nd Owner,Skoda,2021,1300000,Third Party,17.2
Chennai,Petrol,SUV,61426,Manual,2nd Owner,Renault,2018,678000,Third Party,14.19
Chennai,Petrol,Hatchback,121735,Manual,2nd Owner,Toyota,2012,310000,Third Party,18.3
Chennai,Petrol,SUV,15000,Automatic,1st Owner,Hyundai,2022,1825000,Comprehensive,24.04
Chennai,Diesel,Hatchback,71195,Manual,1st Owner,Maruti,2013,431000,Comprehensive,22.9
Chennai,Petrol,Sedan,91700,Automatic,1st Owner,Volkswagen,2016,728000,Third Party,18.19
Chennai,Petrol,Hatchback,132724,Manual,0th Owner,Maruti,2015,225000,Zero Dep,23.95
Chennai,Diesel,SUV,59232,Manual,1st Owner,Maruti,2016,861000,Comprehensive,24.3
Chennai,Petrol,Hatchback,55023,Automatic,1st Owner,Volkswagen,2017,780000,Third Party,17.21
Chennai,Diesel,SUV,58323,Manual,1st Owner,Hyundai,2020,1478000,Third Party,17.05
Chennai,Diesel,SUV,73498,Manual,2nd Owner,Mahindra,2016,695000,Third Party,18.49
Chennai,Diesel,SUV,52743,Manual,1st Owner,Maruti,2018,800000,Comprehensive,24.3
Chennai,Diesel,SUV,49000,Automatic,1st Owner,BMW,2018,2700000,Comprehensive,17.05
Chennai,Diesel,Sedan,100000,Manual,2nd Owner,Hyundai,2012,420000,Third Party,22.32
Chennai,Petrol,Hatchback,111350,Manual,1st Owner,Maruti,2011,290000,Comprehensive,16.1
Chennai,Diesel,SUV,105000,Automatic,2nd Owner,Land Rover,2013,2000000,Comprehensive,12.7
Chennai,Diesel,Sedan,150000,Manual,1st Owner,Skoda,2005,100000,Third Party,18.7
Chennai,Cng,Hatchback,20000,Manual,1st Owner,Tata,2022,650000,Third Party,26.49
Chennai,Diesel,Sedan,63134,Manual,1st Owner,Ford,2017,500000,Third Party,25.83
Chennai,Petrol,Sedan,89547,Automatic,1st Owner,Honda,2019,790000,Third Party,17.4
Chennai,Diesel,SUV,25000,Manual,1st Owner,Ford,2018,900000,Comprehensive,21.7
Chennai,Petrol,Hatchback,61583,Manual,2nd Owner,Volkswagen,2016,568000,Third Party,16.2
Chennai,Diesel,Sedan,102002,Manual,1st Owner,Honda,2015,461000,Third Party,25.8
Chennai,Petrol,Hatchback,38980,Manual,2nd Owner,Maruti,2016,400000,Comprehensive,18.9
Chennai,Petrol,Sedan,108463,Automatic,1st Owner,Hyundai,2017,983000,Third Party,14.62
Chennai,Petrol,SUV,30033,Manual,1st Owner,Honda,2017,739000,Zero Dep,17.5
Chennai,Petrol,Hatchback,29084,Manual,1st Owner,Renault,2016,340000,Comprehensive,25.17
Chennai,Petrol,Hatchback,69437,Manual,3rd Owner,Maruti,2016,366000,Third Party,23.1
Chennai,Petrol,Sedan,70000,Manual,2nd Owner,Honda,2009,300000,Third Party,12.8
Chennai,Petrol,Hatchback,88122,Manual,3rd Owner,Maruti,2013,368000,Comprehensive,22.38
Chennai,Petrol,Sedan,98263,Manual,2nd Owner,Volkswagen,2011,346000,Third Party,15.04
Chennai,Petrol,Hatchback,73674,Manual,2nd Owner,Honda,2016,450000,Comprehensive,18.7
Chennai,Petrol,Hatchback,37718,Manual,1st Owner,Maruti,2016,450000,Comprehensive,23.1
Chennai,Diesel,Hatchback,66030,Manual,1st Owner,Honda,2016,590000,Third Party,27.3
Chennai,Petrol,Hatchback,72110,Manual,1st Owner,Hyundai,2006,185000,Third Party,17
Chennai,Petrol,Hybrids,35000,Automatic,1st Owner,Volvo,2017,8200000,Comprehensive,18
Chennai,Petrol,Sedan,100000,Manual,1st Owner,Honda,2008,200000,Third Party,17
Chennai,Petrol,Hatchback,10000,Manual,1st Owner,Hyundai,2013,300000,Third Party,18.9
Chennai,Petrol,Hatchback,20000,Manual,1st Owner,Maruti,2010,150000,Third Party,21.1
Chennai,Petrol,Minivans,90000,Manual,3rd Owner,Maruti,2002,80000,Third Party,11.3
Chennai,Petrol,Hatchback,90000,Manual,4th Owner,Fiat,2014,180000,Third Party,15.7
Chennai,Petrol,Hatchback,56118,Automatic,1st Owner,Toyota,2020,843000,Third Party,19.56
Chennai,Petrol,Hatchback,93968,Manual,1st Owner,Hyundai,2012,300000,Comprehensive,20.36
Chennai,Petrol,Hatchback,30000,Manual,1st Owner,Hyundai,2021,560000,Third Party,20.7
Chennai,Petrol,Hatchback,41364,Manual,2nd Owner,Volkswagen,2020,744000,Third Party,17.74
Chennai,Petrol,Sedan,108898,Automatic,2nd Owner,Honda,2013,419000,Comprehensive,16.8
Chennai,Petrol,MUV,3500,Automatic,1st Owner,Toyota,2022,2655000,Comprehensive,8
Chennai,Petrol,SUV,35589,Manual,1st Owner,Kia,2020,1369000,Comprehensive,16.8
Chennai,Petrol,Sedan,150000,Manual,1st Owner,Mitsubishi,2003,90000,Third Party,13.7
Chennai,Petrol,Hatchback,41514,Manual,1st Owner,Hyundai,2016,380000,Comprehensive,19.81
Chennai,Petrol,MUV,27925,Manual,1st Owner,Renault,2021,661000,Third Party,20
Chennai,Petrol,Sedan,10000,Automatic,1st Owner,Skoda,2022,2000000,Third Party,18.41
Chennai,Petrol,SUV,40000,Manual,2nd Owner,Mahindra,2017,320000,Third Party,18.15
Chennai,Petrol,Hatchback,60000,Manual,2nd Owner,Hyundai,2014,200000,Third Party,21.1
Chennai,Petrol,Sedan,90000,Manual,5th Owner,Hyundai,2008,145000,Third Party,13.9
Chennai,Petrol,Hatchback,65744,Manual,3rd Owner,Volkswagen,2013,325000,Third Party,16.47
Chennai,Petrol,Hatchback,80000,Automatic,4th Owner,Maruti,2011,200000,Third Party,16.98
Chennai,Petrol,MUV,30000,Automatic,2nd Owner,Maruti,2020,1025000,Third Party,17.99
Chennai,Diesel,Hatchback,60000,Manual,3rd Owner,Tata,2007,50000,Third Party,17.2
Chennai,Petrol,SUV,20000,Automatic,1st Owner,Skoda,2022,1300000,Third Party,17.2
Chennai,Petrol,Sedan,90000,Manual,3rd Owner,Volkswagen,2012,232000,Third Party,15.8
Chennai,Petrol,SUV,18655,Manual,1st Owner,Volkswagen,2021,1639000,Third Party,17.88
Chennai,Petrol,Hatchback,51578,Manual,1st Owner,Tata,2020,536000,Third Party,19.01
Chennai,Diesel,Hatchback,113000,Manual,1st Owner,Ford,2012,230000,Comprehensive,25.83
Chennai,Petrol,Hatchback,27861,Manual,1st Owner,Renault,2016,357000,Third Party,25.17
Chennai,Petrol,Sedan,20419,Manual,1st Owner,Maruti,2020,786000,Third Party,21.56
Chennai,Petrol,Sedan,49165,Manual,2nd Owner,Volkswagen,2013,410000,Third Party,16.09
Chennai,Petrol,SUV,38309,Manual,2nd Owner,Honda,2018,607000,Comprehensive,17.5
Chennai,Petrol,SUV,12000,Automatic,1st Owner,Toyota,2022,1150000,Comprehensive,18.76
Chennai,Petrol,Hatchback,27872,Automatic,1st Owner,Honda,2017,684000,Comprehensive,19
Chennai,Petrol,Hatchback,14023,Manual,1st Owner,Renault,2022,451000,Third Party,22.25
Chennai,Petrol,MUV,30000,Manual,1st Owner,Maruti,2019,985000,Third Party,19.34
Chennai,Diesel,SUV,30000,Manual,1st Owner,Tata,2021,800000,Third Party,21.5
Chennai,Diesel,Sedan,116377,Manual,2nd Owner,Hyundai,2012,450000,Third Party,23.9
Chennai,Diesel,Hatchback,13109,Manual,1st Owner,Volkswagen,2021,785000,Comprehensive,22.07
Chennai,Diesel,Sedan,67500,Manual,1st Owner,Ford,2015,415000,Comprehensive,25.83
Chennai,Petrol,Hatchback,84169,Manual,1st Owner,Hyundai,2007,150000,Third Party,17.05
Chennai,Diesel,Sedan,50000,Automatic,2nd Owner,Audi,2016,1500000,Third Party,20.38
Chennai,Petrol,Hatchback,80000,Manual,3rd Owner,Ford,2011,170000,Third Party,15.6
Chennai,Petrol,MUV,14475,Manual,1st Owner,Maruti,2022,1000000,Comprehensive,16.02
Chennai,Petrol,Hatchback,20000,Automatic,3rd Owner,Hyundai,2020,570000,Third Party,20.7
Chennai,Petrol,Hatchback,53631,Automatic,1st Owner,Maruti,2018,638000,Third Party,21.4
Chennai,Petrol,SUV,92562,Automatic,1st Owner,Ford,2018,674000,Third Party,14.8
Chennai,Petrol,Sedan,90000,Manual,3rd Owner,Maruti,2010,200000,Third Party,15
Chennai,Petrol,Hatchback,24690,Manual,1st Owner,Maruti,2021,433000,Zero Dep,22.05
Chennai,Petrol,Hatchback,15915,Automatic,1st Owner,Renault,2020,518000,Comprehensive,22
Chennai,Diesel,Hatchback,100000,Manual,2nd Owner,Ford,2011,175000,Third Party,20
Chennai,Petrol,SUV,36390,Manual,1st Owner,Renault,2021,840000,Comprehensive,20.5
Chennai,Petrol,Hatchback,9112,Manual,1st Owner,Maruti,2012,295000,Comprehensive,21.1
Chennai,Petrol,Hatchback,13923,Automatic,1st Owner,Ford,2021,740000,Comprehensive,16
Chennai,Petrol,Hatchback,58263,Manual,1st Owner,Maruti,2017,520000,Comprehensive,25.24
Chennai,Petrol,Minivans,20000,Manual,1st Owner,Maruti,2021,470000,Third Party,16.11
Chennai,Diesel,Hatchback,80000,Manual,3rd Owner,Maruti,2015,200000,Third Party,23.2
Chennai,Diesel,Hatchback,65991,Manual,0th Owner,Maruti,2013,395000,Comprehensive,22.9
Chennai,Diesel,Hatchback,13397,Manual,1st Owner,Mahindra,2016,350000,Comprehensive,25.32
Chennai,Petrol,Sedan,57121,Automatic,2nd Owner,Maruti,2015,550000,Comprehensive,19.12
Chennai,Petrol,Sedan,70418,Manual,1st Owner,Tata,2015,400000,Comprehensive,17.57
Chennai,Petrol,Sedan,22421,Automatic,0th Owner,Honda,2019,640000,Zero Dep,19
Chennai,Diesel,Hatchback,83045,Manual,0th Owner,Tata,2009,135000,Comprehensive,17
Chennai,Petrol,Hatchback,86715,Manual,0th Owner,Hyundai,2008,170000,Zero Dep,20.36
Chennai,Petrol,Hatchback,77032,Manual,0th Owner,Hyundai,2008,195000,Zero Dep,19.81
Chennai,Petrol,Hatchback,21614,Manual,1st Owner,Datsun,2019,312000,Third Party,22.7
Chennai,Petrol,Hatchback,35375,Manual,1st Owner,Maruti,2020,383000,Third Party,22.05
Chennai,Diesel,Sedan,89545,Manual,0th Owner,Volkswagen,2010,310000,Comprehensive,20.54
Chennai,Petrol,Hatchback,83298,Manual,1st Owner,Hyundai,2019,590000,Third Party,18.6
Chennai,Petrol,Hatchback,33250,Automatic,1st Owner,Maruti,2022,758000,Zero Dep,20.89
Chennai,Petrol,Hatchback,75000,Manual,2nd Owner,Honda,2015,480000,Comprehensive,18.2
Chennai,Diesel,SUV,87026,Manual,1st Owner,Ford,2018,794000,Comprehensive,23
Chennai,Diesel,MUV,33000,Automatic,1st Owner,Toyota,2021,2850000,Comprehensive,12
Chennai,Petrol,Sedan,37294,Manual,2nd Owner,Honda,2020,1069000,Comprehensive,18.6
Chennai,Petrol,Hatchback,65840,Manual,1st Owner,Renault,2016,327000,Third Party,25.17
Chennai,Diesel,SUV,45000,Automatic,2nd Owner,Isuzu,2019,1900000,Comprehensive,13.8
Chennai,Petrol,Sedan,62865,Manual,1st Owner,Honda,2015,425000,Comprehensive,18.6
Chennai,Diesel,Hatchback,62442,Manual,1st Owner,Mahindra,2017,435000,Third Party,25.32
Chennai,Petrol,Sedan,154931,Manual,2nd Owner,Volkswagen,2014,330000,Comprehensive,15.04
Chennai,Petrol,Sedan,63318,Manual,1st Owner,Honda,2017,800000,Comprehensive,17.4
Chennai,Petrol,Sedan,47146,Manual,1st Owner,Honda,2017,750000,Comprehensive,17
Chennai,Petrol,Hatchback,17797,Automatic,1st Owner,Hyundai,2016,495000,Comprehensive,18.9
Chennai,Petrol,Hatchback,52802,Manual,1st Owner,Maruti,2015,475000,Comprehensive,18.6
Chennai,Diesel,SUV,46830,Manual,2nd Owner,Honda,2018,700000,Third Party,25.5
Chennai,Diesel,Sedan,34000,Automatic,1st Owner,BMW,2016,2700000,Comprehensive,21.76
Chennai,Petrol,SUV,70038,Manual,1st Owner,Ford,2018,785000,Third Party,17
Chennai,Petrol,Hatchback,15957,Manual,1st Owner,Tata,2021,795000,Third Party,18.05
Chennai,Petrol,Sedan,63860,Manual,2nd Owner,Honda,2014,415000,Comprehensive,18.6
Chennai,Petrol,Sedan,51252,Automatic,1st Owner,Maruti,2017,660000,Comprehensive,21.21
Chennai,Petrol,SUV,56071,Automatic,2nd Owner,Ford,2015,543000,Third Party,15.63
Chennai,Diesel,Hatchback,38100,Manual,1st Owner,Honda,2017,650000,Third Party,27.3
Chennai,Diesel,SUV,87634,Automatic,3rd Owner,Mahindra,2017,1129000,Comprehensive,16
Chennai,Petrol,Hatchback,14424,Manual,1st Owner,Hyundai,2010,270000,Third Party,20.36
Chennai,Petrol,Sedan,39542,Automatic,2nd Owner,Tata,2018,557000,Third Party,20.3
Chennai,Petrol,Hatchback,114507,Manual,2nd Owner,Hyundai,2016,441000,Third Party,18.9
Chennai,Diesel,Hatchback,67129,Manual,1st Owner,Fiat,2015,340000,Comprehensive,20.3
Chennai,Petrol,Hatchback,35405,Manual,1st Owner,Volkswagen,2021,1000000,Third Party,18.24
Chennai,Diesel,Hatchback,62992,Manual,1st Owner,Volkswagen,2010,295000,Comprehensive,22.07
Chennai,Petrol,Hatchback,94241,Manual,1st Owner,Hyundai,2009,165000,Comprehensive,17.92
Chennai,Diesel,Hatchback,101423,Manual,2nd Owner,Tata,2013,149000,Comprehensive,25
Chennai,Petrol,Sedan,21647,Manual,1st Owner,Toyota,2013,475000,Third Party,17.6
Chennai,Petrol,Hatchback,78210,Manual,4th Owner,Nissan,2010,135000,Third Party,18.06
Chennai,Petrol,Hatchback,39922,Manual,1st Owner,Hyundai,2015,430000,Comprehensive,18.9
Chennai,Petrol,Hatchback,61372,Manual,2nd Owner,Maruti,2017,375000,Third Party,21.79
Chennai,Petrol,Hatchback,60250,Manual,1st Owner,Hyundai,2008,145000,Comprehensive,19.81
Chennai,Petrol,Hatchback,91617,Automatic,3rd Owner,Hyundai,2014,398000,Comprehensive,18.9
Chennai,Petrol,Hatchback,23899,Automatic,1st Owner,Hyundai,2021,1076000,Third Party,20.25
Chennai,Petrol,Hatchback,89000,Manual,1st Owner,Maruti,2015,430000,Comprehensive,21.21
Chennai,Petrol,Hatchback,97445,Automatic,2nd Owner,Maruti,2017,400000,Comprehensive,23.1
Chennai,Petrol,Hatchback,69680,Manual,2nd Owner,Hyundai,2012,287000,Comprehensive,20.36
Chennai,Petrol,Hatchback,87431,Manual,1st Owner,Hyundai,2014,495000,Comprehensive,18.6
Chennai,Petrol,Hatchback,98204,Manual,1st Owner,Hyundai,2015,298000,Zero Dep,21.1
Chennai,Diesel,MUV,161471,Manual,1st Owner,Honda,2014,425000,Comprehensive,24.2
Chennai,Petrol,Sedan,108338,Manual,2nd Owner,Honda,2012,431000,Comprehensive,16.8
Chennai,Petrol,Hatchback,47045,Manual,1st Owner,Hyundai,2016,577000,Comprehensive,18.6
Chennai,Petrol,Sedan,18079,Automatic,1st Owner,Tata,2018,600000,Third Party,20.3
Chennai,Petrol,Hatchback,44985,Manual,1st Owner,Hyundai,2009,225000,Third Party,19.81
Chennai,Diesel,Sedan,84095,Manual,1st Owner,Maruti,2017,675000,Third Party,26.21
Chennai,Diesel,SUV,50520,Manual,1st Owner,Jeep,2020,1475000,Comprehensive,17.1
Chennai,Diesel,Sedan,82124,Manual,3rd Owner,Mahindra Renault,2010,145000,Comprehensive,19.2
Chennai,Petrol,Hatchback,91644,Manual,2nd Owner,Hyundai,2005,100000,Comprehensive,17
Chennai,Petrol,Hatchback,100658,Manual,4th Owner,Hyundai,2005,70000,Comprehensive,17
Chennai,Petrol,Sedan,3228,Automatic,1st Owner,Honda,2018,750000,Third Party,18.1
Chennai,Petrol,Sedan,41516,Manual,1st Owner,Tata,2010,150000,Third Party,15.64
Chennai,Diesel,Hatchback,86147,Manual,2nd Owner,Chevrolet,2012,195000,Third Party,25.44
Chennai,Petrol,Sedan,101566,Manual,3rd Owner,Honda,2010,364000,Comprehensive,17
Chennai,Diesel,Sedan,73139,Manual,1st Owner,Skoda,2018,729000,Zero Dep,21.13
Chennai,Diesel,Sedan,16787,Automatic,1st Owner,Honda,2019,840000,Comprehensive,21
Chennai,Petrol,Sedan,99715,Automatic,2nd Owner,Skoda,2016,680000,Comprehensive,14.3
Chennai,Petrol,MUV,44386,Manual,1st Owner,Datsun,2018,414000,Comprehensive,19.02
Chennai,Petrol,Hatchback,56200,Manual,1st Owner,Volkswagen,2014,380000,Comprehensive,15.26
Chennai,Petrol,MUV,17003,Manual,1st Owner,Datsun,2018,428000,Third Party,19.02
Chennai,Petrol,Hatchback,44632,Automatic,1st Owner,Hyundai,2014,465000,Third Party,18.9
Chennai,Petrol,SUV,32091,Automatic,1st Owner,Hyundai,2018,1034000,Third Party,13
Chennai,Petrol,MUV,22740,Automatic,2nd Owner,Renault,2021,772000,Third Party,18.2
Chennai,Diesel,SUV,98000,Automatic,2nd Owner,Mercedes-Benz,2016,3500000,Comprehensive,17.9
Chennai,Petrol,Sedan,95495,Manual,1st Owner,Volkswagen,2018,450000,Third Party,17
Chennai,Petrol,Sedan,122533,Manual,2nd Owner,Hyundai,2010,210000,Third Party,17.01
Chennai,Petrol,Sedan,55320,Manual,1st Owner,Maruti,2013,410000,Third Party,22.41
Chennai,Diesel,Hatchback,68459,Manual,1st Owner,Hyundai,2012,325000,Third Party,21.9
Chennai,Petrol,Sedan,14195,Manual,1st Owner,Honda,2016,450000,Third Party,18.6
Chennai,Petrol,Hatchback,67900,Manual,1st Owner,Hyundai,2012,280000,Third Party,18.6
Chennai,Petrol,Hatchback,47756,Automatic,1st Owner,Maruti,2017,410000,Third Party,20.51
Chennai,Petrol,Hatchback,42856,Automatic,1st Owner,Hyundai,2016,520000,Third Party,18.9
Chennai,Diesel,Hatchback,43000,Manual,1st Owner,Volkswagen,2014,560000,Comprehensive,20.14
Chennai,Petrol,Sedan,27652,Manual,2nd Owner,Toyota,2019,702000,Third Party,17.1
Chennai,Petrol,MUV,23539,Manual,1st Owner,Renault,2021,656000,Third Party,20
Chennai,Petrol,Sedan,50000,Manual,1st Owner,Maruti,2015,525000,Comprehensive,20.73
Chennai,Petrol,Hatchback,18861,Manual,2nd Owner,Maruti,2017,357000,Comprehensive,24.39
Chennai,Petrol,Hatchback,41138,Manual,1st Owner,Maruti,2017,512000,Third Party,20.4
Chennai,Petrol,Hatchback,55039,Manual,1st Owner,Hyundai,2012,250000,Comprehensive,19.81
Chennai,Petrol,Hatchback,41361,Manual,2nd Owner,Hyundai,2018,700000,Third Party,18.6
Chennai,Diesel,SUV,81037,Manual,1st Owner,Ford,2015,535000,Comprehensive,23
Chennai,Petrol,Hatchback,28897,Automatic,2nd Owner,Honda,2017,641000,Comprehensive,19
Chennai,Petrol,SUV,46308,Manual,2nd Owner,Mahindra,2016,339000,Comprehensive,18.15
Chennai,Petrol,Hatchback,80033,Manual,1st Owner,Hyundai,2009,170000,Third Party,17.05
Chennai,Diesel,SUV,15000,Automatic,2nd Owner,Mini,2015,2650000,Comprehensive,19.19
Chennai,Petrol,Hatchback,100056,Manual,1st Owner,Maruti,2012,310000,Comprehensive,20.52
Chennai,Petrol,Hatchback,90062,Manual,1st Owner,Hyundai,2018,725000,Comprehensive,18.6
Chennai,Petrol,Sedan,80030,Manual,3rd Owner,Chevrolet,2005,115000,Comprehensive,17.4
Chennai,Diesel,SUV,90042,Automatic,1st Owner,Mahindra,2016,645000,Comprehensive,18.49
Chennai,Petrol,Hatchback,78030,Manual,1st Owner,Maruti,2017,440000,Comprehensive,20.52
Chennai,Diesel,SUV,55000,Automatic,2nd Owner,BMW,2013,1650000,Comprehensive,16.09
Chennai,Diesel,SUV,100049,Automatic,1st Owner,Hyundai,2014,975000,Comprehensive,13.01
Chennai,Diesel,SUV,138033,Manual,1st Owner,Chevrolet,2010,535000,Third Party,14.8
Chennai,Petrol,MUV,14126,Manual,1st Owner,Datsun,2018,433000,Comprehensive,19.02
Chennai,Petrol,SUV,35464,Manual,1st Owner,Renault,2020,1045000,Comprehensive,16.42
Chennai,Diesel,SUV,100036,Manual,2nd Owner,Mahindra Ssangyong,2013,550000,Third Party,12.83
Chennai,Petrol,Hatchback,55161,Manual,3rd Owner,Hyundai,2015,411000,Third Party,18.9
Chennai,Petrol,Hatchback,33771,Automatic,1st Owner,Hyundai,2019,518000,Third Party,20.3
Chennai,Diesel,MUV,75011,Manual,1st Owner,Chevrolet,2016,525000,Comprehensive,18.2
Chennai,Petrol,Sedan,41659,Manual,1st Owner,Hyundai,2016,647000,Third Party,17.01
Chennai,Diesel,Sedan,126055,Automatic,2nd Owner,Volvo,2012,925000,Third Party,16
Chennai,Petrol,Sedan,19935,Manual,1st Owner,Tata,2020,645000,Third Party,20.3
Chennai,Petrol,Hatchback,61126,Manual,1st Owner,Datsun,2016,253000,Comprehensive,22.7
Chennai,Diesel,SUV,100043,Manual,2nd Owner,Mitsubishi,2012,1025000,Comprehensive,13.5
Chennai,Diesel,SUV,70034,Manual,1st Owner,Mitsubishi,2013,1175000,Third Party,13.5
Chennai,Diesel,Hatchback,90068,Manual,2nd Owner,Volkswagen,2018,600000,Comprehensive,20.14
Chennai,Petrol,Sedan,86694,Manual,1st Owner,Hyundai,2015,405000,Third Party,19.1
Chennai,Diesel,Sedan,86000,Automatic,2nd Owner,Mercedes-Benz,2011,1040000,Comprehensive,15.8
Chennai,Petrol,Sedan,79399,Manual,1st Owner,Maruti,2015,585000,Comprehensive,20.73
Chennai,Diesel,Sedan,86038,Automatic,1st Owner,Audi,2012,1175000,Third Party,16.55
Chennai,Petrol,Hatchback,69863,Manual,1st Owner,Maruti,2015,385000,Third Party,18.9
Chennai,Diesel,MUV,2000022,Manual,1st Owner,Toyota,2017,1750000,Comprehensive,13.68
Chennai,Petrol,Hatchback,133727,Manual,1st Owner,Hyundai,2013,310000,Third Party,20.36
Chennai,Petrol,SUV,85781,Automatic,1st Owner,Hyundai,2016,916000,Comprehensive,13
Chennai,Diesel,Hatchback,8837,Manual,1st Owner,Tata,2022,800000,Third Party,23.64
Chennai,Diesel,Sedan,120057,Manual,2nd Owner,Toyota,2011,475000,Third Party,21.43
Chennai,Petrol,Hatchback,48527,Manual,1st Owner,Toyota,2019,699000,Comprehensive,22.35
Chennai,Diesel,SUV,71096,Manual,2nd Owner,Honda,2017,714000,Comprehensive,25.5
Chennai,Petrol,Sedan,22000,Manual,1st Owner,Honda,2020,750000,Comprehensive,18.6
Chennai,Petrol,Hatchback,110054,Manual,1st Owner,Hyundai,2020,626000,Zero Dep,20.7
Chennai,Petrol,Sedan,85028,Manual,1st Owner,Honda,2012,465000,Comprehensive,17.4
Chennai,Petrol,Sedan,10990,Manual,1st Owner,Honda,2021,1268000,Zero Dep,18.6
Chennai,Petrol,Sedan,115484,Manual,2nd Owner,Hyundai,2017,805000,Third Party,14.59
Chennai,Diesel,SUV,80062,Manual,2nd Owner,Skoda,2011,475000,Third Party,17.67
Chennai,Diesel,Sedan,80039,Manual,1st Owner,Skoda,2012,375000,Third Party,20.5
Chennai,Petrol,Hatchback,16473,Manual,1st Owner,Maruti,2020,510000,Third Party,21.7
Chennai,Petrol,SUV,8000,Automatic,1st Owner,BMW,2022,9350000,Comprehensive,11.24
Chennai,Petrol,Hatchback,53819,Automatic,1st Owner,Maruti,2017,660000,Third Party,21.4
Chennai,Diesel,MUV,100060,Manual,2nd Owner,Mahindra,2011,495000,Third Party,15.4
Chennai,Petrol,Sedan,93000,Automatic,1st Owner,Volkswagen,2017,790000,Comprehensive,18.19
Chennai,Diesel,MUV,82000,Manual,1st Owner,Maruti,2013,690000,Comprehensive,20.77
Chennai,Diesel,Sedan,100057,Automatic,1st Owner,BMW,2013,1450000,Third Party,18.12
Chennai,Diesel,Sedan,100425,Manual,1st Owner,Volkswagen,2016,570000,Third Party,21.66
Chennai,Diesel,Sedan,102497,Manual,1st Owner,Hyundai,2018,827000,Zero Dep,22
Chennai,Petrol,Sedan,97942,Manual,2nd Owner,Toyota,2011,345000,Third Party,17.6
Chennai,Petrol,Hatchback,78423,Manual,1st Owner,Volkswagen,2019,650000,Third Party,18.78
Chennai,Petrol,Hatchback,43088,Manual,2nd Owner,Maruti,2014,244000,Third Party,22.05
Chennai,Petrol,SUV,14103,Manual,1st Owner,Renault,2021,815000,Third Party,20.5
Chennai,Diesel,Sedan,74000,Automatic,1st Owner,Mercedes-Benz,2011,1100000,Comprehensive,15.8
Chennai,Petrol,SUV,41285,Automatic,1st Owner,Toyota,2022,1150000,Comprehensive,18.76
Chennai,Petrol,Hatchback,76554,Manual,3rd Owner,Ford,2012,210000,Third Party,15.6
Chennai,Petrol,MUV,25119,Manual,1st Owner,Datsun,2018,391000,Third Party,19.02
Chennai,Petrol,SUV,4977,Manual,1st Owner,Volkswagen,2022,1529000,Comprehensive,20.08
Chennai,Petrol,SUV,10000,Automatic,1st Owner,Volvo,2023,5300000,Comprehensive,12.18
Chennai,Petrol,Sedan,85037,Automatic,3rd Owner,Honda,2004,250000,Comprehensive,9
Chennai,Petrol,Hatchback,2177,Manual,2nd Owner,Maruti,2021,549000,Comprehensive,21.7
Chennai,Diesel,SUV,40511,Manual,1st Owner,Ford,2018,860000,Third Party,21.7
Chennai,Petrol,SUV,30400,Manual,1st Owner,Hyundai,2021,1145000,Third Party,18
Chennai,Diesel,SUV,75000,Manual,1st Owner,Honda,2017,790000,Comprehensive,25.5
Chennai,Petrol,SUV,27600,Automatic,1st Owner,Skoda,2021,1650000,Third Party,17.2
Chennai,Diesel,Hatchback,53908,Manual,1st Owner,Hyundai,2015,475000,Third Party,24
Chennai,Diesel,Sedan,30000,Automatic,1st Owner,Mercedes-Benz,2020,5700000,Comprehensive,16.1
Chennai,Diesel,SUV,46000,Automatic,1st Owner,Mercedes-Benz,2017,4950000,Comprehensive,17.9
Chennai,Petrol,SUV,9471,Automatic,1st Owner,Tata,2021,829000,Zero Dep,18.8
Chennai,Petrol,Hatchback,12011,Automatic,1st Owner,Tata,2020,648000,Comprehensive,23.84
Chennai,Petrol,Sedan,85000,Automatic,2nd Owner,Volkswagen,2011,375000,Comprehensive,14.4
Chennai,Petrol,SUV,27370,Automatic,1st Owner,Hyundai,2016,964000,Comprehensive,13
Chennai,Petrol,Hatchback,53098,Manual,2nd Owner,Hyundai,2016,288000,Comprehensive,21.1
Chennai,Petrol,Hatchback,51680,Manual,1st Owner,Datsun,2019,340000,Third Party,22.7
Chennai,Petrol,Sedan,35821,Automatic,2nd Owner,Honda,2018,906000,Comprehensive,18
Chennai,Petrol,Coupe,60000,Automatic,2nd Owner,Land Rover,2013,3300000,Comprehensive,12.07
Chennai,Petrol,Hatchback,39323,Automatic,2nd Owner,Hyundai,2018,686000,Comprehensive,17.4
Chennai,Petrol,Hatchback,60799,Manual,1st Owner,Renault,2016,335000,Comprehensive,25.17
Chennai,Diesel,Sedan,130000,Automatic,2nd Owner,Mercedes-Benz,2014,1350000,Comprehensive,14.84
Chennai,Petrol,Sedan,63000,Automatic,1st Owner,Toyota,2014,1800000,Comprehensive,19.16
Chennai,Diesel,Sedan,50000,Automatic,1st Owner,Mercedes-Benz,2017,4900000,Comprehensive,17
Chennai,Diesel,Sedan,22600,Automatic,1st Owner,BMW,2021,5750000,Third Party,19.62
Chennai,Petrol,Sedan,30000,Manual,1st Owner,Maruti,2021,900000,Third Party,20.65
Chennai,Petrol,Sedan,58619,Manual,1st Owner,Hyundai,2018,900000,Third Party,17
Chennai,Petrol,SUV,23300,Manual,1st Owner,Ford,2019,890000,Third Party,17
Chennai,Petrol,Hatchback,121032,Manual,3rd Owner,Hyundai,2010,280000,Third Party,17
Chennai,Petrol,Hatchback,91000,Manual,1st Owner,Hyundai,2010,265000,Comprehensive,20.36
Chennai,Diesel,SUV,30000,Manual,1st Owner,Kia,2020,1200000,Comprehensive,20.8
Chennai,Petrol,Hatchback,82171,Manual,2nd Owner,Maruti,2019,574000,Comprehensive,21.4
Chennai,Cng,Hatchback,18551,Manual,1st Owner,Tata,2022,711000,Comprehensive,26.49
Chennai,Petrol,Hatchback,35000,Automatic,1st Owner,Hyundai,2020,960000,Comprehensive,20.28
Chennai,Petrol,Hatchback,50252,Manual,1st Owner,Maruti,2016,273000,Comprehensive,24.7
Chennai,Petrol,Sedan,34715,Manual,2nd Owner,Honda,2019,593000,Comprehensive,19.5
Chennai,Petrol,SUV,30197,Automatic,1st Owner,MG,2020,1725000,Third Party,13.96
Chennai,Petrol,SUV,79089,Manual,2nd Owner,Hyundai,2018,845000,Third Party,13
Chennai,Petrol,Sedan,24035,Manual,2nd Owner,Nissan,2011,300000,Comprehensive,16.95
Chennai,Diesel,Hatchback,39605,Manual,1st Owner,Hyundai,2020,735000,Comprehensive,26.2
Chennai,Petrol,Hatchback,66992,Automatic,1st Owner,Maruti,2016,407000,Comprehensive,20.51
Chennai,Diesel,SUV,50000,Automatic,1st Owner,Mercedes-Benz,2021,5900000,Comprehensive,17.05
Chennai,Petrol,Hatchback,29973,Manual,1st Owner,Maruti,2017,460000,Third Party,21.63
Chennai,Petrol,Hatchback,49791,Manual,1st Owner,Renault,2018,360000,Third Party,25.17
Chennai,Petrol,SUV,52609,Automatic,1st Owner,MG,2020,1650000,Third Party,13.96
Chennai,Petrol,Hatchback,70000,Manual,1st Owner,Honda,2010,360000,Comprehensive,16
Chennai,Petrol,SUV,23000,Manual,1st Owner,Honda,2018,700000,Third Party,17.5
Chennai,Petrol,Hatchback,52172,Manual,1st Owner,Maruti,2010,210000,Third Party,19.7
Chennai,Diesel,SUV,29041,Manual,1st Owner,Hyundai,2022,1825000,Third Party,17.05
Chennai,Petrol,Hatchback,67022,Automatic,1st Owner,Nissan,2017,485000,Third Party,19.34
Chennai,Petrol,Sedan,9900,Automatic,1st Owner,Audi,2021,9000000,Comprehensive,11.7
Chennai,Diesel,Sedan,103651,Manual,2nd Owner,Volkswagen,2016,513000,Zero Dep,21.66
Chennai,Petrol,Sedan,49682,Automatic,1st Owner,Honda,2016,520000,Third Party,15.5
Chennai,Diesel,SUV,31000,Automatic,1st Owner,Volvo,2018,4800000,Comprehensive,14.7
Chennai,Petrol,Hatchback,53751,Manual,3rd Owner,Renault,2018,305000,Comprehensive,25.17
Chennai,Petrol,Hatchback,111283,Manual,2nd Owner,Maruti,2015,238000,Comprehensive,22.05
Chennai,Diesel,SUV,63000,Manual,2nd Owner,Ford,2013,540000,Comprehensive,22.7
Chennai,Petrol,MUV,52509,Manual,1st Owner,Datsun,2016,362000,Comprehensive,19.44
Chennai,Diesel,Hatchback,69319,Manual,1st Owner,Nissan,2017,460000,Third Party,23.08
Chennai,Petrol,Hatchback,89191,Manual,1st Owner,Maruti,2018,451000,Comprehensive,25.24
Chennai,Diesel,SUV,123152,Manual,1st Owner,Mahindra,2017,442000,Comprehensive,25.32
Chennai,Diesel,Sedan,65000,Automatic,2nd Owner,Audi,2013,1480000,Comprehensive,17.68
Chennai,Diesel,Sedan,116413,Manual,1st Owner,Honda,2014,430000,Comprehensive,25.8
Chennai,Petrol,Sedan,56000,Automatic,1st Owner,Audi,2015,2290000,Third Party,15.26
Chennai,Petrol,Sedan,78000,Automatic,1st Owner,Audi,2015,2090000,Third Party,15.26
Chennai,Diesel,SUV,30000,Automatic,1st Owner,Mercedes-Benz,2020,7500000,Comprehensive,17.05
Chennai,Petrol,SUV,2000,Automatic,1st Owner,Mercedes-Benz,2022,6450000,Third Party,20.05
Chennai,Petrol,Sedan,300,Automatic,1st Owner,Mercedes-Benz,2022,5900000,Comprehensive,18.05
Chennai,Petrol,SUV,11600,Manual,1st Owner,Hyundai,2022,950000,Third Party,19.05
Chennai,Petrol,SUV,18377,Manual,1st Owner,MG,2021,1750000,Third Party,15.81
Chennai,Petrol,Sedan,97000,Automatic,2nd Owner,Honda,2010,365000,Comprehensive,16.8
Chennai,Petrol,Hatchback,75184,Manual,1st Owner,Hyundai,2015,287000,Comprehensive,21.1
Chennai,Petrol,Sedan,49387,Manual,2nd Owner,Maruti,2014,437000,Comprehensive,22.41
Chennai,Petrol,Hatchback,81000,Manual,1st Owner,Hyundai,2011,310000,Comprehensive,20.36
Chennai,Petrol,Hatchback,80320,Manual,1st Owner,Maruti,2010,287000,Comprehensive,18.9
Chennai,Petrol,Sedan,8608,Automatic,1st Owner,Skoda,2021,1202000,Zero Dep,16.24
Chennai,Petrol,Sedan,23000,Automatic,1st Owner,Hyundai,2018,975000,Comprehensive,17
Chennai,Diesel,SUV,96892,Manual,3rd Owner,Nissan,2015,515000,Third Party,19.01
Chennai,Diesel,SUV,75000,Manual,1st Owner,Renault,2016,665000,Comprehensive,19.87
Chennai,Petrol,Hatchback,61237,Manual,1st Owner,Maruti,2016,279000,Third Party,22.05
Chennai,Petrol,SUV,32806,Manual,1st Owner,Nissan,2021,766000,Comprehensive,20
Chennai,Petrol,Hatchback,52138,Manual,1st Owner,Renault,2019,380000,Third Party,23.01
Chennai,Petrol,Sedan,37429,Manual,1st Owner,Volkswagen,2016,520000,Third Party,19.44
Chennai,Petrol,Hatchback,78978,Manual,2nd Owner,Maruti,2010,260000,Third Party,21.79
Chennai,Diesel,SUV,100000,Manual,2nd Owner,Toyota,2012,1475000,Comprehensive,13
Chennai,Diesel,SUV,96000,Automatic,2nd Owner,Mercedes-Benz,2014,1975000,Third Party,15.26
Chennai,Diesel,SUV,69000,Automatic,1st Owner,Skoda,2018,2800000,Comprehensive,16.25
Chennai,Petrol,Hatchback,52044,Manual,1st Owner,Honda,2015,450000,Third Party,19.4
Chennai,Petrol,Sedan,37000,Automatic,1st Owner,Audi,2019,2425000,Third Party,19.2
Chennai,Petrol,MUV,8541,Manual,1st Owner,Renault,2023,840000,Third Party,20
Chennai,Petrol,Sedan,30000,Automatic,2nd Owner,Skoda,2019,710000,Comprehensive,14.84
Chennai,Petrol,Hatchback,44768,Automatic,1st Owner,Maruti,2018,459000,Comprehensive,21.63
Chennai,Petrol,SUV,27062,Manual,1st Owner,Ford,2020,769000,Comprehensive,15.9
Chennai,Petrol,Sedan,46973,Manual,1st Owner,Hyundai,2018,900000,Third Party,17
Chennai,Petrol,Sedan,22239,Manual,1st Owner,Volkswagen,2022,1277000,Third Party,19.4
Chennai,Petrol,SUV,16455,Manual,1st Owner,Tata,2021,969000,Comprehensive,17.57
Chennai,Diesel,Sedan,20000,Automatic,1st Owner,BMW,2021,6000000,Comprehensive,20.37
Chennai,Petrol,Hatchback,5107,Automatic,1st Owner,Tata,2022,942000,Comprehensive,18.5
Chennai,Petrol,Hatchback,34000,Manual,1st Owner,Hyundai,2022,690000,Third Party,20.7
Chennai,Petrol,SUV,88923,Automatic,1st Owner,Jeep,2018,1256000,Comprehensive,16
Chennai,Petrol,Hatchback,94581,Manual,2nd Owner,Maruti,2013,288000,Third Party,18.9
Chennai,Diesel,SUV,71000,Automatic,1st Owner,Land Rover,2017,3600000,Comprehensive,18
Chennai,Petrol,Hatchback,30924,Manual,1st Owner,Hyundai,2021,950000,Third Party,20
Chennai,Petrol,Hatchback,58747,Manual,2nd Owner,Maruti,2011,222000,Third Party,20.92
Chennai,Petrol,Hatchback,63697,Manual,1st Owner,Maruti,2012,235000,Third Party,19.7
Chennai,Diesel,SUV,53000,Manual,1st Owner,Honda,2017,890000,Third Party,25.5
Chennai,Diesel,SUV,43000,Manual,1st Owner,Ford,2016,660000,Comprehensive,21.7
Chennai,Petrol,Sedan,21000,Automatic,1st Owner,Toyota,2020,3900000,Comprehensive,19.16
Chennai,Diesel,Sedan,108513,Manual,2nd Owner,Honda,2013,380000,Comprehensive,25.8
Chennai,Diesel,Sedan,91000,Automatic,1st Owner,Skoda,2015,675000,Comprehensive,21.66
Chennai,Petrol,Sedan,37000,Automatic,1st Owner,Lexus,2018,5000000,Comprehensive,22.37
Chennai,Diesel,SUV,71721,Manual,1st Owner,Honda,2021,971000,Comprehensive,23.7
Chennai,Petrol,Hatchback,39276,Manual,1st Owner,Renault,2019,352000,Third Party,23.01
Chennai,Diesel,Sedan,35000,Automatic,1st Owner,Jaguar,2014,2300000,Comprehensive,19.33
Chennai,Diesel,SUV,85616,Automatic,1st Owner,Maruti,2019,866000,Zero Dep,24.3
Chennai,Petrol,Sedan,56380,Manual,1st Owner,Toyota,2016,508000,Third Party,16.78
Chennai,Petrol,Hatchback,83000,Manual,3rd Owner,Hyundai,2009,260000,Comprehensive,18.5
Chennai,Diesel,SUV,66211,Manual,1st Owner,Maruti,2016,796000,Comprehensive,24.3
Chennai,Petrol,Sedan,37000,Automatic,1st Owner,Audi,2019,2480000,Third Party,19.2
Chennai,Petrol,Hatchback,60662,Manual,1st Owner,Hyundai,2016,434000,Comprehensive,18.9
Chennai,Petrol,SUV,24140,Automatic,1st Owner,Tata,2021,782000,Comprehensive,18.8
Chennai,Petrol,Sedan,56000,Automatic,1st Owner,Audi,2015,2090000,Third Party,15.26
Chennai,Petrol,SUV,47000,Automatic,1st Owner,Audi,2017,2480000,Third Party,16.9
Chennai,Diesel,SUV,54700,Automatic,1st Owner,Audi,2016,1990000,Third Party,15.73
Chennai,Petrol,Hatchback,27000,Automatic,1st Owner,Hyundai,2021,1090000,Third Party,20.28
Chennai,Diesel,Hatchback,63000,Manual,2nd Owner,Chevrolet,2013,350000,Third Party,25.44
Chennai,Diesel,SUV,65000,Automatic,1st Owner,BMW,2019,3375000,Comprehensive,20.68
Chennai,Diesel,Sedan,81000,Automatic,4th Owner,Audi,2013,995000,Third Party,14.57
Chennai,Diesel,SUV,94000,Automatic,2nd Owner,Mercedes-Benz,2014,2480000,Third Party,11.3
Chennai,Petrol,MUV,11000,Automatic,1st Owner,Kia,2022,1950000,Comprehensive,16.5
Chennai,Petrol,Sedan,12901,Automatic,1st Owner,Volkswagen,2022,1621000,Comprehensive,18.12
Chennai,Petrol,Hatchback,29708,Automatic,1st Owner,Datsun,2019,471000,Third Party,19.59
Chennai,Petrol,SUV,22186,Automatic,1st Owner,MG,2021,1690000,Third Party,14.85
Chennai,Petrol,MUV,71413,Manual,1st Owner,Datsun,2019,396000,Comprehensive,19.02
Chennai,Petrol,Hatchback,50046,Manual,3rd Owner,Hyundai,2011,301000,Third Party,17
Chennai,Petrol,SUV,57600,Automatic,1st Owner,Kia,2019,1490000,Third Party,16.2
Chennai,Petrol,Hatchback,46116,Manual,2nd Owner,Datsun,2019,393000,Comprehensive,19.83
Chennai,Petrol,SUV,11700,Automatic,1st Owner,Audi,2020,2680000,Third Party,20.2
Chennai,Diesel,SUV,24602,Automatic,1st Owner,Tata,2021,1891000,Third Party,14.08
Chennai,Petrol,Hatchback,81454,Manual,1st Owner,Volkswagen,2018,555000,Third Party,18.78
Chennai,Petrol,Sedan,6000,Automatic,1st Owner,BMW,2022,6000000,Comprehensive,16.13
Chennai,Petrol,SUV,37655,Automatic,1st Owner,Ford,2019,990000,Third Party,14.8
Chennai,Diesel,Sedan,73000,Automatic,2nd Owner,Audi,2013,1390000,Comprehensive,17.11
Chennai,Petrol,Sedan,15100,Manual,1st Owner,Volkswagen,2017,850000,Third Party,16.09
Chennai,Diesel,SUV,70000,Automatic,2nd Owner,Audi,2016,2425000,Comprehensive,15.17
Chennai,Diesel,SUV,75000,Automatic,2nd Owner,Audi,2016,2350000,Comprehensive,15.17
Chennai,Petrol,SUV,15000,Automatic,0th Owner,Audi,2022,4400000,Zero Dep,20.2
Chennai,Petrol,SUV,23700,Manual,1st Owner,Kia,2020,1050000,Third Party,18.2
Chennai,Petrol,SUV,7087,Manual,0th Owner,Renault,2022,972000,Zero Dep,20.5
Chennai,Petrol,Hatchback,40000,Manual,1st Owner,Hyundai,2020,725000,Comprehensive,20.7
Chennai,Petrol,Hatchback,58155,Manual,2nd Owner,Renault,2016,316000,Third Party,25.17
Chennai,Petrol,SUV,30015,Automatic,3rd Owner,Ford,2020,860000,Third Party,14.8
Chennai,Petrol,Sedan,5239,Automatic,1st Owner,Hyundai,2022,890000,Third Party,20.1
Chennai,Petrol,Hatchback,62606,Manual,2nd Owner,Hyundai,2011,251000,Third Party,20.36
Chennai,Petrol,Hatchback,65287,Manual,1st Owner,Tata,2017,433000,Third Party,23.84
Chennai,Diesel,Sedan,12000,Automatic,2nd Owner,Audi,2019,3200000,Comprehensive,20.38
Chennai,Diesel,Sedan,50267,Automatic,1st Owner,Maruti,2018,715000,Comprehensive,28.09
Chennai,Petrol,Hatchback,87277,Automatic,1st Owner,Maruti,2015,345000,Third Party,23.95
Chennai,Petrol,SUV,11323,Manual,1st Owner,Maruti,2021,855000,Third Party,18.55
Chennai,Petrol,Hatchback,90487,Automatic,1st Owner,Maruti,2016,365000,Comprehensive,26
Chennai,Petrol,Hatchback,55405,Manual,1st Owner,Maruti,2010,220000,Third Party,19
Chennai,Diesel,Sedan,15000,Automatic,1st Owner,BMW,2022,6075000,Comprehensive,19.62
Chennai,Diesel,SUV,31450,Manual,1st Owner,Mahindra,2017,890000,Third Party,18.49
Chennai,Diesel,SUV,90000,Automatic,1st Owner,Audi,2013,1350000,Comprehensive,15.73
Chennai,Petrol,Sedan,36000,Automatic,2nd Owner,Mercedes-Benz,2012,1220000,Comprehensive,14.74
Chennai,Diesel,SUV,40000,Automatic,2nd Owner,Audi,2017,2400000,Comprehensive,15.73
Chennai,Petrol,SUV,95000,Automatic,1st Owner,Honda,2017,1650000,Comprehensive,13.7
Chennai,Petrol,Hatchback,107280,Manual,2nd Owner,Hyundai,2010,275000,Third Party,18.5
Chennai,Diesel,SUV,45700,Manual,1st Owner,Nissan,2019,1050000,Third Party,20.45
Chennai,Diesel,Hatchback,74686,Manual,1st Owner,Fiat,2013,295000,Third Party,20.3
Chennai,Petrol,Hatchback,119004,Manual,1st Owner,Maruti,2018,461000,Comprehensive,25.24
Chennai,Diesel,SUV,117079,Manual,1st Owner,Hyundai,2019,719000,Comprehensive,23.7
Chennai,Petrol,Hatchback,35000,Manual,1st Owner,Honda,2017,550000,Comprehensive,18.7
Chennai,Petrol,Hatchback,76730,Manual,1st Owner,Hyundai,2012,287000,Comprehensive,17.92
Chennai,Petrol,SUV,21123,Manual,1st Owner,Hyundai,2022,1035000,Third Party,18
Chennai,Petrol,Sedan,98000,Automatic,1st Owner,Toyota,2014,875000,Comprehensive,14.28
Chennai,Petrol,Hatchback,69684,Manual,1st Owner,Tata,2018,445000,Third Party,23.84
Chennai,Petrol,SUV,16600,Automatic,1st Owner,Renault,2020,1190000,Third Party,16.42
Chennai,Petrol,Sedan,90403,Manual,2nd Owner,Volkswagen,2016,540000,Third Party,16.09
Chennai,Diesel,Hatchback,81009,Manual,3rd Owner,Volkswagen,2016,584000,Comprehensive,20.14
Chennai,Petrol,SUV,16500,Manual,1st Owner,Volkswagen,2021,1770000,Comprehensive,17.88
Chennai,Diesel,Hatchback,84741,Manual,2nd Owner,Tata,2017,430000,Third Party,27.28
Chennai,Diesel,SUV,51122,Manual,1st Owner,Mahindra,2018,990000,Third Party,18.49
Chennai,Diesel,Sedan,60000,Automatic,2nd Owner,Mercedes-Benz,2016,2650000,Comprehensive,13
Chennai,Diesel,Hatchback,96094,Manual,4th Owner,Ford,2010,120000,Third Party,20
Chennai,Petrol,Hatchback,42891,Automatic,1st Owner,Maruti,2018,620000,Third Party,22
Chennai,Diesel,SUV,59100,Manual,1st Owner,Renault,2018,890000,Third Party,19.87
Chennai,Petrol,SUV,55913,Automatic,1st Owner,Tata,2018,801000,Third Party,17
Chennai,Diesel,SUV,65000,Automatic,1st Owner,Volkswagen,2017,2050000,Comprehensive,16.65
Chennai,Diesel,Sedan,60000,Automatic,1st Owner,BMW,2019,3575000,Comprehensive,21.76
Delhi,Diesel,SUV,10000,Automatic,1st Owner,Kia,2022,1900000,Third Party,18
Delhi,Petrol,SUV,57437,Manual,2nd Owner,Hyundai,2016,762000,Zero Dep,15.29
Delhi,Petrol,SUV,8000,Automatic,1st Owner,Mercedes-Benz,2020,5600000,Comprehensive,12.74
Delhi,Petrol,Hatchback,28151,Manual,2nd Owner,Maruti,2018,523000,Comprehensive,22.38
Delhi,Petrol,SUV,60000,Manual,1st Owner,Hyundai,2017,765000,Third Party,15.29
Delhi,Petrol,SUV,20000,Manual,1st Owner,Kia,2021,895000,Comprehensive,18.4
Delhi,Cng,Sedan,42682,Manual,1st Owner,Hyundai,2021,708000,Third Party,28
Delhi,Petrol,Hatchback,44653,Manual,1st Owner,Volkswagen,2017,400000,Comprehensive,18.78
Delhi,Cng,Hatchback,7000,Manual,1st Owner,Hyundai,2022,725000,Comprehensive,20.2
Delhi,Petrol,Hatchback,67823,Manual,1st Owner,Maruti,2019,663000,Third Party,21.01
Delhi,Petrol,Hatchback,50000,Automatic,1st Owner,Honda,2014,390000,Comprehensive,16.5
Delhi,Diesel,SUV,97055,Manual,1st Owner,Nissan,2019,784000,Comprehensive,20.45
Delhi,Petrol,Sedan,114000,Automatic,1st Owner,Toyota,2017,2100000,Comprehensive,19.16
Delhi,Diesel,SUV,24000,Manual,1st Owner,Kia,2022,1350000,Zero Dep,20.2
Delhi,Diesel,Sedan,30000,Automatic,1st Owner,BMW,2016,2350000,Third Party,18.12
Delhi,Electric,Hatchback,6000,Automatic,1st Owner,Mini,2023,4600000,Comprehensive,14.4
Delhi,Petrol,MUV,7000,Manual,1st Owner,Toyota,2022,2250000,Comprehensive,8
Delhi,Diesel,SUV,34000,Automatic,1st Owner,MG,2021,3500000,Comprehensive,12.4
Delhi,Diesel,SUV,29000,Automatic,1st Owner,BMW,2013,900000,Third Party,17.05
Delhi,Petrol,SUV,38000,Automatic,1st Owner,Mercedes-Benz,2020,5245000,Comprehensive,12.74
Delhi,Diesel,SUV,150000,Manual,1st Owner,Tata,2013,350000,Third Party,14
Delhi,Diesel,SUV,83329,Manual,1st Owner,Hyundai,2019,839000,Comprehensive,23.7
Delhi,Petrol,Hatchback,43000,Manual,1st Owner,Maruti,2008,120000,Third Party,18.2
Delhi,Petrol,Hatchback,8000,Manual,1st Owner,Hyundai,2022,750000,Third Party,20.7
Delhi,Petrol,SUV,11404,Automatic,1st Owner,Skoda,2021,1284000,Comprehensive,17.2
Delhi,Petrol,SUV,70000,Manual,2nd Owner,Hyundai,2019,850000,Third Party,13
Delhi,Diesel,Hatchback,23000,Manual,1st Owner,Tata,2023,870000,Comprehensive,23.64
Delhi,Petrol,Hatchback,19044,Manual,1st Owner,Maruti,2022,634000,Comprehensive,20.89
Delhi,Petrol,Sedan,23500,Automatic,1st Owner,BMW,2017,7500000,Comprehensive,12.5
Delhi,Petrol,SUV,17367,Manual,1st Owner,Hyundai,2019,1250000,Comprehensive,15.8
Delhi,Diesel,SUV,3800,Manual,1st Owner,Kia,2020,1325000,Third Party,20.8
Delhi,Petrol,Sedan,45000,Automatic,1st Owner,BMW,2017,3215000,Comprehensive,15.34
Delhi,Petrol,Hatchback,43124,Automatic,2nd Owner,Hyundai,2014,421000,Comprehensive,18.9
Delhi,Diesel,SUV,20000,Manual,1st Owner,Mahindra,2020,1300000,Third Party,15.1
Delhi,Diesel,SUV,60000,Automatic,1st Owner,Hyundai,2017,1000000,Third Party,17.01
Delhi,Petrol,Hatchback,36000,Manual,1st Owner,Maruti,2018,600000,Third Party,21.01
Delhi,Petrol,Hatchback,44559,Automatic,1st Owner,Hyundai,2015,495000,Third Party,18.9
Delhi,Petrol,SUV,10000,Manual,1st Owner,MG,2022,2050000,Third Party,14.025
Delhi,Petrol,Hatchback,37587,Manual,1st Owner,Tata,2021,627000,Comprehensive,19.33
Delhi,Petrol,Sedan,90000,Manual,1st Owner,Honda,2016,340000,Third Party,17.8
Delhi,Petrol,Hatchback,73786,Manual,1st Owner,Hyundai,2010,190000,Comprehensive,20.36
Delhi,Petrol,Sedan,50000,Automatic,1st Owner,Toyota,2009,300000,Third Party,14.53
Delhi,Petrol,Hatchback,22000,Manual,1st Owner,Maruti,2018,575000,Third Party,21.21
Delhi,Petrol,Hatchback,38103,Automatic,1st Owner,Maruti,2019,743000,Comprehensive,19.56
Delhi,Petrol,Hatchback,15000,Manual,1st Owner,Maruti,2022,645000,Third Party,20.89
Delhi,Diesel,MUV,69000,Automatic,1st Owner,Toyota,2018,1700000,Comprehensive,11.36
Delhi,Petrol,Hatchback,48327,Manual,2nd Owner,Hyundai,2013,359000,Comprehensive,18.9
Delhi,Petrol,Hatchback,40000,Manual,1st Owner,Maruti,2008,120000,Third Party,18.2
Delhi,Petrol,SUV,38967,Manual,1st Owner,Kia,2020,1121000,Third Party,16.5
Delhi,Diesel,SUV,50000,Manual,1st Owner,Kia,2020,1375000,Comprehensive,20.8
Delhi,Petrol,Hatchback,33000,Manual,1st Owner,Maruti,2016,525000,Comprehensive,21.01
Delhi,Petrol,Sedan,70000,Manual,1st Owner,Toyota,2014,375000,Comprehensive,16.78
Delhi,Petrol,Hatchback,120000,Manual,3rd Owner,Maruti,2006,90000,Third Party,18.9
Delhi,Diesel,SUV,72000,Automatic,1st Owner,Isuzu,2018,1699000,Comprehensive,13.8
Delhi,Petrol,SUV,58511,Manual,1st Owner,Hyundai,2017,895000,Comprehensive,15.29
Delhi,Diesel,Sedan,60000,Manual,1st Owner,Maruti,2014,410000,Third Party,23.4
Delhi,Diesel,SUV,40000,Manual,3rd Owner,Mahindra,2019,1250000,Third Party,16.36
Delhi,Petrol,Hatchback,43500,Manual,1st Owner,Maruti,2019,525000,Comprehensive,22
Delhi,Petrol,Sedan,68192,Manual,1st Owner,Maruti,2019,625000,Comprehensive,17.5
Delhi,Diesel,SUV,100000,Manual,3rd Owner,Mahindra,2017,850000,Third Party,16
Delhi,Diesel,Hatchback,74872,Manual,1st Owner,Honda,2015,340000,Comprehensive,27.3
Delhi,Diesel,MUV,47000,Manual,1st Owner,Toyota,2019,1750000,Comprehensive,12
Delhi,Petrol,SUV,9000,Manual,1st Owner,Maruti,2022,1295000,Third Party,19.89
Delhi,Petrol,Hatchback,31000,Manual,1st Owner,Volkswagen,2019,699000,Comprehensive,18.78
Delhi,Petrol,Hatchback,33709,Manual,2nd Owner,Tata,2018,399000,Comprehensive,23.84
Delhi,Petrol,Hatchback,123617,Manual,1st Owner,Maruti,2018,387000,Comprehensive,20.89
Delhi,Diesel,Sedan,31000,Automatic,1st Owner,Audi,2015,1475000,Comprehensive,17.68
Delhi,Cng,Hatchback,45000,Manual,1st Owner,Hyundai,2019,485000,Third Party,30.48
Delhi,Cng,Hatchback,82000,Manual,1st Owner,Maruti,2014,295000,Third Party,33.54
Delhi,Petrol,Hatchback,36400,Automatic,1st Owner,Maruti,2015,425000,Comprehensive,23.1
Delhi,Diesel,Sedan,75000,Automatic,2nd Owner,Mercedes-Benz,2017,7125000,Comprehensive,13.5
Delhi,Petrol,Hatchback,69000,Manual,1st Owner,Honda,2013,250000,Third Party,19.4
Delhi,Diesel,Sedan,110000,Manual,1st Owner,Fiat,2015,350000,Third Party,20.4
Delhi,Diesel,SUV,62500,Automatic,1st Owner,Nissan,2016,645000,Comprehensive,19.61
Delhi,Petrol,Hatchback,20000,Manual,1st Owner,Renault,2021,460000,Third Party,22.25
Delhi,Petrol,Sedan,70307,Manual,2nd Owner,Honda,2014,458000,Zero Dep,17.4
Delhi,Diesel,SUV,50000,Automatic,1st Owner,Audi,2015,1800000,Third Party,14.16
Delhi,Petrol,Hatchback,30000,Manual,1st Owner,Maruti,2020,580000,Third Party,20.89
Delhi,Diesel,SUV,65000,Automatic,1st Owner,BMW,2017,4200000,Comprehensive,15.97
Delhi,Petrol,Hatchback,4108,Manual,2nd Owner,Maruti,2022,517000,Third Party,20.89
Delhi,Petrol,Hatchback,40000,Manual,1st Owner,Hyundai,2020,750000,Comprehensive,18.6
Delhi,Petrol,Hatchback,91926,Manual,1st Owner,Hyundai,2012,213000,Comprehensive,20.36
Delhi,Diesel,Sedan,40000,Automatic,1st Owner,Mercedes-Benz,2014,1450000,Third Party,13
Delhi,Cng,MUV,40000,Manual,1st Owner,Maruti,2021,1100000,Third Party,26.08
Delhi,Petrol,Hatchback,60000,Manual,1st Owner,Maruti,2019,611000,Third Party,21.4
Delhi,Petrol,Hatchback,23200,Manual,1st Owner,Toyota,2021,745000,Third Party,21.01
Delhi,Diesel,SUV,36000,Automatic,1st Owner,Kia,2021,1851000,Comprehensive,18
Delhi,Petrol,Hatchback,50000,Manual,1st Owner,Hyundai,2015,415000,Comprehensive,18.9
Delhi,Diesel,SUV,39000,Manual,1st Owner,Jeep,2017,1075000,Comprehensive,17.1
Delhi,Petrol,Hatchback,55000,Automatic,1st Owner,Maruti,2016,550000,Comprehensive,21.4
Delhi,Petrol,Hatchback,55000,Manual,1st Owner,Tata,2020,540000,Comprehensive,19.33
Delhi,Petrol,MUV,24777,Manual,1st Owner,Renault,2019,540000,Third Party,20
Delhi,Diesel,SUV,50000,Manual,1st Owner,Maruti,2016,575000,Third Party,24.3
Delhi,Petrol,SUV,15000,Automatic,1st Owner,Jeep,2021,6200000,Comprehensive,12.1
Delhi,Petrol,Sedan,50854,Manual,2nd Owner,Maruti,2012,286000,Comprehensive,22.41
Delhi,Diesel,Sedan,134000,Automatic,1st Owner,Audi,2014,890000,Third Party,17.68
Delhi,Diesel,SUV,33000,Automatic,1st Owner,MG,2021,3449000,Comprehensive,12.4
Delhi,Petrol,Sedan,34000,Automatic,1st Owner,Hyundai,2019,1280000,Comprehensive,14.62
Delhi,Petrol,Sedan,52515,Manual,1st Owner,Maruti,2014,356000,Comprehensive,22.41
Delhi,Petrol,MUV,45000,Manual,1st Owner,Toyota,2020,1950000,Comprehensive,8
Delhi,Diesel,Sedan,59000,Automatic,1st Owner,Audi,2015,2090000,Third Party,18.53
Delhi,Petrol,Sedan,29582,Manual,2nd Owner,Fiat,2009,115000,Third Party,16
Delhi,Petrol,SUV,10000,Manual,1st Owner,Mahindra,2023,1500000,Third Party,23.84
Delhi,Petrol,Sedan,41000,Automatic,1st Owner,Toyota,2017,1190000,Third Party,14.28
Delhi,Petrol,Hatchback,57806,Manual,2nd Owner,Renault,2017,295000,Comprehensive,25.17
Delhi,Petrol,Sedan,20000,Automatic,1st Owner,Honda,2019,1000000,Third Party,18
Delhi,Petrol,Hatchback,66227,Manual,1st Owner,Datsun,2018,213000,Zero Dep,22.7
Delhi,Petrol,Hatchback,100000,Manual,3rd Owner,Hyundai,2010,135000,Third Party,19.81
Delhi,Petrol,Hatchback,43220,Automatic,2nd Owner,Tata,2019,595000,Comprehensive,23.84
Delhi,Petrol,Sedan,100000,Manual,1st Owner,Hyundai,2015,300000,Third Party,18
Delhi,Petrol,Hatchback,13500,Manual,2nd Owner,Renault,2018,425000,Comprehensive,23.01
Delhi,Petrol,Sedan,60000,Manual,2nd Owner,Tata,2016,330000,Third Party,23.84
Delhi,Petrol,Hatchback,43929,Manual,1st Owner,Maruti,2016,478000,Third Party,21.4
Delhi,Petrol,Hatchback,70000,Manual,1st Owner,Maruti,2017,450000,Third Party,20.51
Delhi,Diesel,SUV,70000,Manual,2nd Owner,Mahindra,2018,900000,Third Party,15.1
Delhi,Petrol,Hatchback,50000,Manual,1st Owner,Maruti,2020,680000,Third Party,21.01
Delhi,Petrol,Hatchback,100000,Manual,3rd Owner,Hyundai,2010,135000,Third Party,19.81
Delhi,Petrol,Hatchback,34250,Manual,1st Owner,Renault,2018,385000,Comprehensive,25.17
Delhi,Petrol,Hatchback,90000,Manual,2nd Owner,Honda,2012,240000,Third Party,19.4
Delhi,Cng,Hatchback,64847,Manual,1st Owner,Hyundai,2020,626000,Third Party,23.84
Delhi,Diesel,SUV,50000,Manual,1st Owner,Hyundai,2021,1350000,Third Party,13.7
Delhi,Petrol,Hatchback,90000,Manual,2nd Owner,Honda,2012,240000,Third Party,19.4
Delhi,Petrol,Hatchback,62150,Manual,1st Owner,Hyundai,2015,345000,Zero Dep,19.81
Delhi,Petrol,Hatchback,41200,Automatic,1st Owner,Maruti,2018,505000,Zero Dep,20.89
Delhi,Petrol,SUV,67000,Automatic,1st Owner,Ford,2018,749000,Comprehensive,14.7
Delhi,Petrol,Hatchback,41705,Manual,2nd Owner,Hyundai,2011,140000,Third Party,21.1
Delhi,Petrol,SUV,9000,Automatic,1st Owner,Mahindra,2021,1500000,Third Party,15.2
Delhi,Petrol,SUV,27120,Automatic,1st Owner,Mercedes-Benz,2019,2995000,Comprehensive,13.7
Delhi,Diesel,Hatchback,120000,Manual,1st Owner,Maruti,2014,325000,Third Party,25.2
Delhi,Petrol,Hatchback,55000,Manual,1st Owner,Maruti,2017,431000,Comprehensive,20.4
Delhi,Petrol,SUV,69000,Manual,1st Owner,Hyundai,2017,780000,Third Party,15.8
Delhi,Petrol,Hatchback,90000,Manual,2nd Owner,Hyundai,2009,170000,Third Party,20.36
Delhi,Petrol,Hatchback,40000,Manual,1st Owner,Toyota,2019,530000,Third Party,21.01
Delhi,Petrol,SUV,18432,Automatic,1st Owner,Maruti,2021,949000,Zero Dep,18.76
Delhi,Petrol,Sedan,43584,Manual,1st Owner,Honda,2016,479000,Third Party,17.8
Delhi,Petrol,Hatchback,17665,Manual,1st Owner,Maruti,2017,562000,Third Party,21.4
Delhi,Diesel,SUV,70000,Manual,2nd Owner,Ford,2017,600000,Third Party,22.77
Delhi,Petrol,Sedan,10203,Manual,1st Owner,Tata,2022,735000,Third Party,19.28
Delhi,Petrol,Hatchback,70000,Manual,2nd Owner,Hyundai,2015,420000,Third Party,18.9
Delhi,Petrol,Sedan,63000,Manual,1st Owner,Honda,2015,549000,Comprehensive,16.8
Delhi,Petrol,Hatchback,45244,Manual,2nd Owner,Volkswagen,2013,322000,Third Party,16.47
Delhi,Petrol,Hatchback,80000,Manual,2nd Owner,Hyundai,2009,180000,Third Party,20.36
Delhi,Petrol,Hatchback,77611,Manual,2nd Owner,Maruti,2016,472000,Comprehensive,21.4
Delhi,Petrol,SUV,68000,Manual,1st Owner,Hyundai,2016,715000,Comprehensive,15.29
Delhi,Petrol,Hatchback,110000,Manual,1st Owner,Maruti,2012,220000,Third Party,19
Delhi,Petrol,Sedan,30000,Manual,1st Owner,Honda,2021,900000,Third Party,17.4
Delhi,Petrol,MUV,15000,Automatic,1st Owner,Toyota,2022,2550000,Comprehensive,8
Delhi,Petrol,Sedan,67000,Manual,1st Owner,Honda,2014,499000,Comprehensive,16.8
Delhi,Diesel,SUV,70000,Manual,1st Owner,Mitsubishi,2014,857000,Third Party,13.5
Delhi,Petrol,Hatchback,34568,Manual,2nd Owner,Maruti,2017,445000,Comprehensive,20.4
Delhi,Petrol,SUV,10000,Automatic,1st Owner,Mahindra,2022,2350000,Third Party,15.29
Delhi,Petrol,Hatchback,54101,Manual,1st Owner,Volkswagen,2017,501000,Zero Dep,16.2
Delhi,Diesel,Hatchback,120000,Manual,1st Owner,Toyota,2015,400000,Third Party,23.59
Delhi,Petrol,Sedan,67000,Manual,1st Owner,Honda,2016,440000,Comprehensive,19.5
Delhi,Petrol,Sedan,88952,Automatic,2nd Owner,Volkswagen,2016,631000,Third Party,18.19
Delhi,Petrol,Hatchback,65000,Manual,1st Owner,Maruti,2019,545000,Comprehensive,20.52
Delhi,Petrol,Sedan,69000,Automatic,2nd Owner,Honda,2015,549000,Comprehensive,18
Delhi,Petrol,Hatchback,50979,Manual,1st Owner,Maruti,2012,243000,Comprehensive,18.9
Delhi,Diesel,Sedan,95000,Automatic,2nd Owner,Audi,2014,890000,Comprehensive,17.11
Delhi,Petrol,Hatchback,58696,Manual,1st Owner,Hyundai,2016,546000,Third Party,18.6
Delhi,Petrol,SUV,8000,Automatic,1st Owner,BMW,2022,6475000,Third Party,12.81
Delhi,Diesel,SUV,45000,Automatic,1st Owner,Mercedes-Benz,2019,2800000,Comprehensive,17.9
Delhi,Petrol,SUV,30000,Automatic,1st Owner,Hyundai,2022,1090000,Third Party,18.15
Delhi,Petrol,Hatchback,44000,Manual,1st Owner,Maruti,2020,575000,Comprehensive,20.89
Delhi,Petrol,SUV,1600,Automatic,1st Owner,Land Rover,2023,13200000,Comprehensive,9.2
Delhi,Petrol,Sedan,30000,Automatic,1st Owner,Maruti,2022,800000,Third Party,22.61
Delhi,Diesel,SUV,35011,Automatic,2nd Owner,Mahindra,2022,1651000,Third Party,15.29
Delhi,Petrol,SUV,18110,Manual,1st Owner,Tata,2021,820000,Zero Dep,17.33
Delhi,Diesel,SUV,90000,Manual,1st Owner,Mahindra,2014,545000,Third Party,15.1
Delhi,Petrol,SUV,24349,Manual,2nd Owner,Honda,2017,625000,Third Party,17.5
Delhi,Diesel,SUV,60000,Manual,1st Owner,Hyundai,2019,800000,Third Party,22.1
Delhi,Petrol,Hatchback,81711,Manual,1st Owner,Hyundai,2017,599000,Zero Dep,18.6
Delhi,Petrol,SUV,101,Automatic,1st Owner,Land Rover,2023,13200000,Comprehensive,9.2
Delhi,Cng,Hatchback,30400,Manual,1st Owner,Tata,2022,725000,Comprehensive,26.49
Delhi,Petrol,Hatchback,23961,Manual,2nd Owner,Hyundai,2013,216000,Comprehensive,21.1
Delhi,Petrol,Hatchback,66300,Manual,1st Owner,Toyota,2018,525000,Third Party,17.71
Delhi,Diesel,Coupe,38000,Automatic,1st Owner,Mercedes-Benz,2020,6950000,Comprehensive,16.34
Delhi,Petrol,Hatchback,20802,Manual,1st Owner,Maruti,2019,480000,Zero Dep,21.63
Delhi,Petrol,Hatchback,54420,Manual,1st Owner,Maruti,2013,276000,Third Party,20.51
Delhi,Diesel,Sedan,72000,Automatic,2nd Owner,Mercedes-Benz,2014,3450000,Comprehensive,13.5
Delhi,Petrol,SUV,19000,Automatic,1st Owner,Lexus,2020,8800000,Comprehensive,18.8
Delhi,Petrol,Sedan,92000,Manual,1st Owner,Hyundai,2012,335000,Comprehensive,17.01
Delhi,Diesel,Sedan,24000,Automatic,1st Owner,Audi,2019,2290000,Third Party,20.38
Delhi,Petrol,SUV,59801,Automatic,1st Owner,Hyundai,2018,1150000,Comprehensive,14.8
Delhi,Petrol,SUV,32228,Automatic,1st Owner,Maruti,2020,985000,Comprehensive,18.76
Delhi,Petrol,SUV,102788,Manual,3rd Owner,Mitsubishi,2012,1550000,Third Party,11.3
Delhi,Diesel,Sedan,88594,Manual,1st Owner,Honda,2018,567000,Comprehensive,25.8
Delhi,Petrol,Sedan,21000,Automatic,2nd Owner,Mercedes-Benz,2018,2775000,Third Party,15.04
Delhi,Diesel,SUV,33756,Manual,2nd Owner,Hyundai,2017,880000,Comprehensive,19.67
Delhi,Petrol,SUV,38192,Manual,1st Owner,Honda,2017,738000,Zero Dep,17.5
Delhi,Diesel,MUV,50000,Automatic,1st Owner,Kia,2020,3050000,Comprehensive,14.11
Delhi,Petrol,Sedan,97411,Manual,1st Owner,Honda,2017,469000,Comprehensive,17.8
Delhi,Petrol,Hatchback,11077,Automatic,1st Owner,Honda,2021,935000,Zero Dep,17.1
Delhi,Diesel,SUV,55000,Manual,2nd Owner,Hyundai,2020,1290000,Third Party,19.67
Delhi,Petrol,Sedan,43100,Automatic,1st Owner,Skoda,2016,765000,Third Party,14.3
Delhi,Diesel,SUV,82501,Manual,1st Owner,Ford,2018,765000,Comprehensive,23
Delhi,Petrol,Hatchback,91881,Manual,1st Owner,Maruti,2016,524000,Comprehensive,21.4
Delhi,Petrol,Hatchback,36000,Manual,2nd Owner,Maruti,2017,380000,Third Party,20.4
Delhi,Petrol,Hatchback,62479,Automatic,2nd Owner,Maruti,2018,621000,Comprehensive,21.4
Delhi,Diesel,SUV,53000,Manual,2nd Owner,Mahindra,2016,990000,Comprehensive,15.4
Delhi,Petrol,Hatchback,51000,Manual,2nd Owner,Honda,2013,230000,Comprehensive,19.4
Delhi,Petrol,Hatchback,63774,Manual,1st Owner,Hyundai,2015,549000,Comprehensive,18.6
Delhi,Petrol,Sedan,45000,Manual,1st Owner,Honda,2017,475000,Comprehensive,17.8
Delhi,Petrol,Sedan,21900,Manual,1st Owner,Hyundai,2021,775000,Third Party,20.5
Delhi,Petrol,Sedan,27381,Manual,1st Owner,Hyundai,2016,649000,Comprehensive,17.01
Delhi,Cng,Hatchback,54147,Manual,2nd Owner,Maruti,2017,290000,Comprehensive,30.46
Delhi,Cng,Hatchback,56716,Manual,1st Owner,Maruti,2020,551000,Zero Dep,32.52
Delhi,Diesel,SUV,68000,Automatic,2nd Owner,Land Rover,2017,7200000,Third Party,12.65
Delhi,Petrol,Hatchback,49000,Manual,2nd Owner,Maruti,2015,295000,Comprehensive,21.79
Delhi,Petrol,Sedan,63000,Manual,1st Owner,Maruti,2016,485000,Comprehensive,20.85
Delhi,Diesel,Hatchback,77000,Manual,1st Owner,Tata,2011,195000,Comprehensive,25
Delhi,Diesel,SUV,3000,Automatic,1st Owner,BMW,2023,5400000,Comprehensive,20.37
Delhi,Diesel,MUV,54000,Automatic,1st Owner,Toyota,2019,1775000,Comprehensive,11.36
Delhi,Petrol,Sedan,55000,Manual,1st Owner,Honda,2018,825000,Comprehensive,17.4
Delhi,Petrol,Sedan,50000,Automatic,2nd Owner,Skoda,2018,1650000,Third Party,15.1
Delhi,Petrol,SUV,16000,Automatic,1st Owner,Mercedes-Benz,2022,13800000,Comprehensive,18.29
Delhi,Petrol,Sedan,14598,Manual,2nd Owner,Hyundai,2019,1016000,Zero Dep,17
Delhi,Diesel,SUV,96000,Automatic,2nd Owner,Toyota,2015,1195000,Comprehensive,12.55
Delhi,Diesel,SUV,40190,Manual,2nd Owner,Maruti,2018,736000,Comprehensive,24.3
Delhi,Petrol,SUV,8000,Automatic,1st Owner,Audi,2022,9100000,Comprehensive,11.21
Delhi,Diesel,SUV,80000,Automatic,1st Owner,Hyundai,2016,766000,Comprehensive,17.01
Delhi,Petrol,SUV,46445,Manual,1st Owner,Hyundai,2016,859000,Comprehensive,13
Delhi,Petrol,MUV,6000,Manual,1st Owner,Toyota,2022,1910000,Comprehensive,8
Delhi,Petrol,Sedan,26000,Automatic,1st Owner,BMW,2021,6900000,Third Party,13.32
Delhi,Petrol,Sedan,65083,Manual,1st Owner,Maruti,2017,704000,Third Party,20.73
Delhi,Diesel,SUV,150000,Automatic,2nd Owner,Mercedes-Benz,2014,1751000,Comprehensive,11.74
Delhi,Petrol,Sedan,5378,Automatic,1st Owner,Honda,2021,1443000,Zero Dep,18.3
Delhi,Petrol,Sedan,63001,Automatic,1st Owner,Honda,2016,765000,Comprehensive,18
Delhi,Diesel,Sedan,68000,Automatic,2nd Owner,Audi,2014,950000,Comprehensive,17.11
Delhi,Petrol,MUV,15000,Manual,1st Owner,Renault,2022,675000,Third Party,20
Delhi,Diesel,SUV,106180,Automatic,1st Owner,Audi,2017,2095000,Comprehensive,13.22
Delhi,Diesel,SUV,68000,Manual,1st Owner,Tata,2020,1400000,Comprehensive,16.35
Delhi,Petrol,SUV,11000,Automatic,1st Owner,Hyundai,2022,1975000,Comprehensive,18.3
Delhi,Petrol,SUV,24000,Manual,1st Owner,Hyundai,2021,1095000,Comprehensive,16.39
Delhi,Petrol,Sedan,55000,Manual,1st Owner,Honda,2018,850000,Comprehensive,17.4
Delhi,Diesel,SUV,12010,Manual,1st Owner,Mahindra,2020,1485000,Comprehensive,15.2
Delhi,Petrol,Hatchback,60665,Manual,1st Owner,Maruti,2020,621000,Third Party,21.01
Delhi,Petrol,SUV,10000,Manual,2nd Owner,Hyundai,2021,1120000,Third Party,20.73
Delhi,Diesel,MUV,82896,Manual,2nd Owner,Maruti,2012,727000,Third Party,20.77
Delhi,Diesel,Coupe,35000,Automatic,2nd Owner,Mercedes-Benz,2019,6500000,Comprehensive,19
Delhi,Petrol,SUV,1000,Automatic,1st Owner,Maruti,2023,1725000,Comprehensive,16.39
Delhi,Petrol,Sedan,57463,Manual,1st Owner,Honda,2015,622000,Comprehensive,17.4
Delhi,Petrol,SUV,3100,Manual,1st Owner,Hyundai,2023,1310000,Comprehensive,20.73
Delhi,Diesel,SUV,25000,Automatic,2nd Owner,Volvo,2020,5200000,Comprehensive,11.2
Delhi,Petrol,SUV,58716,Manual,1st Owner,Ford,2016,625000,Zero Dep,15.85
Delhi,Petrol,Hatchback,27000,Manual,1st Owner,Hyundai,2021,725000,Comprehensive,21
Delhi,Petrol,Hatchback,51017,Manual,1st Owner,Maruti,2017,532000,Comprehensive,21.4
Delhi,Petrol,Hatchback,25000,Automatic,1st Owner,Mini,2020,4300000,Comprehensive,13.79
Delhi,Petrol,SUV,33000,Automatic,2nd Owner,Land Rover,2017,3645000,Third Party,18
Delhi,Petrol,Hatchback,17000,Manual,1st Owner,Maruti,2022,710000,Comprehensive,22.35
Delhi,Diesel,SUV,95000,Automatic,1st Owner,Toyota,2014,1390000,Comprehensive,12.55
Delhi,Diesel,SUV,15000,Automatic,2nd Owner,Mercedes-Benz,2020,7600000,Comprehensive,20.73
Delhi,Petrol,Sedan,49000,Automatic,1st Owner,Maruti,2016,690000,Comprehensive,19.12
Delhi,Petrol,Sedan,34000,Automatic,2nd Owner,Audi,2015,2000000,Third Party,15.64
Delhi,Petrol,Sedan,70000,Manual,1st Owner,Maruti,2013,350000,Comprehensive,20.85
Delhi,Petrol,SUV,29100,Manual,1st Owner,Kia,2020,1145000,Comprehensive,18.2
Delhi,Petrol,Sedan,57116,Manual,1st Owner,Tata,2018,518000,Zero Dep,20.3
Delhi,Petrol,Hatchback,56000,Manual,1st Owner,Hyundai,2016,261000,Comprehensive,21.1
Delhi,Petrol,SUV,9343,Manual,1st Owner,Honda,2021,866000,Third Party,16.5
Delhi,Petrol,Sedan,15000,Automatic,2nd Owner,Audi,2021,5100000,Comprehensive,14.11
Delhi,Diesel,SUV,13000,Manual,1st Owner,Toyota,2022,3850000,Comprehensive,20.73
Delhi,Petrol,SUV,90347,Automatic,2nd Owner,Hyundai,2017,944000,Third Party,13
Delhi,Diesel,Sedan,36000,Automatic,1st Owner,Mercedes-Benz,2021,8900000,Comprehensive,13.5
Delhi,Diesel,SUV,60000,Automatic,1st Owner,BMW,2017,2125000,Comprehensive,17.05
Delhi,Petrol,Sedan,64668,Manual,1st Owner,Ford,2019,518000,Zero Dep,19.4
Delhi,Diesel,SUV,7800,Automatic,0th Owner,MG,2023,4500000,Comprehensive,12.04
Delhi,Petrol,Sedan,87313,Manual,1st Owner,Honda,2014,574000,Comprehensive,17.4
Delhi,Diesel,SUV,60000,Automatic,2nd Owner,Volvo,2018,3800000,Comprehensive,14.7
Delhi,Petrol,Hatchback,39000,Manual,1st Owner,Honda,2015,449000,Comprehensive,18.7
Delhi,Petrol,SUV,18000,Automatic,1st Owner,MG,2021,1925000,Comprehensive,11.67
Delhi,Diesel,SUV,18000,Automatic,2nd Owner,Land Rover,2020,5650000,Comprehensive,20.73
Delhi,Petrol,SUV,11000,Automatic,1st Owner,Lexus,2016,6600000,Comprehensive,18.8
Delhi,Petrol,SUV,30000,Automatic,1st Owner,Jeep,2021,6200000,Comprehensive,12.1
Delhi,Diesel,SUV,8000,Automatic,1st Owner,Mercedes-Benz,2018,2700000,Comprehensive,17.9
Delhi,Petrol,Sedan,57000,Automatic,1st Owner,Mercedes-Benz,2017,4050000,Comprehensive,15
Delhi,Diesel,SUV,89500,Automatic,2nd Owner,Audi,2016,3600000,Comprehensive,14.75
Delhi,Petrol,SUV,27684,Manual,2nd Owner,Honda,2017,719000,Third Party,17.5
Delhi,Petrol,Sedan,22000,Automatic,1st Owner,Mercedes-Benz,2017,3300000,Comprehensive,14.74
Delhi,Petrol,Hatchback,71566,Manual,1st Owner,Ford,2019,507000,Comprehensive,20.4
Delhi,Diesel,SUV,75000,Automatic,2nd Owner,Audi,2016,3995000,Third Party,14.75
Delhi,Diesel,Sedan,58000,Automatic,2nd Owner,Mercedes-Benz,2017,2600000,Comprehensive,19.4
Delhi,Petrol,Sedan,75455,Automatic,2nd Owner,Honda,2015,665000,Third Party,18
Delhi,Petrol,SUV,10000,Automatic,1st Owner,MG,2022,1500000,Comprehensive,14.82
Delhi,Diesel,SUV,80000,Automatic,1st Owner,Ford,2017,2349000,Third Party,10.91
Delhi,Petrol,SUV,85031,Automatic,1st Owner,Hyundai,2018,1052000,Comprehensive,14.8
Delhi,Diesel,SUV,22000,Automatic,1st Owner,Land Rover,2021,6700000,Comprehensive,19.4
Delhi,Diesel,SUV,37527,Manual,1st Owner,Ford,2020,930000,Zero Dep,21.7
Delhi,Diesel,SUV,80000,Manual,1st Owner,Maruti,2019,850000,Comprehensive,24.3
Delhi,Petrol,Sedan,14000,Automatic,1st Owner,Mercedes-Benz,2022,5100000,Comprehensive,18.9
Delhi,Diesel,SUV,40000,Automatic,1st Owner,Mahindra,2018,1300000,Third Party,15.1
Delhi,Petrol,Hatchback,10000,Manual,1st Owner,Toyota,2020,625000,Third Party,21.01
Delhi,Diesel,SUV,50000,Automatic,1st Owner,Porsche,2016,5600000,Comprehensive,16.12
Delhi,Diesel,SUV,65000,Automatic,2nd Owner,BMW,2017,1950000,Third Party,20.68
Delhi,Diesel,SUV,72011,Automatic,1st Owner,Audi,2015,1499000,Comprehensive,15.17
Delhi,Diesel,SUV,40011,Automatic,1st Owner,Jeep,2021,2450000,Comprehensive,14.9
Delhi,Petrol,MUV,85000,Manual,1st Owner,Maruti,2016,735000,Comprehensive,19.34
Delhi,Petrol,SUV,36206,Manual,2nd Owner,Ford,2018,726000,Zero Dep,17
Delhi,Diesel,MUV,48011,Manual,1st Owner,Toyota,2017,1650000,Comprehensive,13.68
Delhi,Petrol,Hatchback,86919,Manual,2nd Owner,Maruti,2019,688000,Comprehensive,21.4
Delhi,Petrol,SUV,4000,Automatic,1st Owner,Mercedes-Benz,2022,39500000,Comprehensive,19.34
Delhi,Cng,Sedan,69650,Manual,2nd Owner,Honda,2014,365000,Comprehensive,18
Delhi,Petrol,Sedan,41051,Manual,1st Owner,Volkswagen,2018,627000,Third Party,19.44
Delhi,Diesel,MUV,52011,Automatic,1st Owner,Toyota,2019,1799000,Comprehensive,11.36
Delhi,Petrol,Hatchback,52439,Manual,1st Owner,Hyundai,2013,335000,Comprehensive,19.81
Delhi,Petrol,Sedan,82347,Automatic,2nd Owner,Maruti,2014,528000,Comprehensive,19.12
Delhi,Diesel,SUV,52001,Automatic,2nd Owner,Audi,2014,1899000,Comprehensive,12.07
Delhi,Petrol,Sedan,97249,Manual,1st Owner,Maruti,2014,511000,Third Party,20.73
Delhi,Petrol,SUV,11800,Automatic,1st Owner,Audi,2023,9300000,Comprehensive,19.34
Delhi,Diesel,SUV,5700,Manual,1st Owner,Tata,2022,2099000,Comprehensive,16.14
Delhi,Diesel,SUV,52011,Automatic,1st Owner,Tata,2021,1950000,Comprehensive,14.08
Delhi,Diesel,SUV,52368,Manual,1st Owner,Maruti,2018,849000,Third Party,24.3
Delhi,Diesel,SUV,33500,Automatic,1st Owner,Mercedes-Benz,2020,7950000,Comprehensive,19.34
Delhi,Petrol,Sedan,80000,Manual,1st Owner,Honda,2020,500000,Third Party,18.6
Delhi,Diesel,SUV,85162,Manual,2nd Owner,Honda,2017,525000,Third Party,25.5
Delhi,Petrol,MUV,83863,Automatic,1st Owner,Maruti,2017,775000,Third Party,17.03
Delhi,Petrol,SUV,9500,Automatic,1st Owner,BMW,2019,11000000,Comprehensive,10.54
Delhi,Petrol,Hatchback,62526,Manual,1st Owner,Honda,2016,486000,Zero Dep,18.7
Delhi,Petrol,Hatchback,40000,Manual,1st Owner,Maruti,2018,450000,Third Party,22
Delhi,Diesel,SUV,35331,Manual,1st Owner,Renault,2019,989000,Zero Dep,19.87
Delhi,Diesel,SUV,40000,Automatic,1st Owner,Land Rover,2020,5550000,Comprehensive,19.34
Delhi,Petrol,SUV,10000,Automatic,1st Owner,Audi,2023,5100000,Third Party,10.54
Delhi,Petrol,Hatchback,14893,Manual,1st Owner,Hyundai,2019,526000,Zero Dep,20.3
Delhi,Petrol,Hatchback,110000,Manual,2nd Owner,Maruti,2011,170000,Third Party,18.9
Delhi,Diesel,Sedan,7900,Automatic,1st Owner,Mercedes-Benz,2021,15500000,Comprehensive,13.5
Delhi,Petrol,Hatchback,55215,Manual,1st Owner,Hyundai,2016,434000,Zero Dep,18.9
Delhi,Petrol,Sedan,100000,Manual,1st Owner,Honda,2014,300000,Third Party,17.4
Delhi,Diesel,Sedan,49930,Manual,1st Owner,Hyundai,2021,1103000,Third Party,25
Delhi,Diesel,SUV,54000,Manual,1st Owner,Maruti,2017,645000,Third Party,24.3
Delhi,Petrol,Sedan,1200,Automatic,1st Owner,Mercedes-Benz,2021,5150000,Third Party,10.54
Delhi,Petrol,SUV,7000,Automatic,1st Owner,Audi,2020,2790000,Third Party,18.54
Delhi,Cng,MUV,40000,Manual,1st Owner,Maruti,2021,1100000,Third Party,24.55
Delhi,Diesel,SUV,83000,Automatic,3rd Owner,Mercedes-Benz,2014,1570000,Comprehensive,15.26
Delhi,Petrol,Hatchback,60000,Manual,2nd Owner,Hyundai,2011,130000,Third Party,20.36
Delhi,Cng,Sedan,100000,Manual,1st Owner,Maruti,2018,300000,Third Party,26.55
Delhi,Petrol,Hatchback,60000,Manual,2nd Owner,Hyundai,2009,85000,Third Party,20.36
Delhi,Petrol,SUV,25000,Automatic,1st Owner,Volvo,2020,3750000,Comprehensive,21
Delhi,Petrol,Sedan,67593,Manual,1st Owner,Honda,2015,422000,Third Party,18
Delhi,Diesel,SUV,50000,Automatic,1st Owner,Hyundai,2020,1500000,Third Party,18.5
Delhi,Petrol,Hatchback,88882,Manual,1st Owner,Maruti,2016,495000,Comprehensive,21.4
Delhi,Petrol,Sedan,78986,Manual,1st Owner,Toyota,2016,815000,Comprehensive,14.28
Delhi,Diesel,Sedan,100000,Manual,1st Owner,Maruti,2014,215000,Third Party,23.4
Delhi,Petrol,Hatchback,24727,Manual,2nd Owner,Hyundai,2015,502000,Comprehensive,17.19
Delhi,Diesel,SUV,70000,Automatic,3rd Owner,Audi,2014,800000,Third Party,15.73
Delhi,Petrol,Sedan,34000,Automatic,1st Owner,Mercedes-Benz,2019,15900000,Comprehensive,7.08
Delhi,Petrol,Hatchback,79328,Automatic,1st Owner,Honda,2017,565000,Comprehensive,19
Delhi,Petrol,Hatchback,50000,Manual,1st Owner,Maruti,2017,280000,Third Party,23.95
Delhi,Petrol,Hatchback,62113,Manual,2nd Owner,Maruti,2017,524000,Third Party,21.4
Delhi,Petrol,SUV,2300,Manual,1st Owner,Hyundai,2023,1650000,Comprehensive,16.53
Delhi,Petrol,Sedan,120000,Automatic,3rd Owner,Toyota,2013,450000,Third Party,14.53
Delhi,Diesel,Hatchback,120000,Manual,2nd Owner,Tata,2018,315000,Third Party,27.28
Delhi,Petrol,Sedan,120000,Automatic,3rd Owner,Toyota,2013,450000,Third Party,14.53
Delhi,Petrol,SUV,5000,Automatic,1st Owner,Volvo,2022,4400000,Comprehensive,16.53
Delhi,Petrol,SUV,10000,Manual,2nd Owner,Hyundai,2021,1120000,Third Party,18.53
Delhi,Petrol,Sedan,60000,Manual,2nd Owner,Hyundai,2018,750000,Third Party,17
Delhi,Petrol,Hatchback,30000,Manual,1st Owner,Maruti,2021,635000,Third Party,21.01
Delhi,Diesel,SUV,67000,Manual,1st Owner,Jeep,2018,1110000,Comprehensive,17.1
Delhi,Petrol,Hatchback,86183,Manual,1st Owner,Hyundai,2016,450000,Zero Dep,18.9
Delhi,Diesel,Sedan,70000,Manual,1st Owner,Toyota,2013,260000,Third Party,23.59
Delhi,Petrol,Hatchback,88991,Manual,1st Owner,Maruti,2013,346000,Third Party,22.38
Delhi,Diesel,SUV,18000,Automatic,2nd Owner,BMW,2019,5260000,Comprehensive,16.55
Delhi,Petrol,SUV,55000,Automatic,1st Owner,Jeep,2019,1475000,Comprehensive,14.1
Delhi,Cng,Hatchback,62657,Manual,1st Owner,Maruti,2021,479000,Third Party,31.2
Delhi,Petrol,Hatchback,16452,Automatic,1st Owner,Renault,2017,300000,Comprehensive,24.04
Delhi,Petrol,Sedan,40000,Automatic,2nd Owner,Mercedes-Benz,2017,2475000,Comprehensive,15.04
Delhi,Cng,Hatchback,31029,Manual,1st Owner,Tata,2022,740000,Zero Dep,26.49
Delhi,Petrol,Hatchback,40000,Manual,2nd Owner,Maruti,2018,450000,Third Party,22
Delhi,Petrol,Hatchback,46724,Manual,2nd Owner,Hyundai,2014,403000,Comprehensive,18.5
Delhi,Petrol,Sedan,86000,Automatic,1st Owner,Mercedes-Benz,2011,750000,Third Party,14.74
Delhi,Diesel,SUV,40000,Manual,1st Owner,Mahindra,2015,800000,Third Party,16
Delhi,Petrol,Sedan,80000,Automatic,1st Owner,Toyota,2015,1425000,Third Party,19.16
Delhi,Petrol,Sedan,70000,Automatic,1st Owner,Toyota,2015,1425000,Third Party,19.16
Delhi,Petrol,Sedan,60000,Manual,1st Owner,Honda,2016,660000,Comprehensive,17.4
Delhi,Petrol,Hatchback,60000,Manual,1st Owner,Maruti,2009,150000,Third Party,18.9
Delhi,Cng,MUV,40000,Manual,1st Owner,Maruti,2021,1100000,Third Party,26.08
Delhi,Diesel,Hatchback,80000,Manual,4th Owner,Maruti,2015,220000,Third Party,27.62
Delhi,Diesel,SUV,90000,Automatic,1st Owner,Ford,2019,2800000,Comprehensive,10.91
Delhi,Cng,Hatchback,71727,Manual,1st Owner,Hyundai,2021,676000,Third Party,27.62
Delhi,Diesel,Sedan,73000,Automatic,1st Owner,Mercedes-Benz,2013,1125000,Comprehensive,14.21
Delhi,Petrol,SUV,85482,Manual,1st Owner,Honda,2017,686000,Third Party,17.5
Delhi,Petrol,SUV,54500,Automatic,2nd Owner,Mercedes-Benz,2016,2300000,Comprehensive,12.33
Delhi,Cng,Hatchback,60000,Manual,2nd Owner,Maruti,2016,260000,Third Party,31.79
Delhi,Petrol,Sedan,89581,Manual,1st Owner,Hyundai,2017,798000,Zero Dep,17.01
Delhi,Petrol,Sedan,110000,Automatic,2nd Owner,Skoda,2014,275000,Third Party,14.3
Delhi,Diesel,SUV,79500,Automatic,1st Owner,Mercedes-Benz,2016,4890000,Comprehensive,11
Delhi,Petrol,Sedan,69164,Manual,2nd Owner,Toyota,2011,250000,Third Party,17.6
Delhi,Petrol,SUV,28000,Automatic,1st Owner,Honda,2016,1450000,Comprehensive,13.7
Delhi,Diesel,SUV,66175,Manual,1st Owner,Maruti,2018,787000,Comprehensive,24.3
Delhi,Petrol,SUV,22000,Automatic,2nd Owner,Porsche,2020,7500000,Comprehensive,17.01
Delhi,Petrol,Sedan,47001,Manual,1st Owner,Tata,2017,485000,Comprehensive,20.3
Delhi,Diesel,SUV,145000,Automatic,1st Owner,Toyota,2016,1715000,Comprehensive,15.04
Delhi,Petrol,Sedan,19000,Automatic,1st Owner,Mercedes-Benz,2021,6100000,Comprehensive,15
Delhi,Diesel,Sedan,43600,Automatic,2nd Owner,Audi,2015,1200000,Third Party,17.11
Delhi,Petrol,Hatchback,63521,Manual,1st Owner,Hyundai,2016,425000,Comprehensive,25
Delhi,Petrol,Sedan,18021,Manual,1st Owner,Maruti,2021,700000,Comprehensive,22.41
Delhi,Petrol,Hatchback,90000,Manual,1st Owner,Maruti,2008,61000,Third Party,17.3
Delhi,Diesel,SUV,38000,Automatic,1st Owner,Mercedes-Benz,2021,24500000,Comprehensive,8.13
Delhi,Petrol,Hatchback,39076,Manual,1st Owner,Ford,2021,711000,Third Party,18.5
Delhi,Petrol,SUV,36000,Automatic,1st Owner,Mercedes-Benz,2020,5250000,Comprehensive,12.74
Delhi,Cng,Hatchback,106848,Manual,1st Owner,Maruti,2018,423000,Zero Dep,35.6
Delhi,Diesel,MUV,105000,Manual,1st Owner,Toyota,2017,1500000,Third Party,13.68
Delhi,Petrol,Convertibles,6500,Automatic,2nd Owner,Mini,2020,4450000,Third Party,16.72
Delhi,Petrol,Hatchback,111237,Manual,2nd Owner,Hyundai,2010,140000,Third Party,20.36
Delhi,Petrol,Hatchback,70000,Automatic,2nd Owner,Volkswagen,2018,715000,Third Party,17.21
Delhi,Diesel,SUV,95000,Automatic,2nd Owner,Volvo,2015,1075000,Comprehensive,11.1
Delhi,Petrol,SUV,13278,Manual,1st Owner,Nissan,2022,837000,Comprehensive,18.75
Delhi,Diesel,SUV,35000,Automatic,2nd Owner,Mahindra,2022,1650000,Third Party,25.1
Delhi,Petrol,SUV,12255,Manual,1st Owner,Nissan,2022,894000,Third Party,20
Delhi,Petrol,SUV,68000,Automatic,1st Owner,Mercedes-Benz,2017,6250000,Comprehensive,8.9
Delhi,Diesel,SUV,67000,Manual,1st Owner,Tata,2019,950000,Third Party,17.6
Delhi,Diesel,Hatchback,37000,Manual,1st Owner,Maruti,2019,650000,Comprehensive,27.39
Delhi,Petrol,Sedan,8000,Automatic,1st Owner,Mercedes-Benz,2020,4399000,Comprehensive,11.9
Delhi,Diesel,SUV,54000,Manual,1st Owner,Maruti,2017,595000,Third Party,23.65
Delhi,Diesel,Sedan,120000,Manual,1st Owner,Honda,2014,499000,Third Party,25.1
Delhi,Petrol,Sedan,70000,Manual,2nd Owner,Maruti,2010,150000,Third Party,17.5
Delhi,Petrol,SUV,17000,Automatic,1st Owner,Mercedes-Benz,2022,6300000,Comprehensive,12.74
Delhi,Diesel,SUV,45000,Automatic,1st Owner,Mercedes-Benz,2016,5200000,Comprehensive,11
Delhi,Petrol,Hatchback,19717,Manual,1st Owner,Maruti,2018,459000,Third Party,25.24
Delhi,Petrol,Sedan,20000,Automatic,1st Owner,BMW,2021,5190000,Comprehensive,15.3
Delhi,Petrol,Hatchback,35495,Manual,1st Owner,Maruti,2017,332000,Third Party,24.39
Delhi,Petrol,SUV,25000,Automatic,2nd Owner,Mercedes-Benz,2016,2190000,Comprehensive,13.7
Delhi,Petrol,SUV,27401,Automatic,1st Owner,Jeep,2018,1550000,Third Party,16
Delhi,Petrol,Hatchback,15981,Manual,1st Owner,Maruti,2019,427000,Comprehensive,21.7
Delhi,Petrol,SUV,7500,Automatic,1st Owner,MG,2022,1900000,Comprehensive,25.1
Delhi,Petrol,Sedan,6300,Automatic,1st Owner,Audi,2022,4200000,Comprehensive,23
Delhi,Petrol,Hatchback,73052,Manual,1st Owner,Hyundai,2011,183000,Third Party,20.36
Delhi,Petrol,Sedan,61000,Automatic,1st Owner,Honda,2014,571000,Comprehensive,18
Delhi,Petrol,SUV,15036,Manual,1st Owner,Tata,2021,806000,Third Party,20.09
Delhi,Diesel,Sedan,94000,Automatic,1st Owner,BMW,2015,1700000,Comprehensive,20.37
Delhi,Petrol,Sedan,39000,Manual,1st Owner,Hyundai,2018,525000,Third Party,20.14
Delhi,Petrol,SUV,90000,Manual,3rd Owner,Mahindra,2016,250000,Third Party,18.15
Delhi,Petrol,Hatchback,90000,Manual,1st Owner,Skoda,2011,120000,Third Party,16.25
Delhi,Diesel,SUV,44000,Automatic,2nd Owner,Mercedes-Benz,2017,5550000,Third Party,11
Delhi,Petrol,Hatchback,120000,Manual,2nd Owner,Maruti,2006,60000,Third Party,18.9
Delhi,Petrol,Hatchback,30000,Manual,1st Owner,Renault,2018,265000,Third Party,25.17
Delhi,Petrol,SUV,4900,Automatic,1st Owner,Volvo,2021,6150000,Comprehensive,11.2
Delhi,Petrol,Hatchback,36000,Automatic,2nd Owner,Mini,2015,1975000,Comprehensive,19.23
Delhi,Petrol,Hatchback,4975,Manual,1st Owner,Maruti,2022,519000,Comprehensive,20.89
Delhi,Cng,Hatchback,48000,Manual,2nd Owner,Maruti,2014,249000,Comprehensive,30.46
Delhi,Petrol,MUV,36758,Manual,1st Owner,Renault,2021,558000,Third Party,20
Delhi,Petrol,Sedan,3500,Automatic,1st Owner,BMW,2022,5590000,Comprehensive,15.3
Delhi,Petrol,SUV,10000,Automatic,1st Owner,Renault,2022,1025000,Third Party,18.24
Delhi,Petrol,SUV,61882,Manual,1st Owner,Nissan,2021,698000,Comprehensive,18.75
Delhi,Petrol,Hatchback,66000,Manual,1st Owner,Volkswagen,2011,275000,Comprehensive,17
Delhi,Petrol,SUV,46000,Automatic,1st Owner,Land Rover,2018,3950000,Comprehensive,12.81
Delhi,Petrol,Hatchback,6088,Manual,1st Owner,Maruti,2021,524000,Comprehensive,20.89
Delhi,Petrol,Hatchback,23000,Automatic,1st Owner,Hyundai,2018,675000,Comprehensive,17.4
Delhi,Petrol,Hatchback,41732,Manual,1st Owner,Maruti,2018,546000,Zero Dep,21.4
Delhi,Diesel,Sedan,55000,Automatic,2nd Owner,BMW,2018,3685000,Comprehensive,22.48
Delhi,Diesel,SUV,51000,Manual,1st Owner,Maruti,2019,775000,Comprehensive,24.3
Delhi,Petrol,Hatchback,38000,Manual,1st Owner,Hyundai,2015,245000,Comprehensive,21.1
Delhi,Diesel,SUV,60000,Manual,1st Owner,Mahindra,2016,1000000,Third Party,16
Delhi,Diesel,SUV,75000,Automatic,1st Owner,Mercedes-Benz,2016,3090000,Comprehensive,17.9
Delhi,Diesel,SUV,92000,Automatic,3rd Owner,Audi,2014,1300000,Comprehensive,14.16
Delhi,Petrol,Hatchback,90000,Manual,3rd Owner,Honda,2009,95000,Third Party,16
Delhi,Diesel,SUV,92000,Automatic,2nd Owner,Audi,2013,1300000,Comprehensive,14.16
Delhi,Petrol,Hatchback,49010,Manual,1st Owner,Hyundai,2019,595000,Third Party,18.6
Delhi,Petrol,Hatchback,26089,Manual,1st Owner,Maruti,2019,592000,Third Party,21.4
Delhi,Diesel,SUV,54000,Manual,1st Owner,Mahindra,2014,520000,Third Party,15.4
Delhi,Petrol,Hatchback,37302,Manual,1st Owner,Maruti,2018,352000,Comprehensive,24.39
Delhi,Diesel,Sedan,42000,Automatic,2nd Owner,Mercedes-Benz,2018,2550000,Comprehensive,17.9
Delhi,Petrol,Hatchback,37000,Automatic,1st Owner,Maruti,2021,890000,Comprehensive,21.4
Delhi,Petrol,Hatchback,36483,Manual,1st Owner,Maruti,2015,258000,Third Party,22.05
Delhi,Petrol,Sedan,62000,Automatic,1st Owner,Hyundai,2015,775000,Comprehensive,14.62
Delhi,Petrol,SUV,38010,Manual,1st Owner,Hyundai,2019,1095000,Third Party,15.8
Delhi,Petrol,Hatchback,35123,Automatic,2nd Owner,Maruti,2018,475000,Comprehensive,23.1
Delhi,Petrol,Sedan,43000,Automatic,1st Owner,Honda,2016,800000,Comprehensive,18
Delhi,Diesel,SUV,25154,Manual,2nd Owner,Ford,2019,738000,Third Party,23
Delhi,Diesel,Sedan,10000,Automatic,1st Owner,BMW,2020,5600000,Comprehensive,20.37
Delhi,Diesel,SUV,30600,Automatic,2nd Owner,Tata,2021,1850000,Comprehensive,14.6
Delhi,Petrol,SUV,55000,Manual,1st Owner,Hyundai,2020,775000,Third Party,17.52
Delhi,Petrol,SUV,14500,Automatic,2nd Owner,Mahindra,2021,1550000,Comprehensive,21.4
Delhi,Diesel,SUV,80000,Automatic,2nd Owner,Mercedes-Benz,2017,4950000,Comprehensive,11
Delhi,Petrol,Sedan,76000,Automatic,1st Owner,Hyundai,2013,575000,Comprehensive,14.5
Delhi,Petrol,Sedan,58000,Automatic,1st Owner,Honda,2018,675000,Third Party,18.3
Delhi,Petrol,SUV,34000,Automatic,1st Owner,Kia,2020,1650000,Third Party,16.2
Delhi,Diesel,SUV,25000,Automatic,1st Owner,Audi,2019,6675000,Third Party,14.75
Delhi,Petrol,Hatchback,25367,Manual,1st Owner,Maruti,2017,568000,Comprehensive,21.4
Delhi,Petrol,Sedan,29000,Automatic,1st Owner,Mercedes-Benz,2016,2350000,Comprehensive,15.04
Delhi,Petrol,Hatchback,27240,Manual,1st Owner,Maruti,2017,548000,Third Party,21.4
Delhi,Petrol,Sedan,55000,Automatic,1st Owner,Mercedes-Benz,2015,5150000,Comprehensive,7.81
Delhi,Diesel,SUV,28000,Manual,1st Owner,Hyundai,2020,1150000,Comprehensive,23.4
Delhi,Petrol,Hatchback,20755,Manual,2nd Owner,Maruti,2016,503000,Comprehensive,21.4
Delhi,Petrol,Sedan,10500,Automatic,1st Owner,Toyota,2023,11900000,Comprehensive,16.2
Delhi,Petrol,SUV,3500,Automatic,1st Owner,Mercedes-Benz,2023,41500000,Comprehensive,20.5
Delhi,Petrol,Hatchback,56722,Manual,1st Owner,Maruti,2014,379000,Comprehensive,22
Delhi,Petrol,SUV,81000,Automatic,2nd Owner,Honda,2013,925000,Third Party,11.1
Delhi,Petrol,Hatchback,55566,Manual,1st Owner,Maruti,2011,197000,Comprehensive,19
Delhi,Petrol,Sedan,5500,Automatic,1st Owner,Audi,2020,4825000,Third Party,14.11
Delhi,Diesel,SUV,4000,Manual,1st Owner,Hyundai,2023,1775000,Comprehensive,16.2
Delhi,Petrol,Sedan,950,Automatic,1st Owner,Hyundai,2023,1650000,Comprehensive,20.6
Delhi,Diesel,SUV,71000,Manual,1st Owner,Mahindra,2017,540000,Third Party,16.5
Delhi,Diesel,MUV,28000,Manual,1st Owner,Toyota,2019,1840000,Third Party,13.68
Delhi,Petrol,Sedan,35000,Manual,1st Owner,Hyundai,2018,885000,Comprehensive,17
Delhi,Petrol,SUV,80000,Automatic,1st Owner,Jeep,2020,1800000,Third Party,14.01
Delhi,Petrol,Sedan,60000,Automatic,2nd Owner,Maruti,2016,600000,Third Party,19.12
Delhi,Petrol,SUV,12710,Manual,1st Owner,Mahindra,2021,965000,Third Party,17
Delhi,Petrol,Hatchback,64694,Manual,1st Owner,Maruti,2011,208000,Comprehensive,18.9
Delhi,Diesel,Sedan,67510,Automatic,2nd Owner,BMW,2019,2650000,Comprehensive,22.69
Delhi,Petrol,Hatchback,21867,Manual,1st Owner,Hyundai,2018,528000,Comprehensive,18.9
Delhi,Diesel,SUV,18000,Automatic,2nd Owner,BMW,2022,8765000,Comprehensive,13.38
Delhi,Petrol,Sedan,78010,Automatic,1st Owner,Audi,2018,2175000,Comprehensive,19.2
Delhi,Petrol,Hatchback,36247,Manual,1st Owner,Tata,2021,555000,Comprehensive,20.09
Delhi,Petrol,SUV,3106,Automatic,1st Owner,Jeep,2022,6200000,Comprehensive,12.1
Delhi,Petrol,SUV,40000,Automatic,2nd Owner,Mercedes-Benz,2020,5175000,Comprehensive,12.74
Delhi,Petrol,Hatchback,55566,Manual,1st Owner,Maruti,2019,622000,Comprehensive,21.01
Delhi,Petrol,Sedan,91000,Automatic,1st Owner,Mercedes-Benz,2016,1975000,Comprehensive,15.04
Delhi,Petrol,SUV,46318,Manual,1st Owner,Nissan,2021,733000,Zero Dep,18.75
Delhi,Petrol,Sedan,7359,Manual,1st Owner,Maruti,2023,1075000,Comprehensive,20.65
Delhi,Diesel,SUV,35060,Automatic,1st Owner,Mercedes-Benz,2022,5999000,Comprehensive,17.4
Delhi,Diesel,SUV,22060,Automatic,1st Owner,BMW,2020,3100000,Comprehensive,17.05
Delhi,Petrol,Sedan,68060,Automatic,1st Owner,BMW,2017,3100000,Comprehensive,15.34
Delhi,Diesel,SUV,27000,Manual,1st Owner,Maruti,2017,699000,Comprehensive,24.3
Delhi,Petrol,Sedan,53000,Manual,2nd Owner,Hyundai,2010,80000,Third Party,13.2
Delhi,Diesel,Sedan,50000,Manual,1st Owner,Honda,2013,250000,Third Party,25.8
Delhi,Cng,Sedan,120000,Manual,4th Owner,Toyota,2010,240000,Third Party,14.53
Delhi,Diesel,Sedan,15000,Automatic,1st Owner,Mercedes-Benz,2020,3965000,Comprehensive,12.6
Delhi,Petrol,Sedan,99373,Manual,1st Owner,Honda,2015,578000,Comprehensive,17.4
Delhi,Diesel,SUV,120000,Manual,1st Owner,Ford,2016,265000,Third Party,22.77
Delhi,Petrol,Hatchback,11815,Manual,1st Owner,Maruti,2017,306000,Third Party,22.05
Delhi,Petrol,Sedan,39412,Manual,1st Owner,Maruti,2016,549000,Comprehensive,21.21
Delhi,Petrol,Hatchback,60000,Manual,2nd Owner,Maruti,2016,450000,Third Party,21.4
Delhi,Petrol,Hatchback,33015,Manual,1st Owner,Maruti,2018,536000,Comprehensive,22.38
Delhi,Petrol,Hatchback,44371,Manual,2nd Owner,Honda,2012,235000,Third Party,19.4
Delhi,Diesel,SUV,3500,Automatic,1st Owner,Toyota,2023,26900000,Comprehensive,17.4
Delhi,Petrol,Hatchback,39045,Manual,1st Owner,Maruti,2013,304000,Comprehensive,18.9
Delhi,Petrol,Hatchback,49000,Manual,1st Owner,Hyundai,2013,295000,Third Party,19.81
Delhi,Petrol,Sedan,7936,Automatic,1st Owner,Honda,2021,1296000,Comprehensive,18.3
Delhi,Diesel,Sedan,66000,Automatic,2nd Owner,Audi,2014,1075000,Comprehensive,17.68
Delhi,Petrol,Hatchback,65739,Manual,1st Owner,Hyundai,2016,295000,Third Party,21.1
Delhi,Petrol,Hatchback,52407,Automatic,1st Owner,Maruti,2016,425000,Third Party,23.1
Delhi,Petrol,Hatchback,30000,Automatic,1st Owner,Hyundai,2011,350000,Third Party,16.95
Delhi,Diesel,Sedan,48000,Automatic,1st Owner,BMW,2018,4375000,Third Party,17.42
Delhi,Petrol,Hatchback,86816,Manual,1st Owner,Maruti,2013,275000,Third Party,21.79
Delhi,Petrol,Hatchback,63000,Manual,1st Owner,Toyota,2015,415000,Third Party,17.71
Delhi,Petrol,Hatchback,67000,Manual,1st Owner,Tata,2018,465000,Third Party,23.84
Delhi,Diesel,Sedan,59000,Automatic,2nd Owner,Audi,2014,975000,Comprehensive,17.11
Delhi,Petrol,Hatchback,68838,Manual,1st Owner,Hyundai,2016,545000,Comprehensive,18.6
Delhi,Petrol,Hatchback,46835,Manual,1st Owner,Hyundai,2017,510000,Third Party,18.9
Delhi,Petrol,Sedan,5242,Automatic,2nd Owner,Honda,2022,1403000,Third Party,18.3
Delhi,Petrol,Hatchback,17457,Manual,1st Owner,Maruti,2022,749000,Comprehensive,22.35
Delhi,Petrol,Sedan,62789,Manual,1st Owner,Honda,2015,435000,Third Party,18
Delhi,Petrol,Hatchback,33618,Automatic,1st Owner,Maruti,2016,346000,Comprehensive,23.95
Delhi,Petrol,Sedan,75946,Manual,1st Owner,Honda,2010,205000,Third Party,17
Delhi,Diesel,SUV,230000,Manual,1st Owner,Toyota,2013,970000,Comprehensive,13
Delhi,Petrol,Hatchback,87208,Manual,1st Owner,Maruti,2013,257000,Comprehensive,20.51
Delhi,Petrol,Hatchback,42736,Manual,1st Owner,Datsun,2016,275000,Third Party,22.5
Delhi,Petrol,Sedan,55556,Manual,1st Owner,Toyota,2011,229000,Comprehensive,17.6
Delhi,Petrol,SUV,2054,Manual,1st Owner,Maruti,2023,1250000,Comprehensive,17.38
Delhi,Petrol,Sedan,1700,Automatic,1st Owner,Mercedes-Benz,2023,7750000,Comprehensive,15
Delhi,Petrol,SUV,30120,Automatic,1st Owner,Kia,2021,1725000,Comprehensive,16.5
Delhi,Petrol,Sedan,32000,Manual,1st Owner,Hyundai,2011,349000,Third Party,17.1
Delhi,Diesel,SUV,1200,Automatic,1st Owner,Toyota,2023,5500000,Comprehensive,22.5
Delhi,Petrol,SUV,9600,Automatic,1st Owner,Audi,2021,3145000,Third Party,13
Delhi,Petrol,Sedan,70000,Manual,1st Owner,Honda,2017,699000,Comprehensive,17.8
Delhi,Diesel,SUV,85000,Automatic,1st Owner,Toyota,2014,1275000,Third Party,12.55
Delhi,Petrol,Wagon,40000,Automatic,1st Owner,Maruti,2019,565000,Comprehensive,21.5
Delhi,Petrol,Hatchback,14163,Manual,1st Owner,Maruti,2019,722000,Comprehensive,21.4
Delhi,Diesel,SUV,15000,Manual,1st Owner,Mahindra,2022,1685000,Comprehensive,15.2
Delhi,Petrol,Sedan,4764,Manual,1st Owner,Hyundai,2020,804000,Third Party,20.5
Delhi,Diesel,SUV,20000,Automatic,1st Owner,MG,2023,4300000,Comprehensive,12.04
Delhi,Petrol,MUV,7600,Manual,1st Owner,Toyota,2022,2275000,Comprehensive,8
Delhi,Petrol,Sedan,69815,Automatic,1st Owner,Honda,2016,742000,Third Party,18
Delhi,Diesel,SUV,82000,Manual,1st Owner,Hyundai,2018,910000,Third Party,22.1
Delhi,Petrol,SUV,8400,Automatic,1st Owner,BMW,2021,4000000,Comprehensive,14.82
Delhi,Petrol,Hatchback,75463,Manual,1st Owner,Maruti,2013,315000,Comprehensive,22.38
Delhi,Cng,Hatchback,66000,Manual,1st Owner,Maruti,2013,231000,Comprehensive,33.54
Delhi,Petrol,Hatchback,22091,Manual,1st Owner,Maruti,2017,557000,Third Party,21.4
Delhi,Diesel,Sedan,32000,Automatic,1st Owner,BMW,2019,5775000,Third Party,17.09
Delhi,Petrol,Hatchback,65000,Manual,2nd Owner,Hyundai,2012,231000,Comprehensive,19.81
Delhi,Petrol,Hatchback,66000,Manual,1st Owner,Tata,2016,369000,Comprehensive,23.84
Delhi,Diesel,SUV,25000,Automatic,1st Owner,BMW,2019,5250000,Comprehensive,15.97
Delhi,Diesel,SUV,110000,Automatic,1st Owner,Ford,2018,2675000,Comprehensive,10.91
Delhi,Petrol,SUV,15000,Manual,1st Owner,MG,2022,1150000,Comprehensive,15.97
Delhi,Petrol,Hatchback,30000,Manual,1st Owner,Maruti,2021,700000,Comprehensive,21.4
Delhi,Diesel,SUV,47000,Automatic,1st Owner,Kia,2021,1300000,Comprehensive,17.8
Delhi,Diesel,SUV,6000,Automatic,1st Owner,BMW,2023,5490000,Comprehensive,20.37
Delhi,Petrol,Hatchback,35854,Automatic,2nd Owner,Maruti,2020,805000,Third Party,21.4
Delhi,Petrol,SUV,43623,Manual,1st Owner,Tata,2018,735000,Third Party,17
Delhi,Petrol,Sedan,64229,Manual,2nd Owner,Toyota,2015,441000,Comprehensive,16.78
Delhi,Diesel,SUV,33000,Automatic,1st Owner,Land Rover,2021,5575000,Comprehensive,15.97
Delhi,Diesel,SUV,59605,Automatic,2nd Owner,Ford,2019,2890000,Comprehensive,10.91
Delhi,Petrol,Hatchback,2997,Manual,1st Owner,Renault,2019,397000,Comprehensive,23.01
Delhi,Petrol,Hatchback,9606,Manual,1st Owner,Renault,2021,455000,Third Party,21.74
Delhi,Diesel,Sedan,75000,Automatic,1st Owner,Mercedes-Benz,2015,3850000,Comprehensive,13.5
Delhi,Petrol,Sedan,41898,Automatic,2nd Owner,Honda,2020,713000,Third Party,19
Delhi,Petrol,Hatchback,23159,Manual,1st Owner,Toyota,2021,737000,Third Party,21.01
Delhi,Petrol,SUV,53488,Manual,1st Owner,Ford,2016,540000,Third Party,15.85
Delhi,Diesel,MUV,29000,Manual,1st Owner,Toyota,2019,1749000,Comprehensive,13.68
Delhi,Petrol,SUV,6000,Automatic,1st Owner,MG,2023,2200000,Zero Dep,12.34
Delhi,Petrol,Sedan,68192,Manual,1st Owner,Maruti,2019,627000,Third Party,21.21
Delhi,Petrol,SUV,600,Manual,1st Owner,Kia,2023,1565000,Comprehensive,16.8
Delhi,Petrol,Sedan,13000,Automatic,1st Owner,Jaguar,2020,4625000,Third Party,10.8
Delhi,Diesel,SUV,67756,Manual,1st Owner,Maruti,2018,772000,Third Party,24.3
Delhi,Diesel,SUV,83811,Manual,1st Owner,Maruti,2017,587000,Third Party,25.1
Delhi,Cng,Hatchback,68000,Manual,1st Owner,Maruti,2016,410000,Comprehensive,31.79
Delhi,Petrol,Hatchback,4100,Manual,1st Owner,Maruti,2022,699000,Comprehensive,22.38
Delhi,Petrol,Sedan,46243,Manual,1st Owner,Maruti,2020,642000,Comprehensive,21.21
Delhi,Petrol,Sedan,37000,Automatic,1st Owner,Mercedes-Benz,2014,2700000,Comprehensive,9.26
Delhi,Petrol,Hatchback,52123,Automatic,2nd Owner,Nissan,2015,366000,Comprehensive,19.34
Delhi,Diesel,SUV,66000,Automatic,2nd Owner,Mercedes-Benz,2016,4950000,Comprehensive,11
Delhi,Petrol,Hatchback,23690,Manual,1st Owner,Hyundai,2015,447000,Third Party,18.9
Delhi,Petrol,Hatchback,70879,Manual,1st Owner,Maruti,2016,262000,Zero Dep,22.05
Delhi,Petrol,Hatchback,42000,Manual,1st Owner,Volkswagen,2012,265000,Comprehensive,16.47
Delhi,Diesel,SUV,56000,Automatic,2nd Owner,Jaguar,2018,3875000,Comprehensive,16.38
Delhi,Petrol,Sedan,12651,Manual,2nd Owner,Honda,2017,761000,Comprehensive,17.8
Delhi,Petrol,Sedan,61000,Manual,1st Owner,Honda,2016,430000,Comprehensive,17.8
Delhi,Cng,Hatchback,98705,Manual,1st Owner,Maruti,2018,401000,Comprehensive,35.6
Delhi,Diesel,MUV,62000,Automatic,1st Owner,Kia,2020,2950000,Comprehensive,14.11
Delhi,Petrol,Sedan,28000,Manual,1st Owner,Honda,2014,380000,Comprehensive,18
Delhi,Diesel,SUV,36000,Manual,1st Owner,Mahindra,2020,825000,Comprehensive,16.5
Delhi,Diesel,Sedan,32000,Manual,1st Owner,Maruti,2017,635000,Comprehensive,28.4
Delhi,Diesel,SUV,38000,Automatic,1st Owner,BMW,2017,2250000,Third Party,20.68
Delhi,Petrol,Hatchback,33000,Manual,1st Owner,Maruti,2017,340000,Comprehensive,23.95
Delhi,Diesel,Sedan,68045,Automatic,1st Owner,Hyundai,2018,950000,Third Party,22
Delhi,Diesel,SUV,12000,Manual,1st Owner,Mahindra,2022,1825000,Third Party,20
Delhi,Diesel,SUV,4000,Automatic,1st Owner,Mercedes-Benz,2023,7200000,Comprehensive,18.5
Delhi,Petrol,Hatchback,19765,Manual,1st Owner,Maruti,2018,392000,Zero Dep,20.51
Delhi,Petrol,SUV,7076,Manual,1st Owner,Mahindra,2021,1205000,Third Party,16.82
Delhi,Petrol,Sedan,30560,Manual,1st Owner,Honda,2017,743000,Zero Dep,17.8
Delhi,Diesel,Sedan,5000,Automatic,1st Owner,Jaguar,2020,3375000,Comprehensive,19.5
Delhi,Cng,Hatchback,47944,Manual,1st Owner,Maruti,2018,485000,Third Party,31.79
Delhi,Petrol,SUV,78550,Automatic,1st Owner,Hyundai,2016,879000,Comprehensive,13
Delhi,Petrol,SUV,65000,Automatic,1st Owner,Hyundai,2017,1050000,Third Party,12.95
Delhi,Diesel,SUV,32000,Automatic,1st Owner,Kia,2022,1980000,Comprehensive,18
Delhi,Petrol,Sedan,58996,Manual,2nd Owner,Honda,2017,462000,Comprehensive,19.5
Delhi,Diesel,Sedan,34000,Automatic,2nd Owner,Jaguar,2018,2650000,Comprehensive,13.5
Delhi,Petrol,Hatchback,59537,Manual,2nd Owner,Hyundai,2015,509000,Third Party,18.6
Delhi,Petrol,Hatchback,9314,Manual,1st Owner,Maruti,2022,530000,Comprehensive,21.79
Delhi,Petrol,SUV,60000,Manual,2nd Owner,Nissan,2019,700000,Third Party,22.5
Delhi,Petrol,Sedan,41684,Manual,1st Owner,Honda,2014,310000,Third Party,18.6
Delhi,Petrol,Sedan,70000,Automatic,3rd Owner,Audi,2011,700000,Third Party,12.3
Delhi,Petrol,Hatchback,51607,Manual,1st Owner,Toyota,2016,440000,Comprehensive,18.16
Delhi,Diesel,Sedan,90000,Manual,1st Owner,Tata,2015,400000,Third Party,20.65
Delhi,Diesel,MUV,30000,Automatic,1st Owner,Kia,2020,3050000,Third Party,14.11
Delhi,Diesel,SUV,40000,Manual,1st Owner,Mahindra,2022,1575000,Third Party,15.2
Delhi,Diesel,SUV,35000,Automatic,1st Owner,Mercedes-Benz,2020,4995000,Comprehensive,16.5
Delhi,Petrol,Hatchback,97672,Manual,1st Owner,Maruti,2013,360000,Comprehensive,22.38
Delhi,Petrol,Sedan,90000,Manual,3rd Owner,Hyundai,2014,360000,Third Party,17.01
Delhi,Petrol,Hatchback,68740,Manual,2nd Owner,Nissan,2015,344000,Comprehensive,18.06
Delhi,Petrol,Sedan,37000,Automatic,1st Owner,Mercedes-Benz,2018,3565000,Comprehensive,14.74
Delhi,Diesel,Sedan,40000,Manual,1st Owner,Maruti,2017,600000,Third Party,28.09
Delhi,Petrol,Sedan,86245,Manual,2nd Owner,Honda,2015,340000,Third Party,18
Delhi,Petrol,Hatchback,40000,Automatic,2nd Owner,Volkswagen,2016,675000,Third Party,17.21
Delhi,Petrol,Sedan,15000,Automatic,2nd Owner,BMW,2020,4375000,Comprehensive,15.34
Delhi,Petrol,Hatchback,60896,Manual,2nd Owner,Maruti,2016,294000,Comprehensive,22.05
Delhi,Petrol,Sedan,60000,Manual,1st Owner,Honda,2013,375000,Third Party,16.8
Delhi,Petrol,Sedan,18340,Automatic,2nd Owner,Maruti,2021,801000,Comprehensive,22.61
Delhi,Diesel,SUV,20000,Automatic,1st Owner,Jeep,2022,2900000,Third Party,14.9
Delhi,Diesel,SUV,70000,Automatic,2nd Owner,Hyundai,2017,800000,Third Party,17.01
Delhi,Cng,Hatchback,75000,Manual,1st Owner,Maruti,2015,313000,Comprehensive,33.54
Delhi,Petrol,SUV,40000,Manual,1st Owner,Honda,2017,510000,Third Party,17.5
Delhi,Diesel,SUV,57000,Automatic,2nd Owner,Audi,2014,1125000,Third Party,15.73
Delhi,Petrol,Hatchback,48000,Manual,1st Owner,Maruti,2016,455000,Comprehensive,21.4
Delhi,Petrol,Sedan,120000,Manual,1st Owner,Honda,2011,300000,Third Party,17
Delhi,Petrol,SUV,25000,Automatic,1st Owner,Ford,2017,725000,Comprehensive,14.7
Delhi,Diesel,MUV,29000,Automatic,1st Owner,Toyota,2021,2325000,Third Party,12
Delhi,Diesel,Hatchback,63176,Manual,1st Owner,Ford,2019,515000,Comprehensive,25.83
Delhi,Petrol,Sedan,24000,Automatic,1st Owner,Audi,2021,4000000,Comprehensive,17.42
Delhi,Petrol,Hatchback,22820,Manual,1st Owner,Renault,2020,418000,Comprehensive,21.74
Delhi,Diesel,SUV,5000,Automatic,1st Owner,Land Rover,2022,7600000,Comprehensive,22.8
Delhi,Petrol,Hatchback,30000,Manual,1st Owner,Hyundai,2009,200000,Third Party,20.36
Delhi,Petrol,Sedan,74538,Automatic,1st Owner,Maruti,2017,685000,Comprehensive,21.21
Delhi,Petrol,SUV,40000,Automatic,1st Owner,Mercedes-Benz,2019,3600000,Third Party,11.5
Delhi,Petrol,Hatchback,45399,Manual,1st Owner,Maruti,2018,289000,Comprehensive,22.05
Delhi,Petrol,Sedan,24940,Manual,2nd Owner,Volkswagen,2018,610000,Third Party,19.44
Delhi,Diesel,SUV,22000,Automatic,1st Owner,Hyundai,2019,1400000,Comprehensive,17.01
Delhi,Petrol,Sedan,98681,Manual,1st Owner,Honda,2014,323000,Comprehensive,18
Delhi,Diesel,SUV,6000,Automatic,1st Owner,Mercedes-Benz,2023,9500000,Comprehensive,21.68
Delhi,Petrol,Hatchback,40000,Manual,1st Owner,Maruti,2017,525000,Comprehensive,21.01
Delhi,Diesel,SUV,58000,Manual,1st Owner,Honda,2018,725000,Comprehensive,25.5
Delhi,Diesel,Hatchback,75000,Manual,1st Owner,Hyundai,2015,425000,Comprehensive,22.54
Delhi,Diesel,SUV,76000,Manual,1st Owner,Ford,2014,350000,Comprehensive,22.7
Delhi,Petrol,Hatchback,60000,Automatic,1st Owner,Renault,2017,325000,Comprehensive,24.04
Delhi,Petrol,Sedan,58000,Automatic,1st Owner,Honda,2016,675000,Comprehensive,18
Delhi,Petrol,Sedan,80000,Manual,2nd Owner,Volkswagen,2013,415000,Comprehensive,14.69
Delhi,Diesel,Sedan,20000,Automatic,1st Owner,Volvo,2018,3875000,Third Party,18
Delhi,Petrol,Hatchback,42841,Manual,1st Owner,Maruti,2017,589000,Comprehensive,21.4
Delhi,Diesel,SUV,67000,Manual,1st Owner,Maruti,2017,650000,Comprehensive,24.3
Delhi,Petrol,MUV,26000,Manual,1st Owner,Maruti,2020,1027000,Third Party,19.01
Delhi,Petrol,Hatchback,40000,Manual,1st Owner,Maruti,2017,375000,Third Party,18.9
Delhi,Diesel,SUV,60000,Manual,1st Owner,Mahindra,2019,1300000,Third Party,15.1
Delhi,Petrol,Sedan,37140,Manual,2nd Owner,Hyundai,2015,903000,Comprehensive,17.01
Delhi,Cng,Hatchback,120000,Manual,1st Owner,Maruti,2018,350000,Third Party,31.79
Delhi,Diesel,SUV,74000,Automatic,1st Owner,Toyota,2018,2850000,Third Party,12.9
Delhi,Petrol,Hatchback,16430,Manual,1st Owner,Hyundai,2021,904000,Zero Dep,21
Delhi,Petrol,SUV,10000,Manual,1st Owner,Toyota,2022,950000,Third Party,17.03
Delhi,Petrol,Sedan,63054,Automatic,1st Owner,Honda,2017,949000,Comprehensive,18
Delhi,Petrol,Sedan,12000,Automatic,1st Owner,Skoda,2022,3900000,Comprehensive,15.1
Delhi,Diesel,Sedan,13000,Automatic,1st Owner,Mercedes-Benz,2022,7400000,Comprehensive,16.1
Delhi,Diesel,SUV,32000,Automatic,2nd Owner,Hyundai,2018,1099000,Comprehensive,17.01
Delhi,Petrol,SUV,3500,Manual,1st Owner,Hyundai,2022,1511000,Comprehensive,18.55
Delhi,Petrol,Convertibles,7023,Automatic,1st Owner,Mercedes-Benz,2017,6475000,Third Party,19
Delhi,Diesel,SUV,5000,Automatic,1st Owner,Mercedes-Benz,2022,9200000,Comprehensive,17.89
Delhi,Petrol,Sedan,11000,Automatic,1st Owner,Mercedes-Benz,2021,4000000,Comprehensive,22.58
Delhi,Petrol,Sedan,11000,Automatic,1st Owner,Mercedes-Benz,2020,4250000,Third Party,11.9
Delhi,Petrol,Hatchback,50629,Manual,1st Owner,Maruti,2017,422000,Third Party,22.38
Delhi,Petrol,Hatchback,63534,Automatic,1st Owner,Maruti,2019,678000,Zero Dep,21.4
Delhi,Petrol,Hatchback,52000,Manual,1st Owner,Hyundai,2018,300000,Comprehensive,20.3
Delhi,Cng,Hatchback,33695,Manual,1st Owner,Maruti,2022,496000,Zero Dep,31.59
Delhi,Petrol,Hatchback,68744,Automatic,1st Owner,Honda,2015,463000,Third Party,19
Delhi,Petrol,Sedan,70000,Manual,1st Owner,Honda,2013,455000,Third Party,16.8
Delhi,Petrol,Hatchback,9540,Automatic,1st Owner,Tata,2020,751000,Third Party,23.84
Delhi,Petrol,Sedan,45000,Automatic,1st Owner,Maruti,2017,775000,Comprehensive,19.12
Delhi,Petrol,Hatchback,36861,Manual,1st Owner,Maruti,2019,678000,Zero Dep,21.4
Delhi,Petrol,SUV,68000,Manual,1st Owner,Ford,2017,550000,Comprehensive,15.9
Delhi,Petrol,Sedan,68000,Manual,1st Owner,Maruti,2014,390000,Comprehensive,19.1
Delhi,Petrol,Hatchback,38000,Manual,1st Owner,Maruti,2015,395000,Comprehensive,21.21
Delhi,Petrol,Hatchback,39000,Manual,1st Owner,Renault,2017,295000,Comprehensive,23.01
Delhi,Petrol,Hatchback,40000,Manual,1st Owner,Volkswagen,2017,599000,Comprehensive,16.2
Delhi,Petrol,SUV,18000,Automatic,1st Owner,MG,2020,1749000,Comprehensive,11.67
Delhi,Petrol,Hatchback,60000,Automatic,1st Owner,Maruti,2019,399000,Comprehensive,20.51
Delhi,Diesel,Sedan,40000,Manual,1st Owner,Ford,2018,449000,Comprehensive,25.83
Delhi,Petrol,Hatchback,68000,Manual,1st Owner,Maruti,2018,300000,Comprehensive,23.95
Delhi,Petrol,Hatchback,40000,Manual,2nd Owner,Maruti,2017,449000,Comprehensive,20.89
Delhi,Petrol,Hatchback,37000,Manual,1st Owner,Maruti,2014,295000,Comprehensive,21.79
Delhi,Petrol,Sedan,21912,Automatic,1st Owner,Maruti,2018,649000,Zero Dep,21.21
Delhi,Petrol,Hatchback,74564,Manual,1st Owner,Hyundai,2013,274000,Third Party,20.36
Delhi,Petrol,Hatchback,48000,Manual,1st Owner,Maruti,2019,375000,Comprehensive,24.7
Delhi,Petrol,Sedan,96758,Automatic,1st Owner,Honda,2017,801000,Comprehensive,18
Delhi,Diesel,Sedan,60341,Manual,1st Owner,Honda,2018,591000,Zero Dep,25.8
Delhi,Petrol,Hatchback,36973,Manual,1st Owner,Maruti,2017,434000,Third Party,20.4
Delhi,Diesel,Sedan,39000,Manual,1st Owner,Maruti,2017,699000,Comprehensive,28.09
Delhi,Petrol,Hatchback,52514,Manual,1st Owner,Maruti,2013,271000,Third Party,18.9
Delhi,Petrol,Hatchback,13001,Manual,1st Owner,Maruti,2022,555000,Comprehensive,21.5
Delhi,Diesel,SUV,72000,Manual,1st Owner,Hyundai,2018,825000,Comprehensive,22.1
Delhi,Petrol,SUV,62000,Manual,1st Owner,Ford,2017,599000,Comprehensive,15.9
Delhi,Petrol,Sedan,34000,Manual,1st Owner,Toyota,2017,481000,Comprehensive,16.78
Delhi,Petrol,Sedan,67000,Manual,1st Owner,Honda,2015,385000,Comprehensive,18
Delhi,Petrol,Hatchback,45000,Manual,1st Owner,Volkswagen,2019,699000,Comprehensive,18.78
Delhi,Petrol,Sedan,64000,Manual,1st Owner,Maruti,2013,331000,Comprehensive,20.85
Delhi,Petrol,Hatchback,58000,Manual,2nd Owner,Chevrolet,2013,178000,Comprehensive,18.6
Delhi,Petrol,SUV,48000,Automatic,2nd Owner,Hyundai,2017,925000,Comprehensive,14.8
Delhi,Petrol,Hatchback,70000,Manual,1st Owner,Maruti,2013,290000,Comprehensive,18.5
Delhi,Petrol,Sedan,59863,Automatic,2nd Owner,Maruti,2017,570000,Comprehensive,19.12
Delhi,Cng,Hatchback,18468,Manual,1st Owner,Maruti,2022,492000,Zero Dep,31.59
Delhi,Petrol,Hatchback,42173,Manual,2nd Owner,Ford,2018,530000,Third Party,19
Delhi,Petrol,SUV,68631,Automatic,2nd Owner,Ford,2015,465000,Comprehensive,14.7
Delhi,Petrol,Hatchback,18833,Manual,1st Owner,Maruti,2021,351000,Zero Dep,22.05
Delhi,Petrol,Hatchback,55418,Manual,1st Owner,Maruti,2021,515000,Third Party,20.89
Delhi,Petrol,Hatchback,20000,Manual,1st Owner,Maruti,2013,225000,Third Party,20.51
Delhi,Petrol,MUV,53400,Manual,1st Owner,Renault,2020,620000,Zero Dep,20
Delhi,Petrol,Hatchback,25000,Manual,1st Owner,Renault,2018,349000,Comprehensive,23.01
Delhi,Petrol,SUV,87576,Automatic,1st Owner,Jeep,2019,1385000,Comprehensive,14.1
Delhi,Petrol,Hatchback,58000,Manual,1st Owner,Honda,2014,290000,Comprehensive,19.4
Delhi,Petrol,MUV,75000,Manual,1st Owner,Datsun,2015,285000,Comprehensive,19.44
Delhi,Petrol,Sedan,69000,Automatic,1st Owner,Volkswagen,2013,330000,Comprehensive,14.8
Delhi,Diesel,SUV,20000,Manual,1st Owner,Mahindra,2015,549000,Comprehensive,16.55
Delhi,Petrol,Hatchback,45000,Manual,1st Owner,Maruti,2020,365000,Comprehensive,22.05
Delhi,Cng,Sedan,20000,Manual,1st Owner,Maruti,2021,650000,Third Party,26.55
Delhi,Diesel,SUV,70000,Manual,1st Owner,Maruti,2015,449000,Comprehensive,23.65
Delhi,Petrol,Hatchback,72000,Automatic,1st Owner,Honda,2017,599000,Comprehensive,19
Delhi,Diesel,SUV,7800,Automatic,0th Owner,MG,2023,4645000,Comprehensive,12.04
Delhi,Petrol,Hatchback,25000,Manual,1st Owner,Tata,2020,499000,Comprehensive,20.09
Delhi,Petrol,SUV,19000,Automatic,1st Owner,Lexus,2020,8800000,Comprehensive,18.8
Delhi,Petrol,Sedan,11332,Automatic,1st Owner,Skoda,2022,1358000,Zero Dep,18.07
Delhi,Petrol,Hatchback,25456,Manual,1st Owner,Maruti,2016,560000,Comprehensive,21.4
Delhi,Petrol,Hatchback,65000,Manual,2nd Owner,Maruti,2013,275000,Comprehensive,21.79
Delhi,Petrol,Hatchback,93616,Automatic,1st Owner,Honda,2017,586000,Zero Dep,19
Delhi,Petrol,Hatchback,74134,Automatic,1st Owner,Maruti,2017,463000,Comprehensive,26
Delhi,Petrol,SUV,70000,Automatic,1st Owner,Renault,2018,699000,Comprehensive,14.99
Delhi,Diesel,Hatchback,62411,Manual,2nd Owner,Maruti,2018,593000,Zero Dep,27.39
Delhi,Petrol,Sedan,56000,Automatic,2nd Owner,Mercedes-Benz,2012,1050000,Third Party,12.3
Delhi,Diesel,SUV,63661,Manual,2nd Owner,Mahindra,2018,567000,Third Party,25.32
Delhi,Petrol,SUV,24000,Automatic,1st Owner,MG,2021,1750000,Comprehensive,25.9
Delhi,Petrol,SUV,14000,Manual,1st Owner,Volkswagen,2022,1650000,Comprehensive,17.88
Delhi,Diesel,SUV,70000,Manual,1st Owner,Mahindra,2017,930000,Third Party,16
Delhi,Petrol,SUV,50000,Manual,1st Owner,Honda,2018,749000,Comprehensive,17.5
Delhi,Petrol,Sedan,74000,Manual,1st Owner,Volkswagen,2011,249000,Comprehensive,15.04
Delhi,Diesel,SUV,70000,Manual,1st Owner,Tata,2018,899000,Comprehensive,17.6
Delhi,Petrol,Hatchback,65000,Manual,1st Owner,Hyundai,2013,225000,Third Party,19.81
Delhi,Diesel,Hatchback,40000,Manual,1st Owner,Maruti,2015,399000,Comprehensive,27.39
Delhi,Petrol,Hatchback,60000,Manual,3rd Owner,Chevrolet,2010,80000,Third Party,18
Delhi,Petrol,Sedan,81000,Automatic,3rd Owner,Honda,2010,225000,Comprehensive,16.8
Delhi,Petrol,Hatchback,80000,Manual,1st Owner,Maruti,2012,137000,Third Party,19.7
Delhi,Diesel,Sedan,107539,Manual,1st Owner,Maruti,2014,389000,Comprehensive,23.4
Delhi,Petrol,Hatchback,52059,Manual,1st Owner,Maruti,2016,548000,Comprehensive,21.4
Delhi,Petrol,SUV,70000,Manual,1st Owner,MG,2021,1695000,Third Party,15.81
Delhi,Petrol,Hatchback,5732,Manual,1st Owner,Hyundai,2021,874000,Zero Dep,21
Delhi,Petrol,Sedan,53034,Manual,1st Owner,Honda,2018,596000,Comprehensive,19.5
Delhi,Petrol,Sedan,80000,Manual,3rd Owner,Honda,2009,179000,Third Party,17
Delhi,Petrol,Hatchback,66462,Manual,2nd Owner,Maruti,2017,501000,Zero Dep,21.4
Delhi,Diesel,SUV,70000,Manual,1st Owner,Mahindra,2013,575000,Third Party,15.1
Delhi,Petrol,Hatchback,52444,Manual,1st Owner,Maruti,2017,495000,Third Party,21.4
Delhi,Diesel,SUV,60000,Manual,1st Owner,Tata,2014,500000,Third Party,14
Delhi,Petrol,SUV,40000,Automatic,2nd Owner,MG,2019,1500000,Third Party,13.96
Delhi,Petrol,Hatchback,10000,Manual,1st Owner,Hyundai,2022,725000,Third Party,20.7
Delhi,Petrol,SUV,10000,Manual,1st Owner,Toyota,2022,1030000,Third Party,17.03
Delhi,Diesel,Sedan,70000,Manual,1st Owner,Maruti,2017,650000,Third Party,28.09
Delhi,Petrol,Hatchback,14000,Automatic,1st Owner,Hyundai,2014,450000,Comprehensive,18.9
Delhi,Diesel,SUV,39500,Manual,1st Owner,Ford,2019,689000,Third Party,21.7
Delhi,Petrol,Sedan,64213,Manual,1st Owner,Skoda,2018,1250000,Comprehensive,16.7
Delhi,Petrol,Hatchback,20000,Manual,2nd Owner,Maruti,2021,310000,Third Party,22.05
Delhi,Petrol,SUV,60000,Manual,1st Owner,Kia,2019,1200000,Comprehensive,16.5
Delhi,Diesel,Pickup Trucks,120000,Manual,1st Owner,Isuzu,2018,1280000,Third Party,12.4
Delhi,Petrol,Hatchback,48768,Manual,2nd Owner,Hyundai,2017,452000,Zero Dep,18.9
Delhi,Petrol,Hatchback,91970,Manual,2nd Owner,Maruti,2020,404000,Comprehensive,25.24
Delhi,Petrol,SUV,7100,Automatic,1st Owner,Kia,2023,2025000,Comprehensive,17.9
Delhi,Petrol,Hatchback,34936,Manual,1st Owner,Maruti,2016,473000,Zero Dep,21.4
Delhi,Petrol,Hatchback,64071,Manual,3rd Owner,Honda,2011,252000,Third Party,16.7
Delhi,Petrol,SUV,10000,Manual,1st Owner,Honda,2022,950000,Comprehensive,16.5
Delhi,Petrol,Hatchback,60443,Automatic,1st Owner,Maruti,2018,633000,Zero Dep,21.4
Delhi,Petrol,Sedan,56000,Automatic,1st Owner,Honda,2017,875000,Comprehensive,18
Delhi,Petrol,Hatchback,10056,Manual,2nd Owner,Maruti,2015,413000,Comprehensive,22.38
Delhi,Petrol,Sedan,13000,Manual,1st Owner,Honda,2020,1100000,Comprehensive,17.4
Delhi,Diesel,SUV,80000,Manual,1st Owner,Hyundai,2020,1250000,Comprehensive,14.93
Delhi,Diesel,SUV,53000,Automatic,1st Owner,Land Rover,2019,4150000,Third Party,15.68
Delhi,Petrol,SUV,110000,Manual,2nd Owner,Maruti,2012,650000,Third Party,10.4
Delhi,Petrol,Hatchback,60000,Manual,1st Owner,Maruti,2012,300000,Third Party,18.9
Delhi,Petrol,Sedan,22000,Automatic,1st Owner,Mercedes-Benz,2022,5700000,Comprehensive,16.9
Delhi,Petrol,Hatchback,30000,Manual,1st Owner,Maruti,2022,713000,Third Party,22.38
Delhi,Petrol,SUV,90000,Automatic,2nd Owner,Ford,2015,515000,Third Party,15.63
Delhi,Petrol,Hatchback,50000,Manual,1st Owner,Maruti,2020,600000,Third Party,21.01
Delhi,Diesel,SUV,22000,Automatic,1st Owner,Tata,2022,2090000,Comprehensive,14.6
Delhi,Petrol,Sedan,48000,Automatic,1st Owner,Maruti,2016,690000,Third Party,19.12
Delhi,Petrol,Hatchback,35467,Manual,1st Owner,Maruti,2016,513000,Comprehensive,21.4
Delhi,Petrol,Sedan,54481,Automatic,1st Owner,Hyundai,2017,850000,Comprehensive,17
Delhi,Petrol,SUV,24000,Manual,1st Owner,Maruti,2022,835000,Comprehensive,20.15
Delhi,Petrol,Hatchback,76181,Manual,1st Owner,Hyundai,2017,439000,Comprehensive,18.9
Delhi,Petrol,Hatchback,23842,Manual,1st Owner,Maruti,2020,720000,Comprehensive,21.01
Delhi,Petrol,SUV,20000,Manual,2nd Owner,Maruti,2022,942000,Third Party,17.03
Delhi,Petrol,Sedan,94407,Automatic,1st Owner,Honda,2014,538000,Comprehensive,18
Delhi,Petrol,Sedan,80000,Manual,1st Owner,Hyundai,2009,100000,Third Party,16.36
Delhi,Petrol,Hatchback,124245,Manual,1st Owner,Maruti,2016,491000,Third Party,21.4
Delhi,Petrol,Sedan,5100,Automatic,1st Owner,Honda,2022,925000,Comprehensive,18.3
Delhi,Petrol,SUV,30000,Manual,1st Owner,Toyota,2022,1060000,Third Party,17.03
Delhi,Diesel,SUV,120000,Manual,2nd Owner,Toyota,2012,900000,Third Party,13
Delhi,Diesel,SUV,50000,Manual,1st Owner,Maruti,2018,670000,Comprehensive,24.3
Delhi,Petrol,SUV,89698,Manual,1st Owner,Ford,2017,500000,Comprehensive,18.88
Delhi,Diesel,Sedan,18000,Automatic,2nd Owner,Audi,2014,1250000,Third Party,16.55
Delhi,Petrol,Hatchback,100000,Manual,3rd Owner,Maruti,2009,110000,Third Party,16.1
Delhi,Petrol,Hatchback,60000,Manual,2nd Owner,Hyundai,2010,150000,Third Party,17.92
Delhi,Diesel,SUV,30000,Automatic,2nd Owner,Ford,2019,3200000,Third Party,10.91
Delhi,Lpg,Hatchback,30000,Manual,1st Owner,Hyundai,2014,240000,Third Party,19
Delhi,Petrol,Sedan,100000,Manual,3rd Owner,Honda,2014,460000,Third Party,17.4
Delhi,Petrol,Hatchback,58193,Manual,1st Owner,Hyundai,2016,411000,Comprehensive,18.9
Delhi,Petrol,Hatchback,68621,Manual,2nd Owner,Maruti,2017,481000,Comprehensive,21.4
Delhi,Petrol,SUV,50000,Manual,1st Owner,Honda,2017,670000,Third Party,17.5
Delhi,Petrol,Hatchback,23399,Manual,1st Owner,Maruti,2020,724000,Comprehensive,21.01
Delhi,Petrol,Hatchback,60915,Manual,1st Owner,Hyundai,2017,546000,Third Party,17.19
Delhi,Cng,MUV,44000,Manual,1st Owner,Maruti,2018,799000,Comprehensive,17.5
Delhi,Petrol,Hatchback,101297,Manual,1st Owner,Volkswagen,2013,278000,Comprehensive,16.47
Delhi,Petrol,Sedan,10000,Automatic,1st Owner,Honda,2023,1575000,Third Party,18.4
Delhi,Petrol,Hatchback,73883,Manual,1st Owner,Honda,2013,261000,Third Party,19.4
Delhi,Diesel,SUV,75000,Manual,1st Owner,Tata,2014,415000,Third Party,14
Delhi,Diesel,Hatchback,69000,Manual,1st Owner,Mahindra,2018,399000,Comprehensive,25.32
Delhi,Petrol,Hatchback,58632,Automatic,1st Owner,Hyundai,2011,220000,Comprehensive,16.95
Delhi,Petrol,Sedan,41352,Automatic,1st Owner,Honda,2011,330000,Comprehensive,13.9
Delhi,Petrol,Sedan,37000,Manual,1st Owner,Maruti,2015,435000,Comprehensive,19.1
Delhi,Petrol,SUV,20100,Automatic,1st Owner,MG,2021,1750000,Third Party,18.51
Delhi,Diesel,SUV,50000,Automatic,1st Owner,Mahindra,2019,1475000,Third Party,15.1
Delhi,Petrol,Hatchback,90000,Manual,1st Owner,Maruti,2018,450000,Third Party,20.89
Delhi,Petrol,Sedan,7800,Automatic,1st Owner,Mercedes-Benz,2020,4400000,Comprehensive,11.9
Delhi,Diesel,Sedan,120000,Manual,1st Owner,Maruti,2016,380000,Third Party,26.59
Delhi,Cng,Hatchback,120000,Manual,1st Owner,Hyundai,2010,95000,Third Party,17
Delhi,Petrol,Hatchback,59014,Manual,1st Owner,Maruti,2020,675000,Zero Dep,21.01
Delhi,Petrol,Hatchback,43148,Automatic,1st Owner,Honda,2017,527000,Zero Dep,16.5
Delhi,Diesel,SUV,79000,Automatic,1st Owner,Ford,2019,2990000,Comprehensive,12.62
Delhi,Petrol,Sedan,89352,Manual,1st Owner,Maruti,2015,380000,Comprehensive,22.41
Delhi,Petrol,Sedan,38511,Manual,1st Owner,Tata,2021,689000,Third Party,19.28
Delhi,Diesel,SUV,54000,Automatic,1st Owner,Mercedes-Benz,2015,2400000,Comprehensive,15.26
Delhi,Petrol,Hatchback,66584,Manual,1st Owner,Maruti,2016,474000,Zero Dep,21.4
Delhi,Diesel,SUV,48000,Automatic,1st Owner,Ford,2017,2550000,Third Party,10.91
Delhi,Petrol,Hatchback,19418,Manual,1st Owner,Maruti,2020,577000,Third Party,20.89
Delhi,Petrol,Sedan,72000,Automatic,1st Owner,Mercedes-Benz,2016,2550000,Comprehensive,14.74
Delhi,Petrol,Sedan,23000,Automatic,1st Owner,Toyota,2018,895000,Comprehensive,17.8
Delhi,Petrol,Sedan,50000,Manual,1st Owner,Nissan,2012,250000,Third Party,16.95
Delhi,Diesel,SUV,20000,Manual,1st Owner,Kia,2022,1025000,Third Party,20.93
Delhi,Petrol,Sedan,30000,Manual,1st Owner,Honda,2021,900000,Third Party,17.4
Delhi,Petrol,SUV,42000,Manual,1st Owner,Hyundai,2020,650000,Comprehensive,17.52
Delhi,Petrol,Sedan,600,Automatic,1st Owner,Maruti,2023,1175000,Comprehensive,20.04
Delhi,Petrol,Sedan,30000,Manual,3rd Owner,Chevrolet,2010,186000,Third Party,12.9
Delhi,Petrol,Sedan,70000,Manual,1st Owner,Nissan,2012,250000,Third Party,16.95
Delhi,Diesel,Hatchback,136288,Manual,1st Owner,Hyundai,2015,425000,Third Party,22.54
Delhi,Petrol,Hatchback,48000,Manual,1st Owner,Hyundai,2015,425000,Third Party,18.9
Delhi,Petrol,Hatchback,49707,Manual,1st Owner,Hyundai,2019,523000,Third Party,18.9
Delhi,Petrol,Hatchback,59443,Manual,1st Owner,Honda,2012,240000,Comprehensive,19.4
Delhi,Cng,Sedan,30000,Manual,1st Owner,Maruti,2022,754000,Third Party,31.12
Delhi,Petrol,SUV,52000,Automatic,1st Owner,Jeep,2017,1285000,Comprehensive,16
Delhi,Diesel,SUV,40398,Automatic,1st Owner,Mahindra,2019,1317000,Zero Dep,15.1
Delhi,Petrol,SUV,50000,Manual,1st Owner,Jeep,2019,1465000,Third Party,16
Delhi,Petrol,Hatchback,84181,Manual,2nd Owner,Hyundai,2017,491000,Comprehensive,18.6
Delhi,Petrol,Hatchback,10000,Manual,1st Owner,Mahindra,2018,550000,Third Party,18.15
Delhi,Diesel,Hatchback,66434,Manual,1st Owner,Maruti,2018,618000,Third Party,28.4
Delhi,Petrol,SUV,40000,Automatic,1st Owner,Ford,2018,775000,Third Party,14.8
Delhi,Petrol,Hatchback,100000,Manual,1st Owner,Maruti,2007,80000,Third Party,18.9
Delhi,Petrol,SUV,40000,Automatic,1st Owner,Ford,2018,775000,Third Party,14.8
Delhi,Diesel,SUV,100000,Manual,1st Owner,Tata,2013,400000,Third Party,14
Delhi,Diesel,SUV,51800,Automatic,1st Owner,Toyota,2018,3350000,Comprehensive,15.04
Delhi,Petrol,Sedan,100000,Manual,5th Owner,Honda,2010,200000,Third Party,14.8
Delhi,Petrol,Sedan,100000,Manual,5th Owner,Honda,2010,200000,Third Party,14.8
Delhi,Petrol,Hatchback,70000,Manual,2nd Owner,Hyundai,2019,510000,Third Party,18.6
Delhi,Diesel,SUV,87000,Automatic,1st Owner,Audi,2013,870000,Third Party,15.73
Delhi,Petrol,MUV,7000,Manual,1st Owner,Maruti,2021,1100000,Third Party,19.01
Delhi,Diesel,Hatchback,60000,Automatic,2nd Owner,Maruti,2017,445000,Third Party,26.8
Delhi,Petrol,SUV,88710,Automatic,1st Owner,Ford,2015,547000,Zero Dep,16.5
Delhi,Petrol,Hatchback,47644,Manual,1st Owner,Maruti,2019,626000,Comprehensive,21.4
Delhi,Diesel,SUV,40000,Manual,1st Owner,Mahindra,2017,1200000,Third Party,16
Delhi,Petrol,Hatchback,100505,Manual,1st Owner,Maruti,2016,445000,Comprehensive,21.4
Delhi,Petrol,Hatchback,106648,Manual,1st Owner,Hyundai,2015,458000,Third Party,18.6
Delhi,Cng,Hatchback,60000,Manual,2nd Owner,Hyundai,2014,205000,Third Party,11.88
Delhi,Cng,Hatchback,53481,Manual,1st Owner,Maruti,2019,507000,Comprehensive,33.54
Delhi,Petrol,Hatchback,40000,Manual,2nd Owner,Maruti,2012,240000,Third Party,18.9
Delhi,Petrol,Hatchback,25050,Manual,1st Owner,Maruti,2019,713000,Zero Dep,21.4
Delhi,Diesel,SUV,77000,Manual,1st Owner,Mahindra,2016,890000,Third Party,16
Delhi,Petrol,Hatchback,120000,Manual,4th Owner,Maruti,2006,135000,Third Party,16.1
Delhi,Petrol,Sedan,58000,Manual,1st Owner,Honda,2014,390000,Comprehensive,18
Delhi,Petrol,Sedan,96000,Manual,1st Owner,Honda,2014,575000,Comprehensive,17.8
Delhi,Cng,Hatchback,51000,Manual,1st Owner,Maruti,2019,400000,Comprehensive,31.79
Delhi,Diesel,Hatchback,70000,Manual,1st Owner,Honda,2015,350000,Third Party,27.3
Delhi,Diesel,SUV,27000,Automatic,1st Owner,Hyundai,2022,2050000,Comprehensive,18.1
Delhi,Petrol,SUV,32456,Manual,1st Owner,Tata,2020,825000,Comprehensive,17.33
Delhi,Diesel,SUV,15000,Automatic,1st Owner,Mahindra,2021,1650000,Comprehensive,21.84
Delhi,Petrol,Sedan,34940,Manual,1st Owner,Hyundai,2021,950000,Comprehensive,17.7
Delhi,Diesel,Sedan,70000,Manual,3rd Owner,Hyundai,2016,500000,Third Party,23.9
Delhi,Petrol,Hatchback,73679,Manual,1st Owner,Maruti,2019,608000,Comprehensive,21.4
Delhi,Petrol,Hatchback,32722,Manual,2nd Owner,Hyundai,2017,423000,Comprehensive,18.9
Delhi,Petrol,Hatchback,70000,Automatic,2nd Owner,Volkswagen,2018,800000,Third Party,17.21
Delhi,Petrol,Sedan,59059,Manual,1st Owner,Hyundai,2019,922000,Zero Dep,17
Delhi,Petrol,Hatchback,34332,Manual,2nd Owner,Hyundai,2017,433000,Third Party,18.9
Delhi,Diesel,SUV,72194,Manual,1st Owner,Ford,2018,525000,Third Party,21.7
Delhi,Petrol,Hatchback,56740,Manual,1st Owner,Maruti,2017,526000,Zero Dep,21.4
Delhi,Diesel,SUV,72490,Manual,1st Owner,Mahindra,2019,655000,Third Party,18.49
Delhi,Petrol,Hatchback,35828,Manual,1st Owner,Hyundai,2018,459000,Third Party,18.9
Delhi,Diesel,SUV,57088,Automatic,1st Owner,Audi,2015,1450000,Third Party,15.73
Delhi,Petrol,Sedan,70382,Automatic,1st Owner,Toyota,2020,865000,Third Party,17.8
Delhi,Petrol,Hatchback,20000,Manual,1st Owner,Maruti,2022,550000,Third Party,20.89
Delhi,Diesel,Sedan,17000,Automatic,1st Owner,Hyundai,2018,1125000,Third Party,22
Delhi,Petrol,SUV,30000,Automatic,1st Owner,MG,2020,1500000,Third Party,13.96
Delhi,Petrol,Hatchback,70000,Manual,1st Owner,Honda,2012,261000,Third Party,16.7
Delhi,Petrol,MUV,65202,Automatic,1st Owner,Maruti,2019,950000,Third Party,18.69
Delhi,Petrol,MUV,72000,Manual,1st Owner,Maruti,2013,485000,Third Party,16.02
Delhi,Cng,Hatchback,45313,Manual,1st Owner,Maruti,2021,510000,Third Party,32.52
Delhi,Diesel,Sedan,40000,Automatic,1st Owner,Mercedes-Benz,2015,2500000,Third Party,19.27
Delhi,Diesel,SUV,120000,Manual,1st Owner,Mahindra,2014,664000,Third Party,15.1
Delhi,Petrol,Hatchback,54235,Manual,2nd Owner,Maruti,2014,284000,Third Party,18.5
Delhi,Petrol,Hatchback,52777,Automatic,1st Owner,Maruti,2018,520000,Zero Dep,20.89
Delhi,Petrol,Hatchback,26000,Manual,1st Owner,Hyundai,2018,590000,Comprehensive,18.6
Delhi,Petrol,Sedan,77937,Manual,1st Owner,Skoda,2018,655000,Third Party,15.41
Delhi,Petrol,Sedan,40663,Manual,1st Owner,Tata,2021,699000,Zero Dep,19.28
Delhi,Petrol,Hatchback,40000,Manual,1st Owner,Hyundai,2015,395000,Comprehensive,18.9
Delhi,Petrol,Sedan,115500,Manual,1st Owner,Toyota,2011,217000,Comprehensive,17.6
Delhi,Petrol,Sedan,67000,Automatic,1st Owner,Skoda,2015,940000,Comprehensive,13.7
Delhi,Petrol,SUV,16312,Manual,1st Owner,Hyundai,2016,887000,Third Party,13
Delhi,Petrol,Sedan,60000,Manual,2nd Owner,Maruti,2016,480000,Third Party,20.85
Delhi,Petrol,MUV,90000,Manual,1st Owner,Honda,2014,425000,Third Party,17.3
Delhi,Cng,Hatchback,67000,Manual,1st Owner,Hyundai,2018,495000,Comprehensive,18.9
Delhi,Petrol,Sedan,80000,Manual,2nd Owner,Maruti,2015,550000,Third Party,20.73
Delhi,Petrol,Hatchback,60000,Manual,1st Owner,Hyundai,2011,137000,Third Party,19.81
Delhi,Petrol,Sedan,34253,Automatic,1st Owner,Honda,2015,565000,Comprehensive,18
Delhi,Petrol,SUV,27000,Automatic,1st Owner,Kia,2019,1290000,Comprehensive,16.8
Delhi,Petrol,Hatchback,64000,Automatic,2nd Owner,Maruti,2017,355000,Comprehensive,23.1
Delhi,Petrol,Sedan,67827,Manual,1st Owner,Hyundai,2015,386000,Third Party,19.1
Delhi,Petrol,Hatchback,79094,Manual,1st Owner,Maruti,2018,514000,Zero Dep,21.4
Delhi,Petrol,Sedan,64589,Manual,2nd Owner,Hyundai,2012,325000,Third Party,17.01
Delhi,Petrol,Hatchback,88309,Manual,1st Owner,Hyundai,2015,508000,Comprehensive,17.19
Delhi,Petrol,Hatchback,66688,Manual,2nd Owner,Maruti,2018,567000,Comprehensive,22.38
Delhi,Petrol,Hatchback,20000,Manual,1st Owner,Maruti,2022,670000,Third Party,21.01
Delhi,Petrol,Sedan,60653,Automatic,1st Owner,Maruti,2018,760000,Third Party,20.28
Delhi,Diesel,MUV,70000,Automatic,1st Owner,Kia,2022,3350000,Third Party,14.11
Delhi,Petrol,Hatchback,86527,Manual,1st Owner,Hyundai,2017,398000,Zero Dep,18.9
Delhi,Petrol,Sedan,67000,Manual,1st Owner,Honda,2017,485000,Comprehensive,19.5
Delhi,Petrol,Hatchback,70000,Manual,3rd Owner,Honda,2009,135000,Third Party,16
Delhi,Petrol,SUV,70000,Automatic,3rd Owner,Ford,2013,300000,Third Party,16.5
Delhi,Petrol,Sedan,70311,Manual,1st Owner,Honda,2018,525000,Third Party,18.6
Delhi,Petrol,Hatchback,54000,Manual,1st Owner,Tata,2016,375000,Comprehensive,23.84
Delhi,Petrol,Sedan,80000,Manual,3rd Owner,Honda,2009,130000,Third Party,17
Delhi,Diesel,SUV,52000,Manual,1st Owner,Honda,2017,595000,Third Party,25.5
Delhi,Petrol,Hatchback,20000,Manual,1st Owner,Maruti,2010,200000,Third Party,18.9
Delhi,Diesel,Hatchback,80000,Manual,1st Owner,Hyundai,2019,531000,Third Party,22.54
Delhi,Petrol,Hatchback,110000,Manual,3rd Owner,Maruti,2009,150000,Third Party,18.9
Delhi,Diesel,SUV,15000,Automatic,1st Owner,Mahindra,2021,1625000,Comprehensive,21.84
Delhi,Cng,Hatchback,69821,Manual,1st Owner,Maruti,2019,503000,Zero Dep,33.54
Delhi,Petrol,Hatchback,12754,Manual,1st Owner,Tata,2021,862000,Zero Dep,18.05
Delhi,Petrol,Sedan,69000,Manual,1st Owner,Toyota,2017,880000,Third Party,14.28
Delhi,Petrol,Hatchback,98390,Manual,1st Owner,Maruti,2014,272000,Third Party,20.51
Delhi,Petrol,Sedan,84195,Automatic,1st Owner,Maruti,2016,627000,Third Party,19.12
Delhi,Petrol,Sedan,17000,Automatic,1st Owner,Mercedes-Benz,2018,2850000,Third Party,15.04
Delhi,Petrol,Hatchback,77184,Manual,1st Owner,Maruti,2017,428000,Comprehensive,20.89
Delhi,Petrol,Sedan,40000,Manual,1st Owner,Tata,2012,175000,Third Party,13.7
Delhi,Petrol,Hatchback,82848,Manual,1st Owner,Hyundai,2017,414000,Comprehensive,18.9
Delhi,Petrol,Hatchback,30000,Automatic,1st Owner,Tata,2019,510000,Third Party,23.84
Delhi,Petrol,Hatchback,50000,Manual,1st Owner,Honda,2016,550000,Third Party,18.7
Delhi,Diesel,MUV,40000,Automatic,1st Owner,Toyota,2022,2341000,Third Party,12
Delhi,Petrol,Hatchback,70000,Manual,1st Owner,Maruti,2013,170000,Third Party,20.92
Delhi,Petrol,Hatchback,47688,Manual,1st Owner,Maruti,2017,450000,Comprehensive,21.01
Delhi,Petrol,Sedan,100000,Manual,3rd Owner,Toyota,2009,110000,Third Party,14.53
Delhi,Diesel,Hatchback,90000,Manual,2nd Owner,Nissan,2014,200000,Third Party,23.08
Delhi,Petrol,Hatchback,40000,Manual,1st Owner,Maruti,2006,33000,Third Party,18.9
Delhi,Petrol,Hatchback,40000,Manual,2nd Owner,Mahindra,2018,350000,Third Party,18.15
Delhi,Diesel,SUV,50000,Manual,1st Owner,Renault,2016,410000,Third Party,19.87
Delhi,Petrol,Sedan,30000,Manual,2nd Owner,Toyota,2012,500000,Third Party,14.53
Delhi,Petrol,Hatchback,106711,Automatic,2nd Owner,Maruti,2018,543000,Zero Dep,21.4
Delhi,Petrol,Hatchback,83741,Manual,1st Owner,Hyundai,2017,514000,Zero Dep,18.6
Delhi,Diesel,SUV,50000,Automatic,1st Owner,Audi,2014,1150000,Third Party,14.16
Delhi,Diesel,Sedan,105792,Manual,1st Owner,Volkswagen,2018,747000,Comprehensive,22.27
Delhi,Petrol,Hatchback,88750,Manual,1st Owner,Maruti,2019,593000,Zero Dep,21.4
Delhi,Diesel,SUV,70000,Manual,1st Owner,Mahindra,2014,900000,Third Party,15.1
Delhi,Petrol,Hatchback,89972,Manual,1st Owner,Hyundai,2018,539000,Comprehensive,17.19
Delhi,Petrol,Sedan,50000,Manual,1st Owner,Volkswagen,2014,335000,Third Party,15.04
Delhi,Petrol,Hatchback,36785,Manual,2nd Owner,Honda,2019,594000,Comprehensive,18.2
Delhi,Petrol,Sedan,48000,Manual,1st Owner,Hyundai,2019,910000,Third Party,19.1
Delhi,Petrol,SUV,20000,Manual,1st Owner,Mahindra,2021,1925000,Comprehensive,19.99
Delhi,Petrol,Sedan,7000,Automatic,1st Owner,Mercedes-Benz,2023,6000000,Comprehensive,16.9
Delhi,Petrol,MUV,50000,Automatic,1st Owner,Renault,2021,760000,Third Party,18.2
Delhi,Diesel,SUV,40000,Manual,1st Owner,Maruti,2016,490000,Third Party,24.3
Delhi,Petrol,Hatchback,59000,Manual,1st Owner,Hyundai,2017,521000,Comprehensive,18.6
Delhi,Petrol,SUV,70000,Automatic,1st Owner,Jeep,2019,1400000,Third Party,16
Delhi,Diesel,SUV,110000,Manual,1st Owner,Kia,2019,900000,Third Party,20.8
Delhi,Diesel,SUV,100000,Manual,1st Owner,Mahindra,2015,950000,Third Party,15.4
Delhi,Diesel,SUV,30000,Automatic,2nd Owner,Mercedes-Benz,2017,5500000,Comprehensive,11
Delhi,Petrol,Sedan,48000,Manual,1st Owner,Skoda,2020,765000,Third Party,18.97
Delhi,Petrol,Sedan,22424,Manual,1st Owner,Hyundai,2017,555000,Zero Dep,20.14
Delhi,Petrol,Sedan,58147,Manual,1st Owner,Hyundai,2017,477000,Third Party,20.14
Delhi,Petrol,Hatchback,67000,Manual,1st Owner,Hyundai,2015,341000,Third Party,18.9
Delhi,Petrol,Hatchback,112479,Automatic,1st Owner,Maruti,2019,476000,Zero Dep,23.1
Delhi,Petrol,Sedan,25494,Automatic,1st Owner,Maruti,2018,611000,Zero Dep,21.21
Delhi,Diesel,SUV,78000,Automatic,2nd Owner,Hyundai,2016,790000,Comprehensive,17.01
Delhi,Petrol,Hatchback,51276,Manual,2nd Owner,Hyundai,2016,513000,Third Party,18.6
Delhi,Diesel,SUV,85000,Manual,1st Owner,Hyundai,2017,825000,Comprehensive,19.67
Delhi,Petrol,Hatchback,75402,Manual,2nd Owner,Honda,2018,584000,Third Party,18.7
Delhi,Petrol,Sedan,109000,Manual,1st Owner,Toyota,2014,665000,Third Party,14.28
Delhi,Petrol,Sedan,14500,Automatic,1st Owner,BMW,2021,6350000,Comprehensive,15.01
Delhi,Diesel,SUV,76000,Automatic,2nd Owner,Audi,2017,4600000,Comprehensive,14.75
Delhi,Petrol,Sedan,34000,Manual,1st Owner,Honda,2017,475000,Third Party,17.8
Delhi,Petrol,Sedan,80000,Manual,2nd Owner,Hyundai,2015,330000,Third Party,19.1
Delhi,Diesel,Sedan,60000,Automatic,1st Owner,Honda,2018,635000,Third Party,23.8
Delhi,Diesel,SUV,60000,Manual,1st Owner,Nissan,2014,399000,Third Party,19.01
Delhi,Petrol,Sedan,59000,Manual,2nd Owner,Maruti,2014,420000,Third Party,19.1
Delhi,Diesel,SUV,99000,Manual,1st Owner,Ford,2016,460000,Comprehensive,21.7
Delhi,Petrol,SUV,17000,Automatic,1st Owner,Jeep,2021,2375000,Third Party,14.1
Delhi,Petrol,Sedan,79982,Manual,1st Owner,Maruti,2018,720000,Third Party,21.56
Delhi,Petrol,Sedan,67047,Automatic,1st Owner,Honda,2017,846000,Zero Dep,18
Delhi,Diesel,Sedan,50000,Manual,1st Owner,Volkswagen,2012,500000,Third Party,19.33
Delhi,Petrol,Hatchback,85782,Manual,1st Owner,Maruti,2017,471000,Zero Dep,21.4
Delhi,Petrol,Hatchback,99547,Manual,1st Owner,Maruti,2016,446000,Zero Dep,21.4
Delhi,Petrol,Hatchback,30000,Automatic,1st Owner,Renault,2018,365000,Comprehensive,24.04
Delhi,Petrol,Hatchback,69455,Manual,1st Owner,Maruti,2017,354000,Zero Dep,25.24
Delhi,Petrol,SUV,14000,Automatic,1st Owner,Volkswagen,2022,1650000,Comprehensive,17.88
Delhi,Petrol,SUV,40738,Automatic,1st Owner,Ford,2019,878000,Zero Dep,14.8
Delhi,Petrol,Sedan,76000,Automatic,1st Owner,Mercedes-Benz,2015,1910000,Comprehensive,11.7
Delhi,Petrol,Hatchback,30000,Manual,1st Owner,Maruti,2020,525000,Third Party,21.21
Delhi,Diesel,SUV,50000,Manual,1st Owner,Ford,2020,830000,Third Party,23
Delhi,Petrol,Sedan,90000,Manual,2nd Owner,Nissan,2012,200000,Third Party,16.95
Delhi,Petrol,Sedan,10700,Automatic,1st Owner,Honda,2022,1345000,Third Party,18.3
Delhi,Petrol,Sedan,10000,Automatic,1st Owner,Honda,2022,1345000,Third Party,18.3
Delhi,Petrol,Hatchback,80000,Manual,2nd Owner,Maruti,2017,350000,Third Party,20.51
Delhi,Diesel,SUV,36000,Automatic,1st Owner,Audi,2018,5495000,Comprehensive,14.75
Delhi,Diesel,SUV,70000,Automatic,1st Owner,Ford,2018,2300000,Third Party,10.91
Delhi,Diesel,SUV,60000,Automatic,1st Owner,Toyota,2015,1600000,Comprehensive,12.55
Delhi,Petrol,Sedan,34000,Automatic,1st Owner,Mercedes-Benz,2018,2890000,Comprehensive,15.04
Delhi,Petrol,Sedan,48430,Manual,1st Owner,Honda,2016,746000,Zero Dep,17.8
Delhi,Diesel,SUV,93671,Manual,1st Owner,Ford,2018,639000,Zero Dep,23
Delhi,Diesel,SUV,100000,Automatic,2nd Owner,Toyota,2015,1449000,Third Party,12.55
Delhi,Petrol,Sedan,108665,Automatic,2nd Owner,Maruti,2018,736000,Third Party,20.28
Delhi,Cng,Hatchback,17447,Manual,1st Owner,Tata,2022,749000,Comprehensive,26.49
Delhi,Diesel,SUV,19000,Manual,1st Owner,Mahindra,2022,2750000,Zero Dep,21.98
Delhi,Diesel,SUV,100579,Manual,2nd Owner,Renault,2019,693000,Zero Dep,19.87
Delhi,Petrol,Hatchback,80000,Automatic,1st Owner,Nissan,2013,275000,Third Party,19.34
Delhi,Petrol,Hatchback,65039,Manual,1st Owner,Hyundai,2019,475000,Zero Dep,20.3
Delhi,Diesel,SUV,60000,Automatic,1st Owner,Ford,2017,2300000,Comprehensive,10.91
Delhi,Petrol,Hatchback,50000,Manual,4th Owner,Hyundai,2010,150000,Third Party,19.81
Delhi,Petrol,Sedan,65000,Automatic,1st Owner,Honda,2015,665000,Comprehensive,18
Delhi,Petrol,Hatchback,84000,Manual,3rd Owner,Hyundai,2011,225000,Comprehensive,17
Delhi,Petrol,SUV,35000,Automatic,1st Owner,Toyota,2021,3500000,Zero Dep,10.26
Delhi,Diesel,SUV,80000,Manual,1st Owner,Maruti,2018,850000,Third Party,24.3
Delhi,Petrol,SUV,16500,Manual,1st Owner,Toyota,2023,1985000,Comprehensive,19.39
Delhi,Diesel,SUV,40000,Manual,2nd Owner,Toyota,2019,3100000,Third Party,14.24
Delhi,Petrol,Sedan,50500,Manual,1st Owner,Honda,2016,550000,Third Party,17.8
Delhi,Petrol,Sedan,90000,Manual,2nd Owner,Tata,2016,285000,Third Party,17.57
Delhi,Petrol,Sedan,80000,Automatic,2nd Owner,Honda,2010,300000,Third Party,16.8
Delhi,Petrol,Hatchback,40462,Manual,2nd Owner,Hyundai,2011,185000,Comprehensive,10.86
Delhi,Petrol,Hatchback,40000,Manual,1st Owner,Maruti,2018,525000,Comprehensive,22
Delhi,Diesel,Sedan,150000,Manual,1st Owner,Maruti,2013,375000,Third Party,23.4
Delhi,Petrol,Sedan,47761,Manual,1st Owner,Hyundai,2020,1012000,Comprehensive,17.7
Delhi,Diesel,SUV,80488,Manual,1st Owner,Hyundai,2020,1350000,Third Party,14.93
Delhi,Cng,Hatchback,70000,Manual,1st Owner,Maruti,2020,400000,Third Party,31.2
Delhi,Diesel,SUV,17204,Manual,1st Owner,Tata,2022,1930000,Comprehensive,16.14
Delhi,Petrol,Hatchback,66000,Automatic,1st Owner,Hyundai,2017,525000,Comprehensive,18.9
Delhi,Petrol,Hatchback,41900,Manual,1st Owner,Renault,2019,425000,Comprehensive,25.17
Delhi,Petrol,Hatchback,45000,Manual,1st Owner,Hyundai,2019,525000,Comprehensive,18.9
Delhi,Petrol,Hatchback,52000,Manual,1st Owner,Volkswagen,2013,375000,Comprehensive,16.47
Delhi,Diesel,SUV,40000,Automatic,1st Owner,Hyundai,2021,2100000,Third Party,18.1
Delhi,Petrol,Sedan,64000,Manual,1st Owner,Honda,2015,410000,Comprehensive,18
Delhi,Cng,SUV,76500,Manual,1st Owner,Mahindra,2018,435000,Third Party,18.15
Delhi,Petrol,Sedan,48000,Manual,1st Owner,Honda,2016,645000,Third Party,17.8
Delhi,Petrol,SUV,42000,Automatic,1st Owner,Tata,2019,775000,Comprehensive,17
Delhi,Petrol,SUV,50000,Manual,2nd Owner,Renault,2014,375000,Comprehensive,13.24
Delhi,Petrol,SUV,55000,Manual,2nd Owner,Ford,2017,650000,Comprehensive,15.9
Delhi,Petrol,Sedan,90000,Manual,2nd Owner,Volkswagen,2010,205000,Third Party,15.04
Delhi,Petrol,Sedan,72000,Automatic,1st Owner,Mercedes-Benz,2015,2390000,Comprehensive,12
Delhi,Petrol,SUV,33091,Manual,2nd Owner,Mahindra,2018,529000,Zero Dep,18.15
Delhi,Petrol,Hatchback,40838,Manual,1st Owner,Renault,2018,300000,Third Party,22.25
Delhi,Petrol,Sedan,56000,Automatic,1st Owner,Mercedes-Benz,2015,2400000,Comprehensive,11.74
Delhi,Diesel,MUV,71914,Manual,1st Owner,Toyota,2018,1678000,Comprehensive,23.93
Delhi,Petrol,Hatchback,67043,Manual,1st Owner,Maruti,2017,499000,Comprehensive,22.38
Delhi,Petrol,SUV,18000,Automatic,1st Owner,Mini,2021,3275000,Comprehensive,14.34
Delhi,Petrol,Sedan,100010,Manual,1st Owner,Toyota,2011,207000,Comprehensive,17.6
Delhi,Petrol,Hatchback,70000,Automatic,2nd Owner,Maruti,2016,390000,Third Party,23.1
Delhi,Petrol,Sedan,56857,Manual,1st Owner,Honda,2015,603000,Comprehensive,17.4
Delhi,Petrol,Sedan,120000,Automatic,1st Owner,Toyota,2014,1400000,Third Party,19.16
Delhi,Diesel,SUV,92000,Automatic,1st Owner,Mercedes-Benz,2015,3150000,Third Party,11.3
Delhi,Diesel,Sedan,45000,Automatic,1st Owner,Mercedes-Benz,2019,5000000,Comprehensive,16.1
Delhi,Diesel,MUV,68000,Automatic,1st Owner,Toyota,2019,1725000,Zero Dep,11.36
Delhi,Petrol,SUV,36000,Automatic,1st Owner,Mercedes-Benz,2020,5240000,Comprehensive,12.74
Delhi,Petrol,Sedan,67000,Automatic,2nd Owner,BMW,2012,1600000,Comprehensive,8.45
Delhi,Petrol,Sedan,37000,Manual,1st Owner,Toyota,2017,1250000,Comprehensive,14.28
Delhi,Petrol,SUV,9150,Automatic,1st Owner,MG,2021,1925000,Comprehensive,16.56
Delhi,Diesel,Hatchback,100000,Manual,3rd Owner,Hyundai,2012,250000,Third Party,23
Delhi,Petrol,Sedan,10000,Automatic,1st Owner,Honda,2022,935000,Third Party,18.3
Delhi,Cng,MUV,116059,Manual,1st Owner,Maruti,2013,551000,Third Party,26.11
Delhi,Petrol,Hatchback,18254,Manual,1st Owner,Maruti,2022,506000,Comprehensive,20.89
Delhi,Diesel,SUV,61200,Automatic,1st Owner,Land Rover,2016,6300000,Comprehensive,12.65
Delhi,Petrol,Sedan,108133,Manual,1st Owner,Honda,2016,422000,Zero Dep,18
Delhi,Petrol,MUV,66198,Manual,1st Owner,Maruti,2014,631000,Comprehensive,20.51
Delhi,Petrol,Hatchback,49000,Manual,1st Owner,Maruti,2017,590000,Third Party,21.01
Delhi,Petrol,Hatchback,89733,Automatic,1st Owner,Hyundai,2017,499000,Zero Dep,18.9
Delhi,Petrol,Hatchback,20000,Automatic,1st Owner,Maruti,2022,785000,Third Party,22.56
Delhi,Diesel,Hatchback,90360,Manual,2nd Owner,Hyundai,2014,325000,Comprehensive,21.9
Delhi,Petrol,SUV,44000,Automatic,1st Owner,Land Rover,2017,3600000,Comprehensive,12.63
Delhi,Petrol,Sedan,26000,Automatic,1st Owner,Toyota,2020,925000,Comprehensive,17.8
Delhi,Petrol,Sedan,68000,Manual,1st Owner,Maruti,2016,645000,Third Party,20.73
Delhi,Petrol,Sedan,60000,Manual,1st Owner,Maruti,2018,760000,Third Party,21.56
Delhi,Petrol,Sedan,20000,Automatic,1st Owner,BMW,2020,4200000,Comprehensive,16.13
Delhi,Petrol,Sedan,8000,Manual,1st Owner,Honda,2021,1245000,Third Party,17.4
Delhi,Diesel,SUV,120000,Manual,1st Owner,Renault,2014,500000,Third Party,19.01
Delhi,Cng,Hatchback,70000,Manual,1st Owner,Maruti,2015,280000,Third Party,26.6
Delhi,Petrol,Sedan,90000,Manual,3rd Owner,Honda,2009,115000,Third Party,17
Delhi,Diesel,SUV,70000,Manual,1st Owner,Ford,2018,600000,Third Party,23
Delhi,Diesel,SUV,70000,Manual,1st Owner,Tata,2021,1650000,Third Party,16.35
Delhi,Petrol,SUV,14445,Manual,2nd Owner,Hyundai,2021,853000,Zero Dep,18.27
Delhi,Petrol,SUV,29847,Automatic,2nd Owner,Tata,2019,861000,Zero Dep,17
Delhi,Petrol,Sedan,80000,Manual,2nd Owner,Volkswagen,2011,275000,Third Party,15.04
Delhi,Petrol,Hatchback,88443,Automatic,1st Owner,Hyundai,2014,418000,Comprehensive,18.9
Delhi,Petrol,Hatchback,82892,Manual,2nd Owner,Hyundai,2011,190000,Third Party,20.36
Delhi,Diesel,SUV,14500,Automatic,1st Owner,Mahindra,2023,1850000,Third Party,21.84
Delhi,Petrol,Hatchback,59549,Manual,1st Owner,Hyundai,2015,519000,Comprehensive,17.19
Delhi,Cng,Hatchback,70000,Manual,1st Owner,Maruti,2015,320000,Third Party,26.6
Delhi,Cng,Hatchback,64228,Manual,2nd Owner,Maruti,2019,501000,Zero Dep,33.54
Delhi,Petrol,Hatchback,10000,Manual,1st Owner,Maruti,2022,700000,Third Party,22.38
Delhi,Diesel,SUV,60000,Manual,2nd Owner,Ford,2018,600000,Third Party,23
Delhi,Petrol,SUV,32000,Automatic,1st Owner,Tata,2018,675000,Third Party,17
Delhi,Petrol,Hatchback,20000,Manual,1st Owner,Maruti,2019,550000,Third Party,21.21
Delhi,Cng,Hatchback,65000,Manual,1st Owner,Maruti,2016,345000,Comprehensive,33.54
Delhi,Cng,Hatchback,23900,Manual,1st Owner,Maruti,2021,541000,Comprehensive,33.54
Delhi,Petrol,Hatchback,2900,Manual,1st Owner,Maruti,2023,430000,Comprehensive,24.39
Delhi,Petrol,SUV,15000,Manual,1st Owner,Hyundai,2022,860000,Comprehensive,11.97
Delhi,Petrol,Hatchback,11200,Manual,1st Owner,Hyundai,2022,530000,Comprehensive,20.3
Delhi,Electric,SUV,17000,Automatic,1st Owner,Tata,2023,1423000,Comprehensive,29.78
Delhi,Petrol,SUV,1900,Manual,1st Owner,Kia,2023,1070000,Comprehensive,18.2
Delhi,Petrol,Hatchback,70098,Manual,1st Owner,Hyundai,2010,173000,Comprehensive,20.36
Delhi,Petrol,SUV,30498,Manual,1st Owner,Nissan,2021,707000,Comprehensive,18.75
Delhi,Petrol,Sedan,33000,Automatic,1st Owner,Honda,2021,820000,Comprehensive,18.3
Delhi,Petrol,SUV,7243,Manual,1st Owner,Renault,2021,828000,Third Party,20.5
Delhi,Petrol,SUV,7867,Manual,1st Owner,Maruti,2023,1255000,Comprehensive,19.89
Delhi,Diesel,SUV,110000,Manual,2nd Owner,Maruti,2018,690000,Third Party,24.3
Delhi,Petrol,MUV,49650,Manual,1st Owner,Renault,2022,616000,Comprehensive,20
Delhi,Diesel,SUV,5301,Manual,1st Owner,Tata,2022,2099000,Comprehensive,16.14
Delhi,Petrol,SUV,21366,Manual,1st Owner,Hyundai,2019,800000,Comprehensive,18.27
Delhi,Diesel,SUV,40099,Automatic,1st Owner,Jeep,2021,2450000,Comprehensive,14.9
Delhi,Diesel,Sedan,100000,Manual,1st Owner,Ford,2015,315000,Third Party,25.83
Delhi,Diesel,Sedan,100000,Manual,1st Owner,Ford,2015,315000,Third Party,25.83
Delhi,Petrol,Sedan,48000,Manual,1st Owner,Honda,2015,650000,Comprehensive,17.4
Delhi,Diesel,SUV,29000,Automatic,1st Owner,Mercedes-Benz,2020,7800000,Comprehensive,19.5
Delhi,Cng,Hatchback,120000,Manual,1st Owner,Maruti,2017,310000,Third Party,26.6
Delhi,Petrol,SUV,58000,Automatic,1st Owner,Tata,2019,825000,Third Party,17
Delhi,Petrol,Sedan,58000,Manual,1st Owner,Honda,2016,485000,Comprehensive,17.8
Delhi,Petrol,Sedan,50000,Manual,1st Owner,Honda,2015,350000,Third Party,18
Delhi,Petrol,Sedan,32000,Automatic,1st Owner,Honda,2019,795000,Comprehensive,18.1
Delhi,Diesel,Sedan,9900,Automatic,1st Owner,BMW,2020,4090000,Comprehensive,20.37
Delhi,Petrol,Hatchback,3721,Manual,1st Owner,Maruti,2017,470000,Third Party,20.4
Delhi,Petrol,Hatchback,16564,Manual,1st Owner,Hyundai,2020,625000,Comprehensive,20.7
Delhi,Diesel,SUV,34000,Automatic,1st Owner,BMW,2019,7290000,Comprehensive,13.38
Delhi,Petrol,SUV,15992,Manual,1st Owner,Tata,2022,794000,Comprehensive,20.09
Delhi,Petrol,Hatchback,91380,Manual,1st Owner,Maruti,2015,266000,Comprehensive,23.95
Delhi,Petrol,Sedan,50000,Automatic,1st Owner,Mercedes-Benz,2017,2390000,Comprehensive,15.04
Delhi,Petrol,Hatchback,47231,Manual,2nd Owner,Maruti,2017,296000,Comprehensive,24.39
Delhi,Diesel,SUV,20500,Automatic,1st Owner,Toyota,2018,3090000,Comprehensive,12.9
Delhi,Diesel,SUV,89908,Manual,1st Owner,Maruti,2018,607000,Third Party,24.3
Delhi,Diesel,SUV,60000,Automatic,1st Owner,Mercedes-Benz,2018,4000000,Comprehensive,17.9
Delhi,Diesel,SUV,34000,Automatic,1st Owner,BMW,2018,2750000,Comprehensive,20.68
Delhi,Petrol,Hatchback,30000,Manual,1st Owner,Toyota,2022,740000,Third Party,22.35
Delhi,Diesel,Hatchback,120000,Manual,1st Owner,Fiat,2013,115000,Third Party,20.3
Delhi,Petrol,Hatchback,99100,Manual,1st Owner,Hyundai,2010,167000,Third Party,19.81
Delhi,Petrol,SUV,22000,Automatic,1st Owner,Jeep,2019,1475000,Comprehensive,16
Delhi,Diesel,SUV,22120,Automatic,1st Owner,BMW,2017,1995000,Third Party,20.68
Delhi,Diesel,SUV,30120,Manual,1st Owner,Mahindra,2020,1265000,Comprehensive,21.79
Delhi,Petrol,MUV,4000,Automatic,1st Owner,Renault,2023,835000,Comprehensive,18.2
Delhi,Diesel,SUV,14800,Manual,1st Owner,Hyundai,2021,1095000,Comprehensive,23.7
Delhi,Petrol,Sedan,8120,Automatic,1st Owner,Honda,2020,1950000,Comprehensive,16.5
Delhi,Petrol,Hatchback,54650,Manual,1st Owner,Hyundai,2012,309000,Comprehensive,18.5
Delhi,Petrol,Hatchback,99343,Manual,1st Owner,Hyundai,2010,205000,Comprehensive,19.81
Delhi,Diesel,SUV,22800,Manual,1st Owner,Jeep,2020,1699000,Comprehensive,17.1
Delhi,Petrol,Hatchback,37961,Manual,2nd Owner,Maruti,2014,303000,Comprehensive,20.51
Delhi,Petrol,Hatchback,76751,Manual,2nd Owner,Maruti,2016,264000,Third Party,24.39
Delhi,Petrol,SUV,6000,Automatic,1st Owner,Mahindra,2022,2395000,Comprehensive,19.97
Delhi,Petrol,SUV,24788,Automatic,1st Owner,MG,2021,1541000,Comprehensive,14.34
Delhi,Petrol,SUV,90000,Automatic,2nd Owner,Mitsubishi,2010,400000,Third Party,11.3
Delhi,Petrol,Hatchback,70036,Manual,1st Owner,Maruti,2017,308000,Comprehensive,24.39
Delhi,Diesel,SUV,45500,Manual,2nd Owner,Mahindra,2019,1000000,Comprehensive,16
Delhi,Petrol,SUV,16000,Automatic,1st Owner,Audi,2022,5700000,Comprehensive,13.47
Delhi,Petrol,Hatchback,75000,Manual,1st Owner,Hyundai,2012,240000,Third Party,17
Delhi,Petrol,Sedan,19000,Automatic,1st Owner,Mercedes-Benz,2012,2450000,Third Party,10.13
Delhi,Diesel,Hatchback,40000,Automatic,2nd Owner,Mercedes-Benz,2014,1290000,Comprehensive,20
Delhi,Petrol,Sedan,20000,Automatic,1st Owner,Jaguar,2019,3250000,Third Party,13.5
Delhi,Petrol,Sedan,61000,Automatic,2nd Owner,Honda,2013,440000,Comprehensive,15.6
Delhi,Diesel,MUV,126000,Manual,1st Owner,Toyota,2013,670000,Third Party,12.99
Delhi,Petrol,Sedan,30000,Automatic,1st Owner,Maruti,2018,800000,Third Party,19.12
Delhi,Petrol,MUV,77293,Manual,1st Owner,Maruti,2019,921000,Third Party,19.34
Delhi,Petrol,Sedan,110000,Manual,1st Owner,Maruti,2013,310000,Third Party,19.1
Delhi,Petrol,Hatchback,25502,Manual,1st Owner,Maruti,2019,358000,Comprehensive,24.39
Delhi,Petrol,Hatchback,57120,Automatic,1st Owner,Maruti,2016,390000,Comprehensive,26
Delhi,Diesel,MUV,97000,Automatic,1st Owner,Toyota,2016,1350000,Comprehensive,11.36
Delhi,Petrol,Hatchback,51868,Manual,1st Owner,Maruti,2017,345000,Third Party,20.51
Delhi,Petrol,Hatchback,52725,Manual,1st Owner,Hyundai,2010,208000,Comprehensive,20.36
Delhi,Diesel,Hatchback,50000,Manual,1st Owner,Maruti,2014,320000,Third Party,25.2
Delhi,Petrol,Hatchback,84929,Manual,1st Owner,Hyundai,2012,210000,Comprehensive,20.36
Delhi,Petrol,SUV,42000,Manual,1st Owner,Honda,2017,675000,Third Party,17.5
Delhi,Petrol,MUV,21515,Automatic,1st Owner,Maruti,2019,1100000,Comprehensive,20.27
Delhi,Diesel,Sedan,50000,Automatic,2nd Owner,Audi,2015,1200000,Third Party,17.68
Delhi,Petrol,SUV,42000,Automatic,1st Owner,Mercedes-Benz,2020,5200000,Comprehensive,12.74
Delhi,Petrol,Hatchback,53000,Manual,1st Owner,Tata,2019,440000,Comprehensive,23.84
Delhi,Petrol,Hatchback,71000,Automatic,1st Owner,Maruti,2016,385000,Third Party,23.1
Delhi,Petrol,Sedan,48000,Automatic,1st Owner,Honda,2019,720000,Comprehensive,18.1
Delhi,Petrol,Hatchback,56000,Manual,1st Owner,Maruti,2018,540000,Comprehensive,21.4
Delhi,Diesel,SUV,60000,Manual,1st Owner,Maruti,2018,825000,Third Party,24.3
Delhi,Petrol,Hatchback,50000,Manual,1st Owner,Tata,2021,720000,Third Party,19.33
Delhi,Cng,Hatchback,120000,Manual,1st Owner,Maruti,2016,230000,Third Party,26.6
Delhi,Petrol,Hatchback,50000,Manual,2nd Owner,Maruti,2011,200000,Third Party,18.5
Delhi,Cng,MUV,30000,Manual,1st Owner,Maruti,2022,1160000,Third Party,26.11
Delhi,Petrol,Hatchback,3819,Manual,1st Owner,Maruti,2023,723000,Third Party,22.38
Delhi,Petrol,Hatchback,7825,Automatic,1st Owner,Hyundai,2020,806000,Zero Dep,19.65
Delhi,Petrol,Sedan,70000,Manual,2nd Owner,Honda,2016,700000,Third Party,17.8
Delhi,Petrol,Hatchback,27436,Automatic,1st Owner,Maruti,2019,507000,Zero Dep,23.1
Delhi,Petrol,MUV,40673,Manual,1st Owner,Maruti,2013,499000,Comprehensive,16.02
Delhi,Diesel,Sedan,60000,Manual,1st Owner,Hyundai,2022,1300000,Third Party,25
Delhi,Petrol,Hatchback,33100,Automatic,1st Owner,Maruti,2018,639000,Third Party,22.56
Delhi,Petrol,Sedan,80000,Manual,2nd Owner,Maruti,2009,130000,Third Party,15
Delhi,Petrol,Hatchback,57929,Manual,1st Owner,Maruti,2019,331000,Zero Dep,24.39
Delhi,Petrol,Hatchback,8500,Manual,1st Owner,Hyundai,2022,790000,Comprehensive,21
Delhi,Petrol,Sedan,60000,Manual,1st Owner,Honda,2011,376000,Third Party,17
Delhi,Diesel,Sedan,40000,Automatic,1st Owner,Mercedes-Benz,2018,2650000,Third Party,17.9
Delhi,Petrol,Hatchback,120000,Manual,2nd Owner,Maruti,2013,310000,Third Party,18.6
Delhi,Diesel,Sedan,40000,Automatic,1st Owner,Mercedes-Benz,2018,2650000,Third Party,17.9
Delhi,Petrol,SUV,76000,Automatic,1st Owner,Mitsubishi,2011,570000,Comprehensive,11.3
Delhi,Cng,MUV,35000,Manual,1st Owner,Maruti,2021,1065000,Comprehensive,26.08
Delhi,Petrol,Sedan,19681,Manual,1st Owner,Honda,2015,570000,Third Party,17.4
Delhi,Petrol,Sedan,68866,Manual,2nd Owner,Ford,2012,150000,Third Party,14.09
Delhi,Diesel,SUV,100000,Manual,2nd Owner,Maruti,2018,690000,Third Party,24.3
Delhi,Petrol,Sedan,70000,Automatic,2nd Owner,Maruti,2016,550000,Third Party,19.12
Delhi,Petrol,Hatchback,53338,Automatic,1st Owner,Maruti,2016,419000,Comprehensive,26
Delhi,Petrol,Sedan,41558,Manual,1st Owner,Honda,2017,506000,Third Party,17.8
Delhi,Petrol,Hatchback,10000,Manual,2nd Owner,Maruti,2011,130000,Third Party,19.7
Delhi,Petrol,Hatchback,25403,Manual,2nd Owner,Maruti,2017,528000,Comprehensive,21.4
Delhi,Petrol,Sedan,52800,Manual,1st Owner,Honda,2014,608000,Third Party,17.4
Delhi,Diesel,MUV,60000,Manual,1st Owner,Toyota,2019,1750000,Third Party,13.68
Delhi,Petrol,Hatchback,92543,Manual,1st Owner,Maruti,2012,300000,Comprehensive,22
Delhi,Diesel,Sedan,28000,Automatic,1st Owner,Audi,2015,1500000,Comprehensive,17.68
Delhi,Petrol,Hatchback,95525,Manual,2nd Owner,Hyundai,2011,178000,Comprehensive,20.36
Delhi,Diesel,SUV,3200,Manual,1st Owner,Kia,2020,1325000,Comprehensive,20.8
Delhi,Petrol,MUV,9000,Automatic,1st Owner,Toyota,2022,2600000,Comprehensive,8
Delhi,Diesel,SUV,31000,Automatic,1st Owner,Jeep,2022,3100000,Comprehensive,14.9
Delhi,Petrol,SUV,23000,Manual,1st Owner,Maruti,2022,945000,Comprehensive,17.38
Delhi,Petrol,Hatchback,2700,Manual,1st Owner,Maruti,2023,700000,Comprehensive,22.38
Delhi,Petrol,Hatchback,30000,Manual,1st Owner,Hyundai,2015,399000,Comprehensive,18.9
Delhi,Petrol,SUV,130000,Automatic,2nd Owner,Ford,2017,556000,Third Party,14.8
Delhi,Diesel,SUV,60000,Manual,1st Owner,Mahindra,2016,895000,Third Party,16
Delhi,Petrol,Hatchback,12400,Manual,2nd Owner,Chevrolet,2009,89999,Comprehensive,18
Delhi,Diesel,Hatchback,79000,Manual,2nd Owner,Volkswagen,2014,333000,Third Party,20.14
Delhi,Petrol,Sedan,32000,Automatic,3rd Owner,Honda,2020,1400000,Comprehensive,16.5
Delhi,Petrol,Hatchback,39368,Manual,1st Owner,Volkswagen,2011,324000,Comprehensive,16.47
Delhi,Petrol,Hatchback,49597,Manual,1st Owner,Hyundai,2013,359000,Comprehensive,18.5
Delhi,Petrol,Sedan,70000,Automatic,2nd Owner,Mercedes-Benz,2011,950000,Comprehensive,12.3
Delhi,Petrol,Hatchback,34174,Automatic,1st Owner,Maruti,2016,348000,Comprehensive,23.95
Delhi,Petrol,Hatchback,11171,Manual,1st Owner,Maruti,2021,532000,Zero Dep,20.89
Delhi,Diesel,SUV,68000,Automatic,1st Owner,Audi,2014,1925000,Third Party,12.07
Delhi,Petrol,Sedan,62545,Manual,1st Owner,Honda,2010,228000,Third Party,17
Delhi,Petrol,Hatchback,94480,Manual,1st Owner,Maruti,2016,295000,Comprehensive,21.79
Delhi,Petrol,Hatchback,19299,Manual,1st Owner,Maruti,2017,297000,Comprehensive,22.05
Delhi,Petrol,Sedan,60000,Manual,1st Owner,Honda,2010,350000,Third Party,17
Delhi,Diesel,SUV,34000,Automatic,2nd Owner,Hyundai,2017,1000000,Third Party,17.01
Delhi,Petrol,Hatchback,30000,Manual,1st Owner,Tata,2020,360000,Third Party,19.01
Delhi,Diesel,SUV,55000,Automatic,1st Owner,Audi,2017,1850000,Third Party,14.16
Delhi,Petrol,Sedan,120000,Automatic,1st Owner,Maruti,2020,580000,Third Party,21.21
Delhi,Petrol,SUV,70000,Manual,2nd Owner,Ford,2017,650000,Third Party,15.85
Delhi,Petrol,SUV,40000,Automatic,2nd Owner,MG,2019,1430000,Third Party,13.96
Delhi,Diesel,Sedan,120000,Automatic,2nd Owner,Hyundai,2014,415000,Third Party,19.08
Delhi,Petrol,Hatchback,70000,Manual,2nd Owner,Hyundai,2009,95000,Third Party,20.36
Delhi,Petrol,SUV,1500,Automatic,1st Owner,Maruti,2023,1250000,Comprehensive,20.01
Delhi,Petrol,SUV,30000,Automatic,1st Owner,MG,2020,1600000,Third Party,13.96
Delhi,Petrol,Sedan,53464,Automatic,1st Owner,Honda,2016,661000,Comprehensive,18
Delhi,Petrol,Hatchback,43216,Manual,2nd Owner,Hyundai,2016,398000,Third Party,18.9
Delhi,Diesel,SUV,70000,Manual,1st Owner,Tata,2014,350000,Third Party,14
Delhi,Cng,Hatchback,16372,Manual,1st Owner,Tata,2022,700000,Third Party,26.49
Delhi,Petrol,Hatchback,14515,Manual,1st Owner,Hyundai,2018,457000,Third Party,18.9
Delhi,Petrol,Sedan,30000,Automatic,1st Owner,Hyundai,2019,1000000,Third Party,17
Delhi,Petrol,Hatchback,85617,Manual,1st Owner,Maruti,2012,295000,Third Party,18.6
Delhi,Diesel,SUV,70000,Automatic,1st Owner,MG,2021,3450000,Third Party,12.4
Delhi,Petrol,Hatchback,76605,Manual,1st Owner,Maruti,2010,196000,Comprehensive,18.9
Delhi,Petrol,SUV,20000,Manual,2nd Owner,Kia,2021,925000,Third Party,16.8
Delhi,Petrol,SUV,10000,Manual,1st Owner,Kia,2022,1100000,Third Party,18.2
Delhi,Diesel,Hatchback,70000,Manual,1st Owner,Chevrolet,2015,110000,Third Party,25.44
Delhi,Diesel,Hatchback,80000,Manual,3rd Owner,Hyundai,2017,380000,Third Party,24
Delhi,Diesel,SUV,4900,Automatic,1st Owner,Mahindra,2023,1875000,Third Party,21.84
Delhi,Petrol,Hatchback,55000,Manual,1st Owner,Maruti,2017,435000,Comprehensive,20.4
Delhi,Petrol,SUV,20000,Manual,2nd Owner,Kia,2021,925000,Third Party,16.8
Delhi,Diesel,SUV,35000,Automatic,0th Owner,Land Rover,2018,10300000,Comprehensive,12.65
Delhi,Petrol,Hatchback,22000,Automatic,2nd Owner,Mini,2014,2000000,Comprehensive,13.6
Delhi,Diesel,SUV,45000,Manual,1st Owner,Mahindra,2022,1775000,Third Party,21.84
Delhi,Petrol,Sedan,26000,Automatic,1st Owner,Honda,2019,740000,Third Party,19
Delhi,Petrol,Hatchback,21387,Manual,1st Owner,Maruti,2018,308000,Third Party,22.05
Delhi,Petrol,Hatchback,64568,Manual,1st Owner,Maruti,2018,509000,Comprehensive,22.38
Delhi,Petrol,SUV,25000,Automatic,1st Owner,Volkswagen,2022,1725000,Zero Dep,18.41
Delhi,Petrol,Hatchback,73568,Manual,1st Owner,Maruti,2012,305000,Comprehensive,22.38
Delhi,Petrol,Hatchback,87755,Manual,1st Owner,Maruti,2014,349000,Comprehensive,22
Delhi,Diesel,SUV,34000,Automatic,1st Owner,Jeep,2021,1920000,Comprehensive,17.1
Delhi,Petrol,Hatchback,25319,Automatic,1st Owner,Hyundai,2021,901000,Zero Dep,20.25
Delhi,Petrol,SUV,11000,Manual,1st Owner,Mahindra,2022,1575000,Third Party,15.2
Delhi,Petrol,Hatchback,23051,Automatic,1st Owner,Maruti,2020,651000,Comprehensive,20.89
Delhi,Petrol,SUV,4200,Automatic,1st Owner,MG,2021,1900000,Comprehensive,14.51
Delhi,Petrol,Hatchback,80000,Manual,3rd Owner,Maruti,2012,300000,Third Party,18.6
Delhi,Petrol,Hatchback,20000,Manual,1st Owner,Hyundai,2021,530000,Third Party,20.3
Delhi,Diesel,MUV,70123,Manual,1st Owner,Toyota,2018,1575000,Comprehensive,13.68
Delhi,Petrol,Sedan,71156,Automatic,1st Owner,Honda,2016,735000,Comprehensive,18
Delhi,Petrol,Hatchback,10000,Automatic,1st Owner,Hyundai,2021,701000,Third Party,20.7
Delhi,Diesel,MUV,80000,Manual,1st Owner,Maruti,2015,550000,Third Party,20.77
Delhi,Cng,Hatchback,70000,Manual,2nd Owner,Maruti,2019,410000,Third Party,9.98
Delhi,Petrol,Sedan,30000,Manual,1st Owner,Fiat,2009,120000,Third Party,14.6
Delhi,Petrol,Hatchback,36000,Automatic,1st Owner,Honda,2017,490000,Third Party,16.5
Delhi,Petrol,Hatchback,50000,Manual,3rd Owner,Renault,2017,205000,Third Party,25.17
Delhi,Diesel,SUV,30211,Manual,1st Owner,Mahindra,2022,1013000,Zero Dep,20
Delhi,Diesel,SUV,16291,Automatic,1st Owner,Mahindra,2022,2700000,Third Party,21.98
Delhi,Petrol,Sedan,40000,Manual,1st Owner,Honda,2019,615000,Third Party,19.5
Delhi,Petrol,Hatchback,72368,Manual,2nd Owner,Maruti,2016,433000,Comprehensive,21.4
Delhi,Diesel,SUV,51260,Manual,2nd Owner,Honda,2018,607000,Third Party,25.5
Delhi,Petrol,Hatchback,30000,Manual,2nd Owner,Honda,2013,310000,Third Party,19.4
Delhi,Petrol,Hatchback,79166,Manual,1st Owner,Hyundai,2018,564000,Comprehensive,18.6
Delhi,Diesel,Sedan,120000,Automatic,2nd Owner,BMW,2016,1500000,Third Party,21.76
Delhi,Petrol,MUV,10512,Manual,1st Owner,Datsun,2021,524000,Third Party,19.02
Delhi,Diesel,Sedan,110000,Automatic,2nd Owner,BMW,2016,1500000,Third Party,21.76
Delhi,Petrol,Hatchback,70000,Manual,2nd Owner,Honda,2015,345000,Third Party,18.7
Delhi,Petrol,SUV,30000,Manual,1st Owner,Hyundai,2017,690000,Third Party,15.29
Delhi,Petrol,Hatchback,50000,Manual,1st Owner,Tata,2021,730000,Third Party,19.33
Delhi,Diesel,SUV,100000,Manual,1st Owner,Ford,2017,540000,Third Party,23
Delhi,Petrol,Hatchback,40000,Manual,1st Owner,Hyundai,2014,210000,Third Party,21.1
Delhi,Diesel,SUV,74000,Manual,1st Owner,Hyundai,2018,935000,Third Party,22.1
Delhi,Diesel,Sedan,60000,Manual,1st Owner,Ford,2015,380000,Third Party,25.83
Delhi,Diesel,SUV,120000,Manual,1st Owner,Tata,2019,1450000,Third Party,17
Delhi,Petrol,Hatchback,9545,Manual,1st Owner,Hyundai,2011,200000,Third Party,20.36
Delhi,Petrol,SUV,20000,Automatic,1st Owner,Mahindra,2022,1730000,Third Party,19.97
Delhi,Petrol,SUV,36002,Manual,1st Owner,Ford,2018,791000,Comprehensive,17
Delhi,Petrol,Hatchback,30854,Automatic,2nd Owner,Maruti,2021,779000,Comprehensive,19.56
Delhi,Diesel,Sedan,45000,Manual,1st Owner,Maruti,2018,650000,Comprehensive,28.4
Delhi,Petrol,Hatchback,52654,Manual,1st Owner,Maruti,2019,482000,Third Party,22.38
Delhi,Cng,Hatchback,34151,Manual,1st Owner,Hyundai,2019,562000,Comprehensive,30.48
Delhi,Petrol,Hatchback,29000,Manual,1st Owner,Renault,2017,310000,Comprehensive,23.01
Delhi,Petrol,Sedan,31873,Manual,1st Owner,Honda,2019,892000,Comprehensive,17.4
Delhi,Petrol,Sedan,24000,Manual,1st Owner,Hyundai,2015,530000,Third Party,17.01
Delhi,Petrol,Hatchback,52129,Manual,1st Owner,Maruti,2016,549000,Comprehensive,21.4
Delhi,Petrol,Sedan,82000,Manual,2nd Owner,Honda,2009,235000,Third Party,17
Delhi,Petrol,Sedan,64000,Manual,1st Owner,Maruti,2015,595000,Third Party,20.73
Delhi,Diesel,SUV,75000,Automatic,1st Owner,Mercedes-Benz,2016,3850000,Comprehensive,11.3
Delhi,Petrol,MUV,50000,Manual,1st Owner,Renault,2020,586000,Comprehensive,20
Delhi,Diesel,SUV,63000,Automatic,1st Owner,BMW,2018,2025000,Comprehensive,20.68
Delhi,Petrol,Hatchback,63000,Automatic,1st Owner,Maruti,2014,385000,Third Party,23.1
Delhi,Diesel,SUV,79000,Manual,1st Owner,Tata,2014,545000,Third Party,14
Delhi,Petrol,Hatchback,64000,Manual,1st Owner,Honda,2012,295000,Third Party,19.4
Delhi,Diesel,SUV,16000,Automatic,1st Owner,Mahindra,2022,2775000,Comprehensive,21.98
Delhi,Petrol,Sedan,50236,Automatic,1st Owner,Lexus,2019,4975000,Third Party,24.87
Delhi,Diesel,Sedan,28000,Automatic,1st Owner,Mercedes-Benz,2017,3950000,Comprehensive,16.1
Delhi,Petrol,Hatchback,6624,Manual,1st Owner,Renault,2022,489000,Third Party,21.46
Delhi,Petrol,Sedan,48077,Manual,2nd Owner,Honda,2013,326000,Third Party,18
Delhi,Diesel,Sedan,36000,Automatic,1st Owner,Audi,2016,1549000,Comprehensive,18.25
Delhi,Petrol,Hatchback,71355,Manual,1st Owner,Hyundai,2016,547000,Third Party,18.6
Delhi,Petrol,Hatchback,76282,Automatic,1st Owner,Hyundai,2019,614000,Comprehensive,20.7
Delhi,Diesel,Sedan,40000,Automatic,2nd Owner,Jaguar,2018,5300000,Comprehensive,14.47
Delhi,Petrol,Hatchback,25091,Manual,1st Owner,Hyundai,2017,445000,Comprehensive,18.9
Delhi,Diesel,Sedan,80000,Automatic,1st Owner,Mercedes-Benz,2018,2200000,Comprehensive,17.9
Delhi,Petrol,Hatchback,42857,Manual,1st Owner,Hyundai,2013,285000,Comprehensive,20.36
Delhi,Diesel,SUV,70000,Manual,1st Owner,Mahindra,2017,600000,Third Party,18.49
Delhi,Diesel,Sedan,96000,Automatic,1st Owner,BMW,2016,2350000,Comprehensive,18.12
Delhi,Petrol,SUV,66999,Automatic,1st Owner,MG,2021,1675000,Comprehensive,14.51
Delhi,Petrol,Hatchback,69000,Automatic,1st Owner,Volkswagen,2021,875000,Comprehensive,11.97
Delhi,Diesel,Sedan,33000,Automatic,1st Owner,Mercedes-Benz,2018,2850000,Third Party,17.9
Delhi,Petrol,Sedan,65000,Automatic,1st Owner,Toyota,2014,695000,Comprehensive,14.28
Delhi,Petrol,Hatchback,49000,Automatic,1st Owner,Maruti,2018,725000,Third Party,21.4
Delhi,Petrol,Convertibles,80000,Automatic,2nd Owner,Mercedes-Benz,2010,790000,Comprehensive,10.93
Delhi,Diesel,MUV,88000,Manual,2nd Owner,Toyota,2014,975000,Third Party,12.99
Delhi,Diesel,Sedan,74000,Manual,1st Owner,Maruti,2014,500000,Third Party,23.4
Delhi,Petrol,SUV,23000,Automatic,1st Owner,MG,2020,1650000,Third Party,13.96
Delhi,Petrol,Hatchback,32192,Manual,1st Owner,Maruti,2015,253000,Third Party,24.39
Delhi,Petrol,Sedan,53930,Manual,1st Owner,Maruti,2017,496000,Zero Dep,22.41
Delhi,Petrol,SUV,70000,Manual,2nd Owner,Ford,2017,510000,Third Party,17
Delhi,Petrol,Sedan,47121,Manual,2nd Owner,Honda,2015,554000,Comprehensive,17.4
Delhi,Diesel,SUV,65000,Automatic,1st Owner,Toyota,2014,1425000,Comprehensive,12.55
Delhi,Petrol,Hatchback,39000,Manual,2nd Owner,Hyundai,2017,485000,Third Party,18.6
Delhi,Cng,SUV,20000,Manual,1st Owner,Maruti,2023,1425000,Third Party,26.6
Delhi,Diesel,Sedan,150000,Manual,1st Owner,Hyundai,2016,377000,Third Party,24.4
Delhi,Petrol,Hatchback,110000,Manual,3rd Owner,Maruti,2009,100000,Third Party,18.9
Delhi,Diesel,SUV,70000,Automatic,2nd Owner,Ford,2017,2250000,Third Party,10.91
Delhi,Petrol,Hatchback,80000,Manual,2nd Owner,Hyundai,2016,425000,Third Party,18.6
Delhi,Petrol,Hatchback,40000,Manual,2nd Owner,Maruti,2016,415000,Third Party,21.21
Delhi,Petrol,SUV,20000,Automatic,1st Owner,Skoda,2021,1580000,Third Party,17.2
Delhi,Petrol,Hatchback,74000,Manual,2nd Owner,Maruti,2011,165000,Third Party,20.52
Delhi,Diesel,Sedan,62000,Automatic,2nd Owner,BMW,2018,3550000,Comprehensive,20.37
Delhi,Petrol,Hatchback,80000,Manual,1st Owner,Maruti,2009,86000,Third Party,16.1
Delhi,Diesel,MUV,100000,Manual,2nd Owner,Maruti,2014,560000,Third Party,20.77
Delhi,Petrol,Hatchback,23256,Manual,1st Owner,Maruti,2020,634000,Third Party,21.01
Delhi,Petrol,Hatchback,29120,Manual,1st Owner,Maruti,2022,525000,Zero Dep,20.89
Delhi,Diesel,SUV,62000,Manual,1st Owner,Ford,2018,660000,Third Party,21.7
Delhi,Diesel,Sedan,90513,Manual,1st Owner,Maruti,2017,562000,Comprehensive,28.4
Delhi,Diesel,SUV,49396,Manual,1st Owner,Hyundai,2018,1114000,Comprehensive,19.67
Delhi,Petrol,Sedan,120000,Manual,2nd Owner,Toyota,2008,100000,Third Party,14.53
Delhi,Petrol,Hatchback,18475,Manual,1st Owner,Maruti,2019,344000,Zero Dep,22.05
Delhi,Diesel,SUV,100000,Automatic,2nd Owner,Audi,2018,4750000,Third Party,12.07
Delhi,Cng,Hatchback,27792,Manual,1st Owner,Hyundai,2019,530000,Zero Dep,30.48
Delhi,Petrol,Sedan,55000,Automatic,1st Owner,BMW,2019,4500000,Comprehensive,15.01
Delhi,Petrol,Sedan,72000,Manual,1st Owner,Honda,2011,278000,Third Party,17
Delhi,Diesel,Sedan,10000,Automatic,1st Owner,Mercedes-Benz,2022,4700000,Third Party,19.5
Delhi,Diesel,SUV,25000,Automatic,1st Owner,Mahindra,2021,3050000,Third Party,12.05
Delhi,Petrol,SUV,40000,Manual,1st Owner,Hyundai,2017,690000,Third Party,15.29
Delhi,Diesel,MUV,150000,Manual,1st Owner,Maruti,2014,550000,Third Party,20.77
Delhi,Petrol,Sedan,80000,Automatic,1st Owner,Maruti,2020,820000,Third Party,20.04
Delhi,Petrol,Hatchback,120000,Manual,2nd Owner,Volkswagen,2011,210000,Third Party,15.26
Delhi,Diesel,SUV,60000,Manual,1st Owner,Mahindra,2013,399000,Third Party,15.1
Delhi,Petrol,Sedan,70000,Manual,1st Owner,Honda,2018,720000,Third Party,17.4
Delhi,Petrol,Hatchback,57100,Manual,1st Owner,Hyundai,2014,340000,Comprehensive,18.9
Delhi,Cng,Hatchback,45623,Manual,1st Owner,Maruti,2021,457000,Zero Dep,9.98
Delhi,Petrol,SUV,100000,Manual,3rd Owner,Ford,2015,380000,Third Party,18.88
Delhi,Petrol,Sedan,7660,Automatic,1st Owner,Maruti,2019,653000,Zero Dep,21.21
Delhi,Diesel,Sedan,35272,Manual,1st Owner,Hyundai,2016,426000,Comprehensive,25.4
Delhi,Petrol,Hatchback,8526,Automatic,1st Owner,Renault,2021,465000,Comprehensive,22
Delhi,Petrol,Hatchback,62929,Manual,1st Owner,Hyundai,2011,245000,Comprehensive,18.5
Delhi,Cng,Hatchback,30000,Manual,2nd Owner,Maruti,2010,80000,Third Party,26.83
Delhi,Petrol,Hatchback,53127,Manual,2nd Owner,Maruti,2017,432000,Third Party,20.4
Delhi,Petrol,MUV,42000,Manual,1st Owner,Maruti,2018,845000,Comprehensive,17.5
Delhi,Diesel,SUV,20000,Manual,1st Owner,Ford,2017,580000,Third Party,23
Delhi,Petrol,Hatchback,57000,Manual,1st Owner,Maruti,2013,235000,Comprehensive,18.9
Delhi,Petrol,Hatchback,44000,Manual,1st Owner,Maruti,2013,270000,Comprehensive,20.51
Delhi,Petrol,SUV,64000,Automatic,1st Owner,Ford,2015,625000,Comprehensive,14.7
Delhi,Petrol,Sedan,49000,Automatic,1st Owner,Skoda,2014,1050000,Comprehensive,15.1
Delhi,Petrol,Hatchback,30000,Manual,1st Owner,Toyota,2022,740000,Third Party,22.35
Delhi,Petrol,Sedan,37000,Manual,0th Owner,Skoda,2017,1049000,Zero Dep,16.7
Delhi,Petrol,Hatchback,30000,Manual,2nd Owner,Hyundai,2018,570000,Comprehensive,18.6
Delhi,Petrol,Hatchback,90000,Manual,1st Owner,Honda,2012,275000,Third Party,19.4
Delhi,Petrol,Hatchback,40000,Manual,2nd Owner,Maruti,2014,250000,Third Party,16.1
Delhi,Petrol,SUV,64336,Automatic,1st Owner,Jeep,2019,1365000,Zero Dep,16
Delhi,Petrol,Hatchback,83425,Manual,1st Owner,Volkswagen,2016,429000,Comprehensive,16.2
Delhi,Diesel,SUV,85000,Automatic,3rd Owner,Land Rover,2014,2190000,Comprehensive,12.7
Delhi,Diesel,Sedan,66181,Manual,1st Owner,Maruti,2016,544000,Comprehensive,26.59
Delhi,Petrol,Hatchback,25486,Manual,2nd Owner,Maruti,2019,336000,Comprehensive,24.7
Delhi,Petrol,Sedan,35000,Automatic,1st Owner,Mercedes-Benz,2017,3050000,Third Party,14.74
Delhi,Petrol,Hatchback,25489,Manual,1st Owner,Maruti,2016,449000,Comprehensive,22.38
Delhi,Diesel,SUV,40000,Automatic,2nd Owner,Ford,2021,3800000,Comprehensive,13.9
Delhi,Petrol,Hatchback,85363,Manual,1st Owner,Maruti,2018,503000,Third Party,21.4
Delhi,Petrol,Sedan,110000,Manual,3rd Owner,Maruti,2009,125000,Third Party,15
Delhi,Diesel,SUV,40000,Manual,1st Owner,Ford,2014,350000,Third Party,22.7
Delhi,Petrol,SUV,40000,Automatic,1st Owner,Land Rover,2018,9600000,Third Party,12.65
Delhi,Petrol,SUV,1500,Automatic,1st Owner,Maruti,2023,1755000,Zero Dep,16.39
Delhi,Petrol,Sedan,110000,Manual,3rd Owner,Maruti,2009,125000,Third Party,15
Delhi,Petrol,Hatchback,80000,Manual,2nd Owner,Ford,2011,100000,Third Party,15.6
Delhi,Cng,Sedan,20000,Manual,1st Owner,Maruti,2022,850000,Third Party,31.12
Delhi,Petrol,SUV,20000,Manual,1st Owner,Maruti,2023,1200000,Third Party,17.38
Delhi,Petrol,Hatchback,62000,Manual,2nd Owner,Hyundai,2012,275000,Comprehensive,17
Delhi,Petrol,Sedan,50000,Automatic,4th Owner,Mercedes-Benz,2010,425000,Third Party,11.7
Delhi,Diesel,Sedan,90000,Manual,2nd Owner,Maruti,2014,350000,Third Party,23.4
Delhi,Petrol,Hatchback,67985,Manual,1st Owner,Hyundai,2011,221000,Comprehensive,20.36
Delhi,Diesel,SUV,89722,Manual,1st Owner,Honda,2020,828000,Comprehensive,25.5
Delhi,Diesel,SUV,80000,Manual,1st Owner,Ford,2017,600000,Third Party,23
Delhi,Petrol,MUV,49647,Automatic,2nd Owner,Toyota,2020,1556000,Comprehensive,8
Delhi,Petrol,MUV,110490,Manual,1st Owner,Renault,2020,517000,Zero Dep,20
Delhi,Petrol,Sedan,78000,Manual,2nd Owner,Maruti,2012,325000,Comprehensive,17.5
Delhi,Petrol,Hatchback,51165,Manual,1st Owner,Maruti,2017,371000,Third Party,20.51
Delhi,Petrol,Hatchback,14000,Manual,1st Owner,Maruti,2022,475000,Third Party,21.7
Delhi,Petrol,Hatchback,50576,Manual,1st Owner,Hyundai,2015,406000,Comprehensive,18.9
Delhi,Petrol,MUV,55000,Manual,1st Owner,Maruti,2021,1090000,Third Party,19.01
Delhi,Petrol,SUV,70000,Automatic,1st Owner,Hyundai,2019,890000,Third Party,18.15
Delhi,Petrol,Hatchback,80000,Manual,2nd Owner,Maruti,2009,100000,Third Party,18.9
Delhi,Petrol,Sedan,65000,Automatic,1st Owner,Mercedes-Benz,2014,1890000,Comprehensive,12
Delhi,Diesel,SUV,90000,Manual,3rd Owner,Mahindra,2015,485000,Third Party,15.96
Delhi,Diesel,SUV,71000,Manual,1st Owner,Mahindra,2016,840000,Comprehensive,15.4
Delhi,Petrol,Sedan,60000,Automatic,1st Owner,Honda,2019,900000,Third Party,18
Delhi,Petrol,SUV,20000,Manual,1st Owner,Kia,2021,950000,Third Party,18.4
Delhi,Petrol,Sedan,60000,Manual,1st Owner,Hyundai,2011,418000,Third Party,17.01
Delhi,Diesel,SUV,38000,Manual,1st Owner,Hyundai,2019,1195000,Third Party,20.5
Delhi,Diesel,SUV,7000,Automatic,0th Owner,MG,2023,4640000,Comprehensive,12.04
Hyderabad,Petrol,Hatchback,20000,Automatic,1st Owner,Volkswagen,2022,1044000,Third Party,16.47
Hyderabad,Petrol,Hatchback,85582,Manual,2nd Owner,Hyundai,2014,260000,Third Party,21.1
Hyderabad,Petrol,SUV,10000,Manual,1st Owner,Hyundai,2023,955000,Third Party,11.97
Hyderabad,Petrol,Hatchback,50750,Manual,1st Owner,Maruti,2017,671000,Third Party,21.4
Hyderabad,Petrol,SUV,10000,Automatic,1st Owner,Mahindra,2022,1900000,Third Party,19.97
Hyderabad,Petrol,SUV,10000,Manual,1st Owner,Kia,2021,1178000,Third Party,18.2
Hyderabad,Petrol,Hatchback,66366,Automatic,1st Owner,Maruti,2017,489000,Zero Dep,23.1
Hyderabad,Petrol,Sedan,5000,Automatic,1st Owner,Hyundai,2022,1541000,Third Party,19.2
Hyderabad,Petrol,Hatchback,72544,Manual,1st Owner,Maruti,2017,465000,Third Party,23.1
Hyderabad,Petrol,Hatchback,29154,Manual,1st Owner,Ford,2021,728000,Third Party,18.5
Hyderabad,Petrol,Hatchback,70000,Automatic,1st Owner,Tata,2018,530000,Third Party,23.84
Hyderabad,Petrol,Hatchback,33730,Manual,1st Owner,Datsun,2021,466000,Third Party,21.7
Hyderabad,Petrol,Hatchback,51113,Manual,1st Owner,Renault,2020,457000,Comprehensive,23.01
Hyderabad,Diesel,Hatchback,40000,Manual,2nd Owner,Volkswagen,2013,350000,Third Party,22.07
Hyderabad,Petrol,Hatchback,40000,Manual,1st Owner,Maruti,2009,290000,Third Party,18.9
Hyderabad,Diesel,SUV,60000,Automatic,1st Owner,BMW,2020,3800000,Third Party,20.68
Hyderabad,Petrol,Hatchback,64500,Manual,1st Owner,Maruti,2014,375000,Comprehensive,21.79
Hyderabad,Petrol,Hatchback,40000,Manual,1st Owner,Maruti,2020,600000,Third Party,21.79
Hyderabad,Diesel,SUV,80000,Manual,1st Owner,Jeep,2018,1400000,Third Party,17.1
Hyderabad,Diesel,SUV,50000,Manual,1st Owner,Jeep,2019,1900000,Third Party,16.3
Hyderabad,Petrol,Hatchback,40000,Manual,1st Owner,Hyundai,2020,740000,Third Party,20
Hyderabad,Petrol,Sedan,39886,Automatic,2nd Owner,Hyundai,2020,766000,Third Party,20.1
Hyderabad,Diesel,SUV,107588,Manual,1st Owner,Renault,2014,440000,Third Party,20.45
Hyderabad,Petrol,Hatchback,36621,Manual,1st Owner,Hyundai,2017,519000,Third Party,18.9
Hyderabad,Diesel,SUV,80000,Manual,1st Owner,MG,2020,1600000,Third Party,16.65
Hyderabad,Petrol,Hatchback,18900,Manual,1st Owner,Maruti,2022,525000,Third Party,24.76
Hyderabad,Diesel,SUV,70754,Manual,1st Owner,Kia,2019,1108000,Zero Dep,20.8
Hyderabad,Petrol,Hatchback,59832,Manual,1st Owner,Maruti,2020,420000,Third Party,21.7
Hyderabad,Petrol,Sedan,60068,Manual,2nd Owner,Maruti,2017,605000,Third Party,21.21
Hyderabad,Petrol,Hatchback,41261,Manual,1st Owner,Maruti,2018,326000,Comprehensive,22.05
Hyderabad,Petrol,SUV,32209,Manual,1st Owner,Ford,2020,950000,Third Party,17
Hyderabad,Petrol,Hatchback,75747,Manual,1st Owner,Honda,2018,639000,Comprehensive,18.7
Hyderabad,Petrol,Hatchback,49241,Manual,2nd Owner,Hyundai,2018,712000,Third Party,18.6
Hyderabad,Diesel,SUV,100000,Automatic,2nd Owner,Mercedes-Benz,2018,3000000,Third Party,17.9
Hyderabad,Diesel,SUV,119422,Automatic,1st Owner,Ford,2016,2250000,Third Party,10.91
Hyderabad,Petrol,Hatchback,33488,Manual,1st Owner,Maruti,2021,670000,Third Party,22.38
Hyderabad,Petrol,SUV,30000,Manual,1st Owner,Mahindra,2021,1650000,Third Party,15.2
Hyderabad,Petrol,Hatchback,21000,Manual,1st Owner,Tata,2022,875000,Third Party,19.33
Hyderabad,Diesel,SUV,56545,Manual,1st Owner,Jeep,2018,1600000,Third Party,17.1
Hyderabad,Petrol,Hatchback,64000,Manual,1st Owner,Volkswagen,2017,675000,Third Party,18.78
Hyderabad,Petrol,Sedan,71413,Manual,2nd Owner,Volkswagen,2018,533000,Third Party,19.44
Hyderabad,Petrol,Hatchback,31920,Manual,2nd Owner,Renault,2020,487000,Third Party,22.3
Hyderabad,Diesel,SUV,46000,Automatic,1st Owner,BMW,2019,3390000,Comprehensive,20.68
Hyderabad,Petrol,Hatchback,9939,Manual,2nd Owner,Maruti,2022,526000,Comprehensive,21.7
Hyderabad,Petrol,Hatchback,7156,Manual,1st Owner,Maruti,2022,926000,Third Party,21.01
Hyderabad,Petrol,Sedan,20608,Manual,1st Owner,Toyota,2018,850000,Comprehensive,17.1
Hyderabad,Petrol,Sedan,92000,Manual,2nd Owner,Maruti,2019,725000,Comprehensive,22
Hyderabad,Petrol,Hatchback,67553,Automatic,2nd Owner,Maruti,2018,501000,Comprehensive,23.1
Hyderabad,Petrol,Sedan,95286,Manual,1st Owner,Maruti,2017,577000,Third Party,20.85
Hyderabad,Diesel,SUV,66000,Manual,1st Owner,Mahindra,2015,895000,Comprehensive,16
Hyderabad,Petrol,Hatchback,35929,Manual,1st Owner,Hyundai,2019,521000,Zero Dep,18.9
Hyderabad,Petrol,SUV,136035,Manual,1st Owner,Honda,2016,650000,Comprehensive,15.4
Hyderabad,Diesel,MUV,93997,Manual,1st Owner,Maruti,2013,670000,Third Party,20.77
Hyderabad,Petrol,Sedan,60000,Manual,1st Owner,Skoda,2018,775000,Third Party,15.41
Hyderabad,Diesel,SUV,52220,Manual,1st Owner,Maruti,2019,980000,Comprehensive,24.3
Hyderabad,Petrol,Sedan,61659,Manual,2nd Owner,Maruti,2019,830000,Third Party,21.56
Hyderabad,Petrol,Sedan,65000,Manual,1st Owner,Maruti,2020,750000,Third Party,22.41
Hyderabad,Diesel,Hatchback,120000,Manual,1st Owner,Mahindra,2018,450000,Third Party,25.32
Hyderabad,Diesel,Hatchback,110000,Manual,2nd Owner,Maruti,2017,600000,Third Party,25.2
Hyderabad,Petrol,Hatchback,78969,Manual,1st Owner,Maruti,2017,302000,Third Party,22.05
Hyderabad,Petrol,Hatchback,38939,Manual,2nd Owner,Hyundai,2021,736000,Third Party,20.7
Hyderabad,Petrol,Hatchback,88637,Manual,1st Owner,Maruti,2019,480000,Comprehensive,20.89
Hyderabad,Petrol,Hatchback,19070,Manual,1st Owner,Hyundai,2021,967000,Third Party,20
Hyderabad,Petrol,Hatchback,68556,Manual,1st Owner,Maruti,2020,432000,Zero Dep,21.7
Hyderabad,Petrol,Hatchback,44356,Manual,1st Owner,Ford,2019,600000,Third Party,20.4
Hyderabad,Petrol,Sedan,73143,Manual,1st Owner,Maruti,2016,610000,Third Party,22.41
Hyderabad,Diesel,SUV,146769,Automatic,1st Owner,Volvo,2012,1250000,Third Party,14.7
Hyderabad,Petrol,Hatchback,67527,Manual,1st Owner,Datsun,2018,337000,Third Party,19.02
Hyderabad,Petrol,Hatchback,79467,Automatic,1st Owner,Hyundai,2019,527000,Comprehensive,20.3
Hyderabad,Diesel,Sedan,103174,Automatic,1st Owner,BMW,2014,1750000,Third Party,18.12
Hyderabad,Petrol,Hatchback,103046,Manual,3rd Owner,Volkswagen,2017,549000,Third Party,16.2
Hyderabad,Petrol,Hatchback,85110,Manual,2nd Owner,Fiat,2017,270000,Third Party,15.8
Hyderabad,Diesel,Sedan,114000,Manual,1st Owner,Tata,2011,285000,Third Party,19
Hyderabad,Diesel,SUV,70000,Manual,1st Owner,Renault,2017,975000,Third Party,20.37
Hyderabad,Diesel,Hatchback,72000,Manual,1st Owner,Hyundai,2018,725000,Third Party,22.54
Hyderabad,Petrol,SUV,20000,Manual,1st Owner,Hyundai,2023,955000,Third Party,11.97
Hyderabad,Diesel,MUV,32000,Automatic,1st Owner,Kia,2022,1850000,Third Party,14.93
Hyderabad,Petrol,SUV,20000,Manual,1st Owner,Hyundai,2023,1010000,Third Party,13.97
Hyderabad,Petrol,SUV,22500,Automatic,1st Owner,Kia,2021,1750000,Third Party,16.8
Hyderabad,Petrol,Hatchback,54708,Manual,1st Owner,Hyundai,2016,621000,Comprehensive,18.6
Hyderabad,Petrol,Hatchback,78031,Manual,1st Owner,Maruti,2017,633000,Comprehensive,21.4
Hyderabad,Diesel,Sedan,32000,Automatic,1st Owner,BMW,2022,6900000,Comprehensive,20.37
Hyderabad,Petrol,Hatchback,24337,Manual,2nd Owner,Hyundai,2019,515000,Zero Dep,18.9
Hyderabad,Petrol,Hatchback,82243,Manual,1st Owner,Maruti,2019,679000,Third Party,21.4
Hyderabad,Petrol,SUV,20000,Manual,1st Owner,Hyundai,2022,1388000,Third Party,14.97
Hyderabad,Petrol,Hatchback,104701,Automatic,2nd Owner,Maruti,2017,609000,Comprehensive,20.89
Hyderabad,Petrol,SUV,54000,Manual,2nd Owner,Toyota,2021,1000000,Comprehensive,17.03
Hyderabad,Petrol,Hatchback,118937,Manual,1st Owner,Maruti,2021,590000,Third Party,22.38
Hyderabad,Diesel,Hatchback,105133,Manual,1st Owner,Maruti,2017,570000,Third Party,25.2
Hyderabad,Petrol,SUV,10000,Automatic,1st Owner,MG,2023,2650000,Third Party,12.34
Hyderabad,Petrol,Sedan,36290,Automatic,1st Owner,Maruti,2018,679000,Third Party,21.21
Hyderabad,Petrol,SUV,10000,Manual,1st Owner,Mahindra,2023,1800000,Third Party,19.97
Hyderabad,Petrol,Hatchback,29084,Manual,1st Owner,Hyundai,2018,640000,Third Party,18.6
Hyderabad,Petrol,Hatchback,66911,Manual,1st Owner,Maruti,2020,475000,Third Party,21.63
Hyderabad,Petrol,Sedan,110000,Automatic,1st Owner,Honda,2011,430000,Third Party,16.8
Hyderabad,Petrol,SUV,7033,Manual,1st Owner,Maruti,2022,1700000,Comprehensive,21.11
Hyderabad,Petrol,SUV,40000,Manual,1st Owner,Volkswagen,2021,1950000,Third Party,17.88
Hyderabad,Diesel,SUV,80000,Manual,2nd Owner,Mahindra,2014,700000,Third Party,15.1
Hyderabad,Petrol,Hatchback,22000,Automatic,1st Owner,Hyundai,2018,675000,Third Party,18.9
Hyderabad,Petrol,Hatchback,70200,Manual,1st Owner,Datsun,2018,430000,Third Party,19.02
Hyderabad,Petrol,Hatchback,60004,Manual,1st Owner,Renault,2019,420000,Third Party,23.01
Hyderabad,Petrol,Hatchback,60000,Manual,1st Owner,Maruti,2020,580000,Third Party,20.52
Hyderabad,Petrol,Hatchback,57078,Manual,2nd Owner,Hyundai,2013,334000,Third Party,19.81
Hyderabad,Petrol,Hatchback,63789,Manual,1st Owner,Maruti,2014,402000,Comprehensive,18.5
Hyderabad,Diesel,Hatchback,120000,Manual,1st Owner,Chevrolet,2016,240000,Third Party,25.44
Hyderabad,Diesel,Sedan,118207,Automatic,2nd Owner,Maruti,2018,734000,Zero Dep,28.09
Hyderabad,Petrol,Sedan,53000,Manual,1st Owner,Honda,2017,795000,Comprehensive,17.4
Hyderabad,Petrol,Hatchback,105224,Manual,2nd Owner,Maruti,2016,570000,Comprehensive,21.4
Hyderabad,Petrol,Hatchback,20837,Manual,2nd Owner,Hyundai,2021,551000,Zero Dep,20.3
Hyderabad,Petrol,Hatchback,100000,Manual,2nd Owner,Hyundai,2010,280000,Third Party,18.5
Hyderabad,Petrol,Hatchback,24021,Manual,1st Owner,Datsun,2021,463000,Third Party,20.71
Hyderabad,Petrol,Sedan,61000,Manual,1st Owner,Maruti,2016,625000,Third Party,20.73
Hyderabad,Diesel,Sedan,120000,Automatic,2nd Owner,Volvo,2013,800000,Third Party,9
Hyderabad,Petrol,Sedan,64000,Manual,2nd Owner,Ford,2008,200000,Third Party,15.3
Hyderabad,Petrol,Hatchback,120000,Manual,1st Owner,Maruti,2011,170000,Third Party,19.7
Hyderabad,Petrol,SUV,30000,Manual,1st Owner,Volkswagen,2022,1950000,Third Party,17.88
Hyderabad,Petrol,Hatchback,49000,Manual,1st Owner,Maruti,2018,325000,Third Party,22.05
Hyderabad,Diesel,MUV,115000,Manual,1st Owner,Mahindra,2018,750000,Third Party,17.3
Hyderabad,Petrol,Hatchback,50000,Manual,1st Owner,Maruti,2016,275000,Third Party,24.7
Hyderabad,Petrol,Hatchback,18569,Manual,1st Owner,Datsun,2021,447000,Third Party,21.7
Hyderabad,Diesel,Hatchback,98455,Manual,1st Owner,Hyundai,2018,578000,Third Party,24
Hyderabad,Diesel,Sedan,85000,Automatic,1st Owner,Skoda,2015,600000,Third Party,21.66
Hyderabad,Petrol,Sedan,97921,Manual,1st Owner,Volkswagen,2016,524000,Third Party,17
Hyderabad,Petrol,Hatchback,19205,Manual,2nd Owner,Datsun,2020,402000,Third Party,21.7
Hyderabad,Diesel,Hatchback,122000,Manual,2nd Owner,Maruti,2019,667000,Third Party,28.4
Hyderabad,Petrol,Hatchback,97644,Manual,1st Owner,Maruti,2018,552000,Zero Dep,20.89
Hyderabad,Petrol,Hatchback,82000,Manual,1st Owner,Hyundai,2010,265000,Third Party,20.36
Hyderabad,Diesel,Hatchback,70607,Manual,2nd Owner,Maruti,2013,443000,Comprehensive,22.9
Hyderabad,Petrol,Sedan,71144,Automatic,1st Owner,Hyundai,2016,721000,Third Party,17.01
Hyderabad,Petrol,Sedan,2373,Automatic,1st Owner,Hyundai,2022,1550000,Comprehensive,18.45
Hyderabad,Petrol,Hatchback,56753,Automatic,1st Owner,Hyundai,2021,1092000,Zero Dep,20.28
Hyderabad,Diesel,SUV,72000,Manual,1st Owner,Maruti,2018,890000,Third Party,24.3
Hyderabad,Petrol,Hatchback,64487,Manual,2nd Owner,Maruti,2018,550000,Third Party,21.4
Hyderabad,Petrol,Hatchback,95783,Manual,1st Owner,Maruti,2017,609000,Third Party,21.4
Hyderabad,Diesel,MUV,60000,Automatic,2nd Owner,Tata,2019,1450000,Third Party,17.6
Hyderabad,Petrol,MUV,59108,Manual,1st Owner,Maruti,2021,1100000,Comprehensive,19.01
Hyderabad,Diesel,Sedan,50000,Automatic,2nd Owner,Mercedes-Benz,2019,3800000,Third Party,12.6
Hyderabad,Petrol,SUV,31500,Manual,2nd Owner,Nissan,2020,1199000,Comprehensive,14.23
Hyderabad,Diesel,SUV,128193,Manual,1st Owner,Mahindra,2015,845000,Comprehensive,15.1
Hyderabad,Diesel,Sedan,87810,Manual,1st Owner,Hyundai,2018,1013000,Zero Dep,22
Hyderabad,Petrol,SUV,64951,Manual,2nd Owner,Hyundai,2017,1008000,Comprehensive,13
Hyderabad,Petrol,Hatchback,50000,Manual,2nd Owner,Hyundai,2012,260000,Third Party,17.92
Hyderabad,Diesel,SUV,97161,Manual,1st Owner,Hyundai,2017,1124000,Third Party,19.67
Hyderabad,Petrol,Sedan,67805,Manual,1st Owner,Volkswagen,2017,609000,Zero Dep,17
Hyderabad,Diesel,SUV,158000,Automatic,2nd Owner,Audi,2014,1450000,Third Party,15.73
Hyderabad,Petrol,Hatchback,70435,Manual,2nd Owner,Maruti,2014,272000,Third Party,24.39
Hyderabad,Diesel,SUV,49287,Manual,1st Owner,MG,2020,1500000,Comprehensive,17.41
Hyderabad,Petrol,Hatchback,84759,Automatic,2nd Owner,Hyundai,2018,522000,Comprehensive,20.3
Hyderabad,Petrol,Hatchback,74538,Manual,2nd Owner,Maruti,2017,623000,Comprehensive,21.4
Hyderabad,Diesel,SUV,53000,Manual,1st Owner,Mahindra,2010,585000,Third Party,12.05
Hyderabad,Petrol,Hatchback,79024,Manual,2nd Owner,Maruti,2017,298000,Third Party,22.05
Hyderabad,Diesel,Hatchback,80000,Manual,1st Owner,Maruti,2016,400000,Third Party,27.62
Hyderabad,Diesel,Sedan,56000,Automatic,1st Owner,Mercedes-Benz,2019,4980000,Third Party,16.1
Hyderabad,Diesel,SUV,62125,Manual,1st Owner,Hyundai,2018,1080000,Comprehensive,19.67
Hyderabad,Diesel,Hatchback,95596,Manual,1st Owner,Toyota,2014,520000,Comprehensive,23.59
Hyderabad,Petrol,Hatchback,18500,Manual,1st Owner,Hyundai,2019,680000,Comprehensive,18.9
Hyderabad,Diesel,Hatchback,144000,Manual,2nd Owner,Maruti,2016,500000,Third Party,28.4
Hyderabad,Petrol,Sedan,55200,Manual,1st Owner,Honda,2021,1199000,Third Party,18.6
Hyderabad,Diesel,Hatchback,188058,Manual,1st Owner,Hyundai,2016,498000,Third Party,22.54
Hyderabad,Petrol,Hatchback,71779,Manual,1st Owner,Hyundai,2016,633000,Third Party,18.6
Hyderabad,Petrol,Sedan,101176,Manual,3rd Owner,Honda,2015,562000,Third Party,17.4
Hyderabad,Diesel,Hatchback,75000,Manual,1st Owner,Maruti,2016,475000,Third Party,27.62
Hyderabad,Petrol,Hatchback,66676,Manual,1st Owner,Honda,2017,601000,Comprehensive,18.7
Hyderabad,Petrol,Hatchback,2236,Manual,1st Owner,Maruti,2018,352000,Third Party,22.05
Hyderabad,Diesel,SUV,62000,Automatic,1st Owner,Mahindra,2019,2395000,Third Party,12.05
Hyderabad,Petrol,Hatchback,74754,Manual,2nd Owner,Hyundai,2012,300000,Third Party,19.81
Hyderabad,Petrol,Hatchback,66244,Manual,1st Owner,Maruti,2018,720000,Third Party,21.01
Hyderabad,Petrol,Hatchback,17341,Manual,1st Owner,Renault,2022,541000,Third Party,21.46
Hyderabad,Petrol,Hatchback,44675,Manual,1st Owner,Hyundai,2018,514000,Third Party,18.9
Hyderabad,Diesel,SUV,70000,Manual,3rd Owner,Mahindra,2001,395000,Comprehensive,21.12
Hyderabad,Petrol,Hatchback,30829,Manual,1st Owner,Maruti,2022,780000,Comprehensive,22.35
Hyderabad,Petrol,Sedan,100000,Manual,2nd Owner,Tata,2015,400000,Third Party,17.6
Hyderabad,Diesel,Sedan,53800,Manual,1st Owner,Maruti,2019,995000,Third Party,26.82
Hyderabad,Diesel,SUV,122000,Manual,1st Owner,Hyundai,2017,940000,Third Party,22.1
Hyderabad,Diesel,SUV,107220,Manual,1st Owner,Mahindra,2017,1490000,Third Party,16
Hyderabad,Diesel,Sedan,129000,Manual,1st Owner,Honda,2015,580000,Third Party,26
Hyderabad,Diesel,SUV,60000,Automatic,1st Owner,Mercedes-Benz,2017,6695000,Third Party,11
Hyderabad,Petrol,Hatchback,83829,Manual,1st Owner,Datsun,2018,375000,Third Party,22.5
Hyderabad,Diesel,SUV,70000,Automatic,1st Owner,Audi,2017,3000000,Third Party,14.16
Hyderabad,Petrol,Hatchback,52996,Manual,2nd Owner,Honda,2013,314000,Third Party,19.4
Hyderabad,Petrol,Hatchback,16105,Automatic,2nd Owner,Renault,2021,556000,Third Party,22
Hyderabad,Diesel,Sedan,151901,Manual,1st Owner,Mercedes-Benz,2016,2850000,Third Party,15.8
Hyderabad,Petrol,Hatchback,15680,Manual,1st Owner,Maruti,2021,787000,Zero Dep,21.01
Hyderabad,Petrol,Hatchback,55065,Automatic,1st Owner,Maruti,2019,595000,Third Party,22.56
Hyderabad,Diesel,Hatchback,120000,Manual,2nd Owner,Toyota,2016,400000,Third Party,23.59
Hyderabad,Petrol,Hatchback,15518,Automatic,2nd Owner,Tata,2021,771000,Third Party,19
Hyderabad,Diesel,Sedan,39907,Automatic,1st Owner,Honda,2018,790000,Third Party,21
Hyderabad,Petrol,Hatchback,45560,Manual,1st Owner,Hyundai,2017,655000,Zero Dep,18.6
Hyderabad,Petrol,Hatchback,42096,Manual,1st Owner,Hyundai,2012,336000,Third Party,20.36
Hyderabad,Diesel,Sedan,70500,Automatic,2nd Owner,Mercedes-Benz,2015,1775000,Third Party,17.9
Hyderabad,Petrol,Sedan,63886,Manual,1st Owner,Honda,2018,832000,Third Party,17.4
Hyderabad,Diesel,MUV,95600,Manual,1st Owner,Tata,2017,1025000,Third Party,17.6
Hyderabad,Diesel,Sedan,101000,Automatic,1st Owner,Mercedes-Benz,2013,1995000,Third Party,13
Hyderabad,Diesel,Sedan,61000,Automatic,1st Owner,Mercedes-Benz,2015,2650000,Third Party,13
Hyderabad,Diesel,SUV,95000,Automatic,1st Owner,BMW,2016,2450000,Third Party,17.05
Hyderabad,Diesel,SUV,97000,Automatic,1st Owner,Audi,2017,2550000,Third Party,15.73
Hyderabad,Diesel,Hatchback,61000,Manual,1st Owner,Maruti,2016,595000,Third Party,25.2
Hyderabad,Petrol,Hatchback,18000,Automatic,1st Owner,Hyundai,2017,625000,Third Party,18.9
Hyderabad,Petrol,Hatchback,63000,Automatic,1st Owner,Hyundai,2016,599000,Third Party,18.9
Hyderabad,Petrol,Hatchback,52617,Manual,2nd Owner,Maruti,2018,615000,Third Party,21.4
Hyderabad,Petrol,Hatchback,51865,Manual,1st Owner,Maruti,2019,514000,Third Party,25.24
Hyderabad,Diesel,SUV,93000,Manual,1st Owner,Audi,2017,2375000,Third Party,17.32
Hyderabad,Petrol,Hatchback,110410,Manual,1st Owner,Maruti,2015,458000,Comprehensive,22.38
Hyderabad,Petrol,Sedan,55846,Automatic,1st Owner,Maruti,2017,700000,Third Party,19.12
Hyderabad,Petrol,Hatchback,47000,Manual,1st Owner,Renault,2020,515000,Third Party,21.46
Hyderabad,Petrol,SUV,39914,Manual,1st Owner,Ford,2018,822000,Third Party,17
Hyderabad,Petrol,Hatchback,73000,Manual,1st Owner,Hyundai,2010,265000,Third Party,17.92
Hyderabad,Petrol,Hatchback,88048,Manual,1st Owner,Hyundai,2016,579000,Third Party,18.6
Hyderabad,Petrol,Hatchback,92278,Manual,2nd Owner,Hyundai,2013,318000,Third Party,20.36
Hyderabad,Diesel,SUV,260000,Manual,1st Owner,Toyota,2003,435000,Third Party,24.46
Hyderabad,Petrol,Sedan,92960,Manual,1st Owner,Honda,2016,643000,Comprehensive,17.8
Hyderabad,Petrol,Hatchback,63000,Manual,1st Owner,Tata,2020,750000,Third Party,19.33
Hyderabad,Petrol,SUV,20000,Automatic,1st Owner,Renault,2021,825000,Third Party,19.03
Hyderabad,Petrol,SUV,7000,Automatic,1st Owner,Jeep,2022,2675000,Comprehensive,14.1
Hyderabad,Petrol,Hatchback,4600,Automatic,1st Owner,Maruti,2022,610000,Comprehensive,25.3
Hyderabad,Petrol,Sedan,22800,Manual,1st Owner,Honda,2021,1090000,Comprehensive,17.4
Hyderabad,Diesel,Sedan,150000,Manual,1st Owner,Ford,2006,100000,Third Party,17.8
Hyderabad,Petrol,Sedan,10000,Manual,1st Owner,Maruti,2020,625000,Third Party,19.95
Hyderabad,Petrol,Hatchback,70000,Manual,2nd Owner,Ford,2010,185000,Third Party,15.6
Hyderabad,Petrol,Hatchback,44790,Manual,1st Owner,Maruti,2020,357000,Third Party,22.05
Hyderabad,Petrol,Hatchback,14213,Manual,1st Owner,Maruti,2022,547000,Third Party,21.7
Hyderabad,Diesel,SUV,102000,Manual,2nd Owner,Maruti,2018,800000,Comprehensive,24.3
Hyderabad,Petrol,Hatchback,40724,Manual,3rd Owner,Hyundai,2012,311000,Third Party,20.36
Hyderabad,Petrol,Hatchback,55724,Manual,2nd Owner,Maruti,2017,570000,Third Party,21.4
Hyderabad,Petrol,Sedan,100000,Manual,1st Owner,Maruti,2010,300000,Third Party,17.5
Hyderabad,Petrol,Hatchback,85396,Manual,1st Owner,Maruti,2017,332000,Third Party,22.05
Hyderabad,Petrol,Hatchback,50000,Manual,2nd Owner,Maruti,2016,510000,Third Party,21.4
Hyderabad,Petrol,Hatchback,27136,Manual,1st Owner,Maruti,2016,325000,Comprehensive,24.7
Hyderabad,Petrol,Hatchback,44591,Manual,1st Owner,Ford,2019,644000,Zero Dep,19
Hyderabad,Petrol,Coupe,6000,Automatic,1st Owner,Mercedes-Benz,2021,8200000,Third Party,11.9
Hyderabad,Petrol,Hatchback,20034,Manual,1st Owner,Maruti,2018,528000,Comprehensive,20.89
Hyderabad,Petrol,Hatchback,50000,Manual,2nd Owner,Hyundai,2012,260000,Third Party,17.92
Hyderabad,Petrol,MUV,47529,Manual,1st Owner,Kia,2022,1150000,Comprehensive,14.97
Hyderabad,Petrol,Hatchback,46739,Automatic,1st Owner,Maruti,2017,740000,Comprehensive,19.56
Hyderabad,Diesel,Sedan,150000,Manual,2nd Owner,Hyundai,2012,410000,Third Party,22.32
Hyderabad,Petrol,Hatchback,62000,Automatic,1st Owner,Maruti,2019,599000,Third Party,21.63
Hyderabad,Petrol,MUV,45000,Manual,1st Owner,Maruti,2021,1125000,Third Party,19.01
Hyderabad,Petrol,Sedan,36000,Automatic,1st Owner,Honda,2020,1299000,Third Party,18.3
Hyderabad,Petrol,Sedan,40000,Manual,1st Owner,Honda,2019,1050000,Third Party,17.14
Hyderabad,Petrol,Hatchback,15850,Manual,1st Owner,Datsun,2020,416000,Comprehensive,22.5
Hyderabad,Petrol,Sedan,62535,Automatic,1st Owner,Maruti,2017,642000,Third Party,21.21
Hyderabad,Diesel,SUV,94600,Manual,1st Owner,Maruti,2018,849000,Comprehensive,24.3
Hyderabad,Petrol,Sedan,80375,Manual,2nd Owner,Maruti,2013,434000,Third Party,22.41
Hyderabad,Petrol,Hatchback,97935,Manual,3rd Owner,Honda,2012,276000,Comprehensive,19.4
Hyderabad,Petrol,Hatchback,38300,Manual,1st Owner,Hyundai,2019,710000,Comprehensive,18.6
Hyderabad,Petrol,Hatchback,81917,Manual,1st Owner,Maruti,2017,580000,Zero Dep,21.4
Hyderabad,Petrol,Hatchback,69000,Manual,1st Owner,Maruti,2016,575000,Comprehensive,21.4
Hyderabad,Petrol,Hatchback,43566,Manual,2nd Owner,Hyundai,2016,498000,Comprehensive,18.9
Hyderabad,Petrol,Hatchback,94201,Manual,2nd Owner,Hyundai,2015,533000,Third Party,18.6
Hyderabad,Petrol,Hatchback,50000,Automatic,1st Owner,Maruti,2017,699000,Third Party,21.4
Hyderabad,Petrol,Hatchback,40689,Manual,1st Owner,Tata,2019,520000,Zero Dep,23.84
Hyderabad,Petrol,Sedan,35849,Manual,1st Owner,Honda,2018,720000,Comprehensive,19.5
Hyderabad,Diesel,SUV,15833,Manual,1st Owner,MG,2021,1800000,Zero Dep,17.41
Hyderabad,Diesel,Sedan,90000,Manual,2nd Owner,Skoda,2011,380000,Third Party,20
Hyderabad,Petrol,Hatchback,62000,Manual,1st Owner,Hyundai,2019,749000,Third Party,18.6
Hyderabad,Petrol,Hatchback,40000,Manual,3rd Owner,Maruti,2017,330000,Third Party,23.95
Hyderabad,Diesel,SUV,20000,Automatic,1st Owner,Tata,2021,2195000,Comprehensive,14.08
Hyderabad,Petrol,Hatchback,10000,Manual,1st Owner,Tata,2022,700000,Third Party,20.09
Hyderabad,Petrol,Hatchback,69552,Manual,1st Owner,Hyundai,2016,645000,Third Party,18.6
Hyderabad,Petrol,Hatchback,97610,Automatic,1st Owner,Renault,2018,391000,Third Party,24.04
Hyderabad,Petrol,Sedan,74914,Automatic,2nd Owner,Honda,2012,509000,Third Party,16.8
Hyderabad,Diesel,SUV,41000,Automatic,1st Owner,Tata,2022,2275000,Third Party,14.6
Hyderabad,Petrol,Hatchback,101887,Manual,2nd Owner,Hyundai,2015,516000,Comprehensive,18.6
Hyderabad,Petrol,Hatchback,42217,Manual,2nd Owner,Maruti,2012,312000,Comprehensive,18.9
Hyderabad,Petrol,SUV,63000,Automatic,1st Owner,Jeep,2019,1975000,Third Party,16
Hyderabad,Petrol,Hatchback,80315,Automatic,2nd Owner,Maruti,2016,434000,Third Party,26.68
Hyderabad,Petrol,Hatchback,55000,Manual,1st Owner,Maruti,2013,375000,Third Party,18.9
Hyderabad,Petrol,Hatchback,64447,Manual,1st Owner,Datsun,2019,432000,Third Party,19.83
Hyderabad,Petrol,Hatchback,76947,Automatic,1st Owner,Hyundai,2019,688000,Third Party,20.7
Hyderabad,Petrol,Hatchback,23110,Manual,1st Owner,Datsun,2018,350000,Third Party,22.7
Hyderabad,Petrol,Hatchback,40235,Manual,2nd Owner,Hyundai,2018,496000,Third Party,18.9
Hyderabad,Petrol,Hatchback,48992,Manual,1st Owner,Maruti,2017,630000,Third Party,22
Hyderabad,Petrol,Hatchback,21000,Automatic,1st Owner,Hyundai,2019,685000,Third Party,18.9
Hyderabad,Diesel,SUV,30465,Automatic,1st Owner,Citroen,2021,3200000,Comprehensive,18.6
Hyderabad,Cng,Hatchback,50000,Manual,1st Owner,Maruti,2022,630000,Third Party,35.6
Hyderabad,Petrol,MUV,90000,Manual,2nd Owner,Honda,2015,550000,Third Party,17.3
Hyderabad,Diesel,MUV,136083,Manual,1st Owner,Honda,2014,520000,Comprehensive,24.2
Hyderabad,Petrol,Sedan,90000,Manual,2nd Owner,Honda,2007,250000,Third Party,17.7
Hyderabad,Diesel,SUV,100000,Manual,1st Owner,Maruti,2019,1000000,Third Party,24.3
Hyderabad,Petrol,Hatchback,39817,Manual,2nd Owner,Maruti,2018,496000,Zero Dep,20.89
Hyderabad,Diesel,Sedan,54063,Manual,1st Owner,Maruti,2017,788000,Third Party,28.09
Hyderabad,Petrol,Hatchback,37000,Manual,1st Owner,Hyundai,2021,995000,Comprehensive,20
Hyderabad,Petrol,Hatchback,67372,Manual,1st Owner,Hyundai,2013,416000,Third Party,18.9
Hyderabad,Petrol,Hatchback,76685,Manual,1st Owner,Maruti,2019,344000,Third Party,24.7
Hyderabad,Diesel,Hatchback,115595,Manual,1st Owner,Maruti,2014,450000,Comprehensive,22.9
Hyderabad,Petrol,Hatchback,89956,Manual,2nd Owner,Volkswagen,2019,523000,Third Party,17.74
Hyderabad,Diesel,Sedan,120000,Manual,2nd Owner,Maruti,2011,340000,Third Party,19.3
Hyderabad,Petrol,Hatchback,87189,Manual,1st Owner,Hyundai,2019,520000,Third Party,18.9
Hyderabad,Petrol,Hatchback,42662,Manual,1st Owner,Maruti,2019,628000,Comprehensive,22.38
Hyderabad,Diesel,Hatchback,69000,Manual,1st Owner,Maruti,2014,525000,Third Party,25.2
Hyderabad,Petrol,Hatchback,63002,Automatic,1st Owner,Hyundai,2019,514000,Third Party,20.3
Hyderabad,Diesel,Sedan,120000,Automatic,1st Owner,Volkswagen,2018,1700000,Third Party,17.42
Hyderabad,Petrol,Sedan,108000,Manual,1st Owner,Hyundai,2008,290000,Third Party,13.9
Hyderabad,Diesel,MUV,110000,Manual,2nd Owner,Mahindra,2020,950000,Third Party,17.3
Hyderabad,Petrol,Sedan,40022,Manual,2nd Owner,Hyundai,2018,900000,Third Party,17
Hyderabad,Diesel,Hatchback,81000,Manual,1st Owner,Maruti,2019,750000,Third Party,27.39
Hyderabad,Diesel,Sedan,70000,Manual,1st Owner,Tata,2011,300000,Third Party,21.12
Hyderabad,Diesel,SUV,46000,Manual,1st Owner,Mahindra,2019,980000,Third Party,18.49
Hyderabad,Petrol,Hatchback,45911,Automatic,1st Owner,Maruti,2018,675000,Third Party,22.56
Hyderabad,Petrol,Sedan,87335,Manual,1st Owner,Honda,2016,616000,Comprehensive,17.8
Hyderabad,Petrol,SUV,15600,Manual,3rd Owner,Maruti,2004,550000,Third Party,11.96
Hyderabad,Petrol,SUV,41108,Manual,2nd Owner,Ford,2018,814000,Comprehensive,17
Hyderabad,Petrol,Hatchback,35545,Manual,1st Owner,Maruti,2019,750000,Third Party,21.4
Hyderabad,Diesel,Sedan,120000,Manual,1st Owner,Hyundai,2017,450000,Third Party,24.4
Hyderabad,Petrol,Hatchback,54631,Manual,1st Owner,Hyundai,2016,498000,Comprehensive,18.9
Hyderabad,Diesel,Sedan,107000,Manual,1st Owner,Maruti,2015,650000,Third Party,26.21
Hyderabad,Petrol,Hatchback,38471,Manual,2nd Owner,Hyundai,2019,527000,Third Party,18.9
Hyderabad,Petrol,Hatchback,72393,Manual,2nd Owner,Maruti,2015,329000,Comprehensive,20.51
Hyderabad,Petrol,Hatchback,58000,Manual,1st Owner,Ford,2015,350000,Third Party,15.6
Hyderabad,Petrol,Hatchback,20266,Manual,1st Owner,Hyundai,2018,541000,Comprehensive,20.3
Hyderabad,Diesel,Hatchback,120000,Manual,3rd Owner,Hyundai,2012,340000,Third Party,21.9
Hyderabad,Petrol,Hatchback,90000,Manual,2nd Owner,Hyundai,2008,185000,Third Party,17.92
Hyderabad,Diesel,SUV,84910,Manual,1st Owner,Hyundai,2017,1125000,Third Party,19.67
Hyderabad,Petrol,Sedan,70000,Manual,1st Owner,Honda,2020,1000000,Third Party,17.4
Hyderabad,Diesel,Hatchback,120000,Manual,2nd Owner,Mahindra,2018,450000,Third Party,25.32
Hyderabad,Diesel,Sedan,120000,Manual,2nd Owner,Hyundai,2016,445000,Third Party,24.4
Hyderabad,Diesel,SUV,109000,Manual,1st Owner,Hyundai,2018,1195000,Comprehensive,19.67
Hyderabad,Petrol,Hatchback,44000,Manual,1st Owner,Maruti,2016,440000,Third Party,23.1
Hyderabad,Petrol,Hatchback,44363,Manual,1st Owner,Maruti,2019,503000,Zero Dep,21.63
Hyderabad,Petrol,Sedan,39461,Automatic,1st Owner,Maruti,2018,702000,Comprehensive,21.21
Hyderabad,Diesel,Sedan,120000,Automatic,2nd Owner,Mercedes-Benz,2012,1175000,Third Party,10
Hyderabad,Petrol,Hatchback,59126,Manual,1st Owner,Maruti,2018,690000,Comprehensive,21.4
Hyderabad,Petrol,Hatchback,65331,Manual,1st Owner,Hyundai,2018,520000,Third Party,18.9
Hyderabad,Petrol,Hatchback,45000,Manual,1st Owner,Maruti,2017,699000,Third Party,21.1
Hyderabad,Petrol,Hatchback,41378,Manual,2nd Owner,Maruti,2013,436000,Third Party,22.38
Hyderabad,Diesel,Sedan,120000,Manual,1st Owner,Tata,2013,250000,Third Party,21.02
Hyderabad,Petrol,Sedan,124781,Manual,1st Owner,Honda,2014,502000,Comprehensive,17.4
Hyderabad,Petrol,Hatchback,63313,Manual,1st Owner,Maruti,2016,510000,Third Party,22.38
Hyderabad,Diesel,Hatchback,62535,Manual,1st Owner,Maruti,2016,660000,Third Party,27.39
Hyderabad,Petrol,Hatchback,89581,Manual,1st Owner,Maruti,2017,599000,Third Party,21.4
Hyderabad,Diesel,Sedan,120000,Manual,2nd Owner,Ford,2011,250000,Third Party,19.68
Hyderabad,Diesel,Sedan,78866,Automatic,1st Owner,Jaguar,2017,3400000,Third Party,13.6
Hyderabad,Diesel,Sedan,120000,Automatic,2nd Owner,Volkswagen,2014,750000,Third Party,16.96
Hyderabad,Diesel,SUV,58000,Manual,1st Owner,Mahindra,2018,1595000,Third Party,15.1
Hyderabad,Petrol,Hatchback,90000,Manual,1st Owner,Maruti,2012,310000,Third Party,21.79
Hyderabad,Petrol,Hatchback,59000,Manual,1st Owner,Maruti,2017,675000,Zero Dep,21.1
Hyderabad,Diesel,Sedan,66000,Automatic,1st Owner,Jaguar,2013,3500000,Third Party,10.5
Hyderabad,Diesel,SUV,100000,Automatic,3rd Owner,Mercedes-Benz,2011,1200000,Third Party,29.87
Hyderabad,Petrol,Hatchback,99003,Manual,1st Owner,Maruti,2019,392000,Comprehensive,21.7
Hyderabad,Petrol,Hatchback,76003,Manual,1st Owner,Maruti,2019,401000,Third Party,21.7
Hyderabad,Diesel,SUV,70000,Automatic,1st Owner,Audi,2017,4200000,Third Party,14.16
Hyderabad,Petrol,Hatchback,101863,Manual,3rd Owner,Maruti,2017,581000,Third Party,21.4
Hyderabad,Diesel,Sedan,107344,Automatic,1st Owner,Volkswagen,2018,909000,Comprehensive,22.15
Hyderabad,Diesel,SUV,100000,Automatic,3rd Owner,Mercedes-Benz,2011,2400000,Third Party,29.87
Hyderabad,Petrol,Hatchback,56129,Manual,1st Owner,Hyundai,2018,543000,Third Party,18.9
Hyderabad,Diesel,MUV,70599,Manual,1st Owner,Maruti,2019,1100000,Comprehensive,24.52
Hyderabad,Diesel,Sedan,97208,Automatic,1st Owner,Honda,2018,743000,Comprehensive,23.8
Hyderabad,Petrol,Sedan,53509,Manual,2nd Owner,Skoda,2020,997000,Third Party,18.97
Hyderabad,Diesel,SUV,52000,Manual,1st Owner,Jeep,2017,1599000,Third Party,17.1
Hyderabad,Petrol,Hatchback,97621,Manual,1st Owner,Hyundai,2021,811000,Third Party,21
Hyderabad,Petrol,Hatchback,113000,Manual,1st Owner,Hyundai,2009,250000,Third Party,19.81
Hyderabad,Diesel,MUV,152000,Manual,1st Owner,Toyota,2008,650000,Third Party,12.8
Hyderabad,Diesel,SUV,78000,Manual,1st Owner,Maruti,2018,975000,Third Party,25.1
Hyderabad,Diesel,Sedan,93000,Automatic,1st Owner,Audi,2011,1199000,Third Party,16.55
Hyderabad,Petrol,Sedan,48000,Manual,1st Owner,Mercedes-Benz,2001,999000,Zero Dep,13
Hyderabad,Diesel,MUV,55000,Manual,1st Owner,Chevrolet,2013,525000,Third Party,18.2
Hyderabad,Diesel,Sedan,131852,Manual,1st Owner,Maruti,2012,420000,Third Party,19.3
Hyderabad,Petrol,Hatchback,20000,Manual,1st Owner,Maruti,2021,600000,Third Party,21.21
Hyderabad,Diesel,SUV,44416,Manual,1st Owner,Renault,2019,996000,Third Party,19.6
Hyderabad,Petrol,Hatchback,69408,Manual,3rd Owner,Honda,2012,311000,Comprehensive,19.4
Hyderabad,Petrol,SUV,10000,Manual,1st Owner,Volkswagen,2022,1700000,Third Party,20.08
Hyderabad,Petrol,Hatchback,78911,Manual,2nd Owner,Maruti,2016,572000,Comprehensive,21.4
Hyderabad,Petrol,Hatchback,85298,Manual,1st Owner,Datsun,2017,307000,Zero Dep,19.02
Hyderabad,Petrol,Sedan,60529,Manual,1st Owner,Honda,2014,454000,Third Party,17.4
Hyderabad,Diesel,Sedan,115276,Manual,2nd Owner,Skoda,2017,775000,Comprehensive,21.13
Hyderabad,Diesel,SUV,60000,Automatic,1st Owner,Maruti,2019,850000,Third Party,24.3
Hyderabad,Petrol,SUV,30241,Manual,1st Owner,Renault,2020,907000,Third Party,16.42
Hyderabad,Petrol,Hatchback,24197,Manual,1st Owner,Hyundai,2019,509000,Comprehensive,20.3
Hyderabad,Petrol,SUV,20000,Automatic,1st Owner,Mercedes-Benz,2022,4800000,Third Party,13.32
Hyderabad,Petrol,Hatchback,44981,Manual,1st Owner,Hyundai,2021,940000,Third Party,20
Hyderabad,Diesel,Hatchback,85497,Manual,2nd Owner,Nissan,2011,227000,Comprehensive,23.08
Hyderabad,Petrol,SUV,20000,Automatic,1st Owner,Audi,2022,6200000,Third Party,13.47
Hyderabad,Petrol,Hatchback,30000,Manual,1st Owner,Maruti,2019,650000,Third Party,21.4
Hyderabad,Diesel,Hatchback,80000,Manual,1st Owner,Maruti,2017,580000,Third Party,28.4
Hyderabad,Petrol,Hatchback,41000,Automatic,1st Owner,Honda,2017,595000,Third Party,16.5
Hyderabad,Diesel,SUV,73000,Automatic,1st Owner,Hyundai,2017,1100000,Third Party,17.01
Hyderabad,Petrol,Sedan,40000,Manual,1st Owner,Maruti,2022,770000,Third Party,22.41
Hyderabad,Petrol,Hatchback,27000,Manual,1st Owner,Maruti,2018,695000,Comprehensive,22
Hyderabad,Petrol,Hatchback,57380,Manual,3rd Owner,Tata,2018,496000,Comprehensive,23.84
Hyderabad,Diesel,Sedan,81334,Automatic,1st Owner,Hyundai,2018,1261000,Third Party,18.23
Hyderabad,Cng,Sedan,70000,Manual,1st Owner,Maruti,2022,875000,Third Party,31.12
Hyderabad,Diesel,SUV,32483,Manual,1st Owner,Tata,2021,928000,Third Party,23.22
Hyderabad,Diesel,SUV,71220,Manual,2nd Owner,Maruti,2016,804000,Third Party,24.3
Hyderabad,Petrol,SUV,17459,Manual,1st Owner,Kia,2021,1100000,Third Party,18.2
Hyderabad,Petrol,SUV,6517,Manual,1st Owner,Maruti,2023,1275000,Comprehensive,17.38
Hyderabad,Diesel,SUV,70427,Manual,1st Owner,Hyundai,2018,950000,Comprehensive,22.1
Hyderabad,Petrol,Hatchback,52306,Automatic,1st Owner,Maruti,2018,400000,Comprehensive,23.95
Hyderabad,Diesel,Sedan,111670,Automatic,1st Owner,Volkswagen,2015,550000,Comprehensive,21.21
Hyderabad,Petrol,Hatchback,40000,Manual,1st Owner,Maruti,2019,475000,Third Party,21.79
Hyderabad,Diesel,Hatchback,67000,Manual,1st Owner,Hyundai,2017,720000,Third Party,21.19
Hyderabad,Diesel,Sedan,77000,Automatic,1st Owner,BMW,2018,4050000,Third Party,20.37
Hyderabad,Diesel,SUV,71000,Automatic,1st Owner,BMW,2016,3875000,Third Party,15.97
Hyderabad,Petrol,Sedan,88471,Manual,3rd Owner,Honda,2012,417000,Third Party,16.8
Hyderabad,Diesel,Hatchback,88479,Manual,1st Owner,Hyundai,2018,532000,Third Party,24
Hyderabad,Petrol,MUV,39000,Manual,1st Owner,Maruti,2020,1150000,Third Party,19.01
Hyderabad,Diesel,Sedan,50003,Automatic,1st Owner,Volkswagen,2018,944000,Comprehensive,22.15
Hyderabad,Petrol,Hatchback,82163,Manual,1st Owner,Hyundai,2017,501000,Comprehensive,18.9
Hyderabad,Petrol,Hatchback,40000,Manual,1st Owner,Maruti,2022,850000,Third Party,22.35
Hyderabad,Petrol,Hatchback,108560,Manual,1st Owner,Maruti,2016,472000,Third Party,22.38
Hyderabad,Diesel,SUV,70000,Manual,1st Owner,Mahindra,2014,860000,Third Party,15.1
Hyderabad,Petrol,Hatchback,28292,Manual,1st Owner,Datsun,2021,469000,Third Party,21.7
Hyderabad,Petrol,Hatchback,117467,Manual,1st Owner,Maruti,2017,289000,Comprehensive,24.7
Hyderabad,Petrol,Hatchback,65000,Manual,1st Owner,Maruti,2019,690000,Third Party,21.4
Hyderabad,Petrol,Hatchback,60541,Manual,1st Owner,Hyundai,2012,321000,Third Party,20.36
Hyderabad,Petrol,SUV,60000,Manual,1st Owner,Ford,2015,575000,Third Party,18.88
Hyderabad,Petrol,Sedan,76355,Manual,1st Owner,Honda,2019,890000,Third Party,17.4
Hyderabad,Petrol,Hatchback,60000,Automatic,1st Owner,Maruti,2021,525000,Third Party,21.7
Hyderabad,Diesel,SUV,50000,Manual,1st Owner,Nissan,2019,900000,Third Party,19.87
Hyderabad,Diesel,SUV,96000,Manual,1st Owner,MG,2019,1650000,Third Party,17.41
Hyderabad,Diesel,SUV,63000,Manual,1st Owner,Mahindra,2020,1120000,Third Party,20
Hyderabad,Petrol,Hatchback,40000,Manual,1st Owner,Hyundai,2020,599000,Third Party,20.7
Hyderabad,Petrol,SUV,30000,Manual,1st Owner,Hyundai,2021,1020000,Third Party,18
Hyderabad,Petrol,Sedan,101543,Manual,1st Owner,Maruti,2014,443000,Comprehensive,22.41
Hyderabad,Petrol,Hatchback,66424,Manual,1st Owner,Maruti,2016,644000,Comprehensive,21.4
Hyderabad,Petrol,SUV,120000,Manual,1st Owner,Maruti,2020,750000,Third Party,18.55
Hyderabad,Petrol,Hatchback,33433,Manual,1st Owner,Tata,2018,519000,Third Party,23.84
Hyderabad,Diesel,Hatchback,72169,Manual,1st Owner,Hyundai,2016,695000,Third Party,22.54
Hyderabad,Petrol,Sedan,48175,Automatic,1st Owner,Honda,2018,981000,Third Party,18
Hyderabad,Petrol,Hatchback,73452,Manual,1st Owner,Maruti,2014,425000,Third Party,23.1
Hyderabad,Petrol,SUV,54807,Automatic,1st Owner,MG,2020,1537000,Third Party,13.96
Hyderabad,Petrol,Hatchback,47118,Manual,1st Owner,Maruti,2017,323000,Comprehensive,22.05
Hyderabad,Petrol,SUV,100000,Manual,1st Owner,Tata,2017,700000,Third Party,17
Hyderabad,Petrol,SUV,41192,Manual,1st Owner,Nissan,2021,809000,Zero Dep,18.75
Hyderabad,Diesel,SUV,70000,Manual,1st Owner,Tata,2019,1785000,Third Party,17
Hyderabad,Diesel,SUV,105264,Automatic,1st Owner,Ford,2016,2650000,Third Party,10.91
Hyderabad,Petrol,SUV,70000,Automatic,1st Owner,Honda,2012,1195000,Third Party,11.1
Hyderabad,Diesel,SUV,50380,Automatic,1st Owner,Land Rover,2017,4800000,Third Party,15.68
Hyderabad,Diesel,Sedan,80000,Manual,2nd Owner,Tata,2010,245000,Third Party,19
Hyderabad,Petrol,Hatchback,51000,Manual,1st Owner,Maruti,2016,425000,Third Party,23.1
Hyderabad,Petrol,Hatchback,31846,Manual,1st Owner,Renault,2017,385000,Third Party,23.01
Hyderabad,Diesel,Hatchback,63000,Manual,1st Owner,Hyundai,2015,545000,Third Party,24
Hyderabad,Diesel,Hatchback,114676,Manual,2nd Owner,Hyundai,2015,588000,Comprehensive,22.54
Hyderabad,Diesel,Hatchback,82662,Manual,1st Owner,Hyundai,2019,747000,Third Party,22.54
Hyderabad,Petrol,Hatchback,50000,Manual,2nd Owner,Maruti,2014,280000,Third Party,23.95
Hyderabad,Petrol,MUV,66518,Manual,1st Owner,Renault,2019,633000,Third Party,20
Hyderabad,Petrol,Sedan,57927,Manual,1st Owner,Honda,2017,814000,Comprehensive,17.8
Hyderabad,Petrol,Sedan,40000,Manual,1st Owner,Maruti,2019,900000,Third Party,21.56
Hyderabad,Petrol,Hatchback,16115,Manual,1st Owner,Tata,2021,605000,Comprehensive,19.01
Hyderabad,Petrol,Hatchback,50829,Manual,2nd Owner,Hyundai,2009,270000,Third Party,20.36
Hyderabad,Petrol,Hatchback,25467,Manual,1st Owner,Hyundai,2019,622000,Comprehensive,20.7
Hyderabad,Petrol,Hatchback,71071,Manual,1st Owner,Maruti,2020,317000,Third Party,22.05
Hyderabad,Petrol,Sedan,55000,Manual,1st Owner,Hyundai,2016,795000,Third Party,17.01
Hyderabad,Petrol,Hatchback,55563,Manual,2nd Owner,Hyundai,2017,602000,Comprehensive,18.6
Hyderabad,Petrol,Hatchback,54000,Automatic,1st Owner,Hyundai,2015,575000,Third Party,18.9
Hyderabad,Petrol,Hatchback,70000,Manual,2nd Owner,Hyundai,2019,675000,Third Party,18.6
Hyderabad,Diesel,Sedan,54000,Automatic,1st Owner,Volvo,2017,1999000,Third Party,27.03
Hyderabad,Petrol,SUV,41000,Automatic,1st Owner,Ford,2016,750000,Third Party,14.7
Hyderabad,Petrol,Hatchback,70000,Manual,2nd Owner,Hyundai,2011,350000,Third Party,18.5
Hyderabad,Petrol,Hatchback,62500,Manual,1st Owner,Maruti,2020,749000,Third Party,21.01
Hyderabad,Petrol,Hatchback,20000,Manual,1st Owner,Hyundai,2021,550000,Third Party,20.3
Hyderabad,Petrol,Hatchback,60350,Manual,1st Owner,Hyundai,2016,599000,Comprehensive,18.6
Hyderabad,Petrol,Hatchback,52266,Manual,1st Owner,Hyundai,2015,570000,Comprehensive,18.6
Hyderabad,Diesel,Sedan,58431,Manual,1st Owner,Maruti,2018,895000,Third Party,28.09
Hyderabad,Petrol,Sedan,41372,Automatic,1st Owner,Honda,2017,1011000,Third Party,18
Hyderabad,Petrol,Hatchback,46863,Manual,2nd Owner,Maruti,2014,267000,Third Party,22.05
Hyderabad,Petrol,Sedan,66500,Automatic,1st Owner,Nissan,2014,570000,Third Party,17.97
Hyderabad,Petrol,Hatchback,49374,Manual,2nd Owner,Hyundai,2014,369000,Third Party,19.81
Hyderabad,Diesel,Sedan,120000,Manual,2nd Owner,Skoda,2012,360000,Third Party,20.5
Hyderabad,Petrol,Hatchback,62832,Manual,1st Owner,Tata,2021,605000,Third Party,19.01
Hyderabad,Petrol,Hatchback,61155,Manual,2nd Owner,Hyundai,2016,585000,Third Party,18.6
Hyderabad,Diesel,Hatchback,75000,Automatic,1st Owner,BMW,2014,1799000,Third Party,20.58
Hyderabad,Petrol,Hatchback,12045,Manual,2nd Owner,Maruti,2021,723000,Third Party,22.38
Hyderabad,Petrol,Sedan,60700,Manual,1st Owner,Maruti,2020,895000,Third Party,20.65
Hyderabad,Diesel,Sedan,85000,Automatic,1st Owner,Mercedes-Benz,2013,1350000,Third Party,14.84
Hyderabad,Petrol,Sedan,44276,Automatic,1st Owner,Honda,2020,1320000,Third Party,16.4
Hyderabad,Diesel,Sedan,99000,Automatic,1st Owner,Audi,2015,1999000,Third Party,17.11
Hyderabad,Diesel,Sedan,78000,Automatic,1st Owner,Audi,2015,2499000,Third Party,17.68
Hyderabad,Diesel,Sedan,70000,Automatic,2nd Owner,Jaguar,2013,1700000,Third Party,16.36
Hyderabad,Diesel,Sedan,70000,Automatic,1st Owner,Jaguar,2013,1800000,Third Party,16.36
Hyderabad,Diesel,Sedan,70000,Automatic,1st Owner,Jaguar,2013,1750000,Third Party,16.36
Hyderabad,Petrol,Hatchback,22264,Manual,1st Owner,Maruti,2021,429000,Third Party,22.05
Hyderabad,Petrol,Hatchback,103763,Manual,1st Owner,Maruti,2018,376000,Third Party,20.89
Hyderabad,Diesel,SUV,109000,Automatic,1st Owner,Volvo,2012,1015000,Third Party,14.7
Hyderabad,Petrol,Hatchback,49043,Manual,2nd Owner,Hyundai,2012,312000,Third Party,20.36
Hyderabad,Petrol,Hatchback,70666,Automatic,2nd Owner,Maruti,2017,492000,Comprehensive,23.1
Hyderabad,Diesel,SUV,128000,Automatic,1st Owner,Land Rover,2011,3700000,Third Party,14.7
Hyderabad,Diesel,Sedan,65815,Automatic,1st Owner,Maruti,2018,800000,Comprehensive,28.4
Hyderabad,Petrol,Hatchback,79000,Manual,1st Owner,Maruti,2010,165000,Third Party,19.7
Hyderabad,Petrol,Hatchback,48580,Automatic,1st Owner,Maruti,2020,831000,Comprehensive,21.4
Hyderabad,Petrol,Hatchback,44646,Manual,1st Owner,Hyundai,2018,691000,Comprehensive,18.6
Hyderabad,Petrol,Hatchback,71963,Manual,1st Owner,Maruti,2008,175000,Comprehensive,21.79
Hyderabad,Petrol,Hatchback,26678,Manual,2nd Owner,Hyundai,2017,493000,Comprehensive,18.9
Hyderabad,Diesel,Sedan,152000,Manual,1st Owner,Honda,2015,599000,Third Party,26
Hyderabad,Diesel,SUV,101000,Automatic,1st Owner,Ford,2016,2395000,Third Party,12.62
Hyderabad,Diesel,Hatchback,41000,Manual,1st Owner,Chevrolet,2012,320000,Third Party,25.44
Hyderabad,Diesel,SUV,109000,Manual,1st Owner,Toyota,2018,3150000,Third Party,14.24
Hyderabad,Diesel,Sedan,83000,Manual,1st Owner,Skoda,2017,825000,Third Party,21.13
Hyderabad,Diesel,Hatchback,80000,Manual,1st Owner,Maruti,2012,375000,Third Party,23.2
Hyderabad,Diesel,Hatchback,94514,Manual,3rd Owner,Maruti,2011,323000,Third Party,22.9
Hyderabad,Petrol,Sedan,67037,Manual,1st Owner,Maruti,2015,487000,Third Party,22.41
Hyderabad,Diesel,SUV,120000,Manual,1st Owner,Mahindra,2004,290000,Third Party,10.5
Hyderabad,Petrol,Hatchback,35540,Manual,2nd Owner,Toyota,2019,709000,Comprehensive,22.35
Hyderabad,Diesel,SUV,47627,Manual,1st Owner,Renault,2019,983000,Comprehensive,20.37
Hyderabad,Petrol,Sedan,98000,Automatic,1st Owner,Toyota,2009,450000,Third Party,14.53
Hyderabad,Petrol,Hatchback,55943,Manual,1st Owner,Hyundai,2018,672000,Third Party,18.6
Hyderabad,Diesel,SUV,71000,Automatic,1st Owner,Hyundai,2018,1350000,Third Party,17.01
Hyderabad,Petrol,Hatchback,117924,Automatic,1st Owner,Maruti,2018,457000,Third Party,23.1
Hyderabad,Petrol,Hatchback,92195,Manual,1st Owner,Maruti,2013,311000,Comprehensive,18.9
Hyderabad,Petrol,Sedan,40000,Automatic,3rd Owner,Hyundai,2003,150000,Third Party,11
Hyderabad,Petrol,Hatchback,49009,Automatic,1st Owner,Maruti,2018,623000,Comprehensive,22.56
Hyderabad,Petrol,SUV,31650,Automatic,1st Owner,Kia,2020,1090000,Comprehensive,18.3
Hyderabad,Petrol,MUV,20000,Manual,1st Owner,Kia,2022,1600000,Third Party,16.2
Hyderabad,Petrol,Hatchback,70000,Manual,1st Owner,Hyundai,2009,200000,Third Party,20.36
Hyderabad,Diesel,Sedan,39000,Automatic,1st Owner,Hyundai,2018,925000,Comprehensive,18
Hyderabad,Petrol,SUV,10000,Automatic,1st Owner,Mahindra,2022,1150000,Third Party,16.5
Hyderabad,Diesel,SUV,93615,Automatic,1st Owner,Hyundai,2018,1150000,Comprehensive,17.01
Hyderabad,Petrol,MUV,6400,Manual,1st Owner,Toyota,2022,2550000,Third Party,8
Hyderabad,Petrol,Sedan,16727,Manual,2nd Owner,Maruti,2022,895000,Comprehensive,20.65
Hyderabad,Petrol,SUV,63334,Manual,3rd Owner,Hyundai,2019,1009000,Third Party,15.8
Hyderabad,Petrol,SUV,14000,Manual,1st Owner,Nissan,2021,1050000,Comprehensive,20
Hyderabad,Petrol,Hatchback,96540,Manual,1st Owner,Maruti,2018,441000,Third Party,20.89
Hyderabad,Petrol,Sedan,92585,Automatic,1st Owner,Toyota,2018,759000,Third Party,17.8
Hyderabad,Petrol,SUV,53861,Manual,1st Owner,Ford,2014,425000,Third Party,15.8
Hyderabad,Petrol,Hatchback,65761,Manual,2nd Owner,Maruti,2012,306000,Third Party,18.9
Hyderabad,Diesel,Sedan,67000,Manual,2nd Owner,Volkswagen,2015,600000,Third Party,22.27
Hyderabad,Diesel,SUV,122100,Manual,2nd Owner,Jeep,2018,1385000,Third Party,17.1
Hyderabad,Diesel,Sedan,53873,Automatic,1st Owner,Maruti,2017,736000,Comprehensive,28.4
Hyderabad,Diesel,SUV,60000,Manual,1st Owner,Maruti,2019,840000,Third Party,24.3
Hyderabad,Diesel,Hatchback,89197,Manual,2nd Owner,Maruti,2013,426000,Third Party,22.9
Hyderabad,Petrol,Hatchback,30000,Manual,1st Owner,Datsun,2020,305000,Third Party,22.7
Hyderabad,Petrol,Hatchback,70000,Manual,1st Owner,Hyundai,2018,629000,Third Party,18.6
Hyderabad,Petrol,Hatchback,28700,Automatic,1st Owner,Maruti,2021,869000,Third Party,19.56
Hyderabad,Petrol,Sedan,20000,Automatic,2nd Owner,Volkswagen,2022,1850000,Third Party,18.12
Hyderabad,Petrol,Hatchback,91629,Manual,1st Owner,Hyundai,2012,300000,Comprehensive,20.36
Hyderabad,Diesel,Hatchback,30000,Manual,1st Owner,Ford,2021,850000,Third Party,23.8
Hyderabad,Petrol,Hatchback,7058,Manual,1st Owner,Maruti,2022,870000,Third Party,21.01
Hyderabad,Diesel,Sedan,86500,Automatic,1st Owner,Maruti,2017,775000,Third Party,28.4
Hyderabad,Petrol,Sedan,76438,Manual,2nd Owner,Honda,2015,416000,Third Party,18
Hyderabad,Petrol,SUV,24489,Manual,2nd Owner,Hyundai,2017,1025000,Zero Dep,13
Hyderabad,Petrol,Hatchback,20000,Automatic,1st Owner,Maruti,2022,790000,Third Party,22.56
Hyderabad,Diesel,Sedan,110600,Manual,1st Owner,Hyundai,2017,855000,Comprehensive,23.9
Hyderabad,Petrol,Hatchback,63840,Manual,2nd Owner,Maruti,2019,649000,Third Party,21.4
Hyderabad,Petrol,Hatchback,74000,Manual,1st Owner,Hyundai,2009,230000,Third Party,20.36
Hyderabad,Petrol,Hatchback,21314,Manual,1st Owner,Tata,2021,599000,Zero Dep,19.01
Hyderabad,Diesel,Sedan,40007,Automatic,1st Owner,Hyundai,2017,900000,Comprehensive,18
Hyderabad,Diesel,Sedan,89997,Manual,2nd Owner,Maruti,2015,622000,Third Party,26.59
Hyderabad,Petrol,Hatchback,64736,Manual,1st Owner,Honda,2014,362000,Comprehensive,19.4
Hyderabad,Diesel,SUV,105000,Automatic,1st Owner,Audi,2013,1295000,Third Party,15.73
Hyderabad,Petrol,SUV,40687,Manual,1st Owner,Maruti,2020,964000,Comprehensive,18.55
Hyderabad,Petrol,Sedan,33000,Automatic,2nd Owner,Ford,2012,395000,Third Party,16.97
Hyderabad,Petrol,Hatchback,57000,Automatic,1st Owner,Maruti,2016,460000,Third Party,23.1
Hyderabad,Diesel,MUV,120000,Manual,2nd Owner,Toyota,2006,400000,Third Party,12.8
Hyderabad,Diesel,SUV,88000,Manual,1st Owner,Kia,2019,1325000,Third Party,20.8
Hyderabad,Petrol,Hatchback,80000,Manual,3rd Owner,Hyundai,2009,215000,Third Party,20.36
Hyderabad,Petrol,SUV,49500,Manual,1st Owner,Hyundai,2020,1050000,Third Party,18
Hyderabad,Petrol,Hatchback,15985,Manual,1st Owner,Renault,2020,465000,Third Party,21.46
Hyderabad,Petrol,Sedan,85871,Manual,2nd Owner,Honda,2015,574000,Comprehensive,17.4
Hyderabad,Petrol,Hatchback,73665,Manual,1st Owner,Hyundai,2012,295000,Third Party,20.36
Hyderabad,Petrol,SUV,31614,Automatic,1st Owner,Land Rover,2020,26000000,Comprehensive,13.33
Hyderabad,Petrol,Sedan,70380,Manual,1st Owner,Tata,2021,707000,Comprehensive,19.28
Hyderabad,Petrol,Hatchback,73202,Manual,1st Owner,Hyundai,2016,605000,Third Party,18.6
Hyderabad,Petrol,Sedan,80000,Automatic,1st Owner,Honda,2016,565000,Third Party,18.3
Hyderabad,Diesel,Hatchback,58006,Manual,1st Owner,Maruti,2017,608000,Comprehensive,25.2
Hyderabad,Petrol,Hatchback,64000,Automatic,1st Owner,Maruti,2019,725000,Third Party,21.21
Hyderabad,Petrol,Hatchback,50670,Manual,2nd Owner,Honda,2014,369000,Third Party,19.4
Hyderabad,Petrol,Hatchback,41058,Automatic,2nd Owner,Hyundai,2020,508000,Third Party,20.3
Hyderabad,Diesel,SUV,120000,Manual,1st Owner,Renault,2013,360000,Third Party,20.45
Hyderabad,Petrol,Hatchback,56367,Manual,2nd Owner,Maruti,2014,399000,Third Party,20.51
Hyderabad,Petrol,SUV,41000,Manual,1st Owner,Hyundai,2019,920000,Third Party,18.27
Hyderabad,Petrol,Hatchback,40000,Manual,1st Owner,Hyundai,2019,740000,Third Party,18.6
Hyderabad,Petrol,Hatchback,16000,Automatic,1st Owner,Hyundai,2016,625000,Third Party,18.9
Hyderabad,Petrol,Hatchback,69900,Automatic,1st Owner,Maruti,2016,450000,Third Party,23.1
Hyderabad,Petrol,Sedan,120000,Manual,1st Owner,Honda,2016,650000,Third Party,17.8
Hyderabad,Petrol,Hatchback,95000,Manual,1st Owner,Tata,2016,450000,Third Party,23.84
Hyderabad,Diesel,Sedan,35000,Automatic,1st Owner,Audi,2018,2445000,Comprehensive,20.38
Hyderabad,Petrol,Sedan,66000,Automatic,1st Owner,Honda,2014,675000,Third Party,18
Hyderabad,Diesel,Sedan,67905,Manual,1st Owner,Maruti,2016,652000,Zero Dep,28.09
Hyderabad,Petrol,Hatchback,19348,Manual,1st Owner,Hyundai,2019,496000,Third Party,20.3
Hyderabad,Petrol,Sedan,35000,Manual,1st Owner,Honda,2017,650000,Third Party,17.8
Hyderabad,Petrol,Sedan,30811,Manual,1st Owner,Hyundai,2017,789000,Comprehensive,17.01
Hyderabad,Petrol,Hatchback,73227,Manual,2nd Owner,Maruti,2019,458000,Zero Dep,21.63
Hyderabad,Diesel,Sedan,80000,Manual,2nd Owner,Tata,2010,200000,Third Party,19
Hyderabad,Petrol,Hatchback,90184,Manual,1st Owner,Honda,2012,311000,Third Party,19.4
Hyderabad,Petrol,SUV,30000,Manual,1st Owner,Maruti,2021,1000000,Third Party,18.55
Hyderabad,Petrol,Sedan,66039,Manual,1st Owner,Hyundai,2016,613000,Third Party,17.01
Hyderabad,Diesel,Sedan,120000,Manual,2nd Owner,Hyundai,2017,390000,Third Party,25.4
Hyderabad,Petrol,Sedan,89205,Manual,2nd Owner,Honda,2013,517000,Comprehensive,16.8
Hyderabad,Petrol,SUV,50000,Manual,1st Owner,Hyundai,2020,999000,Third Party,18
Hyderabad,Petrol,Hatchback,80000,Automatic,1st Owner,Maruti,2018,740000,Third Party,21.4
Hyderabad,Diesel,SUV,29000,Manual,1st Owner,MG,2020,1650000,Third Party,17.41
Hyderabad,Diesel,SUV,90000,Automatic,1st Owner,BMW,2012,1320000,Third Party,17.05
Hyderabad,Diesel,Sedan,120000,Manual,1st Owner,Tata,2011,220000,Third Party,21.12
Hyderabad,Diesel,Hatchback,100000,Manual,2nd Owner,Fiat,2015,420000,Third Party,20.5
Hyderabad,Petrol,Hatchback,56962,Automatic,1st Owner,Maruti,2017,550000,Third Party,21.4
Hyderabad,Diesel,Sedan,90000,Automatic,1st Owner,Skoda,2015,550000,Third Party,21.66
Hyderabad,Petrol,Hatchback,101739,Manual,1st Owner,Volkswagen,2018,502000,Comprehensive,17.74
Hyderabad,Petrol,Hatchback,69049,Manual,1st Owner,Tata,2019,552000,Zero Dep,23.84
Hyderabad,Diesel,SUV,110000,Manual,1st Owner,Maruti,2018,830000,Third Party,24.3
Hyderabad,Petrol,Sedan,56242,Manual,1st Owner,Honda,2017,579000,Zero Dep,19.5
Hyderabad,Diesel,SUV,124281,Manual,1st Owner,Mahindra,2018,1215000,Third Party,16
Hyderabad,Petrol,SUV,38000,Manual,1st Owner,Hyundai,2019,950000,Third Party,18.27
Hyderabad,Diesel,SUV,84249,Manual,1st Owner,Mahindra,2018,1021000,Third Party,21.79
Hyderabad,Diesel,Sedan,45000,Automatic,1st Owner,BMW,2018,2595000,Third Party,22.69
Hyderabad,Petrol,Sedan,122117,Manual,2nd Owner,Maruti,2013,421000,Comprehensive,22.41
Hyderabad,Diesel,SUV,108632,Manual,1st Owner,Ford,2019,870000,Comprehensive,23
Hyderabad,Diesel,Sedan,10700,Automatic,1st Owner,BMW,2017,4500000,Third Party,18.12
Hyderabad,Diesel,SUV,116988,Manual,1st Owner,Ford,2017,677000,Third Party,22.77
Hyderabad,Petrol,Sedan,60000,Automatic,1st Owner,Honda,2014,725000,Third Party,18
Hyderabad,Diesel,Sedan,120000,Manual,1st Owner,Honda,2018,650000,Third Party,25.8
Hyderabad,Diesel,SUV,92000,Manual,1st Owner,Hyundai,2016,980000,Third Party,19.67
Hyderabad,Diesel,MUV,80000,Manual,1st Owner,Mahindra,2019,1100000,Third Party,17.3
Hyderabad,Cng,Sedan,90000,Manual,2nd Owner,Toyota,2009,290000,Third Party,14.53
Hyderabad,Diesel,Hatchback,110000,Manual,2nd Owner,Skoda,2014,350000,Third Party,20.86
Hyderabad,Petrol,Hatchback,70000,Manual,1st Owner,Nissan,2011,290000,Third Party,18.06
Hyderabad,Diesel,Hatchback,72761,Manual,1st Owner,Tata,2018,590000,Third Party,27.28
Hyderabad,Petrol,Hatchback,72473,Manual,1st Owner,Hyundai,2013,299000,Comprehensive,20.36
Hyderabad,Petrol,SUV,18030,Manual,1st Owner,Maruti,2022,1252000,Third Party,19.89
Hyderabad,Diesel,Sedan,63000,Manual,1st Owner,Honda,2018,875000,Third Party,27.4
Hyderabad,Petrol,Hatchback,40404,Automatic,1st Owner,Honda,2016,550000,Third Party,19
Hyderabad,Petrol,Sedan,96407,Automatic,1st Owner,Honda,2018,970000,Comprehensive,18
Hyderabad,Petrol,Hatchback,20000,Manual,1st Owner,Hyundai,2017,590000,Third Party,18.9
Hyderabad,Petrol,Sedan,53456,Manual,1st Owner,Honda,2017,771000,Comprehensive,17.8
Hyderabad,Petrol,Hatchback,91603,Manual,2nd Owner,Maruti,2016,257000,Comprehensive,22.05
Hyderabad,Petrol,Hatchback,28246,Manual,1st Owner,Toyota,2021,767000,Zero Dep,22.35
Hyderabad,Diesel,Sedan,171000,Manual,3rd Owner,Renault,2013,260000,Third Party,21.64
Hyderabad,Petrol,Hatchback,30224,Manual,1st Owner,Tata,2021,581000,Third Party,19.01
Hyderabad,Diesel,Sedan,70000,Manual,1st Owner,Honda,2017,1025000,Third Party,25.6
Hyderabad,Diesel,Hatchback,120000,Manual,3rd Owner,Hyundai,2013,400000,Third Party,21.27
Hyderabad,Diesel,SUV,120000,Manual,2nd Owner,Maruti,2017,750000,Third Party,24.3
Hyderabad,Diesel,Sedan,80000,Manual,2nd Owner,Skoda,2020,1000000,Third Party,21.13
Hyderabad,Petrol,Sedan,49000,Automatic,1st Owner,Skoda,2019,2150000,Third Party,15.1
Hyderabad,Petrol,Hatchback,70000,Manual,1st Owner,Hyundai,2019,660000,Third Party,18.6
Hyderabad,Diesel,SUV,85838,Manual,1st Owner,Ford,2014,662000,Third Party,22.7
Hyderabad,Petrol,Hatchback,68000,Manual,1st Owner,Nissan,2016,395000,Third Party,19.69
Hyderabad,Petrol,Hatchback,38607,Automatic,2nd Owner,Maruti,2018,514000,Comprehensive,23.1
Hyderabad,Petrol,Hatchback,48934,Automatic,2nd Owner,Hyundai,2019,772000,Third Party,17.4
Hyderabad,Petrol,Hatchback,73000,Manual,1st Owner,Hyundai,2018,680000,Third Party,18.6
Hyderabad,Petrol,Hatchback,31933,Manual,2nd Owner,Maruti,2014,254000,Third Party,22.05
Hyderabad,Petrol,Hatchback,54959,Manual,1st Owner,Maruti,2013,311000,Third Party,18.9
Hyderabad,Diesel,Sedan,49000,Automatic,1st Owner,Jaguar,2014,2150000,Third Party,14.74
Hyderabad,Petrol,Sedan,59261,Automatic,1st Owner,Honda,2017,1015000,Zero Dep,18
Hyderabad,Diesel,Sedan,42000,Automatic,1st Owner,Audi,2019,2850000,Third Party,20.38
Hyderabad,Petrol,Hatchback,73889,Manual,1st Owner,Maruti,2014,461000,Comprehensive,22.38
Hyderabad,Petrol,Hatchback,44363,Manual,2nd Owner,Renault,2019,372000,Third Party,22.3
Hyderabad,Diesel,Sedan,54000,Automatic,1st Owner,Mercedes-Benz,2011,1450000,Third Party,14.21
Hyderabad,Petrol,Sedan,50151,Manual,1st Owner,Hyundai,2017,803000,Third Party,17.01
Hyderabad,Lpg,Hatchback,120000,Manual,1st Owner,Hyundai,2010,220000,Third Party,13.45
Hyderabad,Diesel,Sedan,92000,Automatic,1st Owner,Volvo,2012,1150000,Third Party,13.2
Hyderabad,Diesel,Sedan,51000,Automatic,1st Owner,Jaguar,2017,2995000,Comprehensive,19.33
Hyderabad,Petrol,SUV,70000,Automatic,1st Owner,Mercedes-Benz,2018,6950000,Third Party,8.9
Hyderabad,Petrol,SUV,72253,Manual,1st Owner,Hyundai,2019,900000,Third Party,18.27
Hyderabad,Diesel,SUV,51757,Manual,1st Owner,Mahindra,2015,1400000,Third Party,16
Hyderabad,Petrol,Hatchback,46000,Manual,1st Owner,Chevrolet,2012,295000,Third Party,18.6
Hyderabad,Diesel,SUV,24648,Manual,1st Owner,Tata,2022,1965000,Third Party,16.35
Hyderabad,Petrol,Hatchback,61201,Manual,1st Owner,Maruti,2013,306000,Comprehensive,20.51
Hyderabad,Diesel,SUV,23000,Manual,1st Owner,Tata,2021,2015000,Third Party,16.35
Hyderabad,Petrol,Hatchback,46563,Manual,2nd Owner,Maruti,2016,366000,Third Party,20.51
Hyderabad,Petrol,Hatchback,41085,Manual,1st Owner,Hyundai,2016,645000,Third Party,18.6
Hyderabad,Diesel,Hatchback,90000,Manual,1st Owner,Ford,2010,299000,Third Party,20
Hyderabad,Petrol,Hatchback,50260,Manual,1st Owner,Hyundai,2013,423000,Comprehensive,18.5
Hyderabad,Petrol,Hatchback,55000,Manual,1st Owner,Ford,2010,295000,Third Party,15.6
Hyderabad,Petrol,Hatchback,107913,Manual,2nd Owner,Maruti,2014,328000,Third Party,25.24
Hyderabad,Petrol,Hatchback,52858,Manual,1st Owner,Maruti,2017,565000,Comprehensive,22.38
Hyderabad,Diesel,Sedan,50000,Automatic,1st Owner,BMW,2014,2250000,Third Party,19.59
Hyderabad,Petrol,Hatchback,41832,Manual,2nd Owner,Renault,2016,299000,Comprehensive,23.01
Hyderabad,Petrol,Hatchback,61000,Manual,1st Owner,Datsun,2014,299000,Third Party,20.63
Hyderabad,Diesel,Sedan,136700,Automatic,1st Owner,Skoda,2012,490000,Comprehensive,17
Hyderabad,Petrol,Hatchback,44000,Manual,1st Owner,Maruti,2011,340000,Third Party,18.5
Hyderabad,Petrol,Sedan,40000,Automatic,3rd Owner,Hyundai,2003,150000,Third Party,11
Hyderabad,Petrol,MUV,45430,Automatic,1st Owner,Renault,2021,650000,Comprehensive,18.2
Hyderabad,Petrol,SUV,10000,Automatic,1st Owner,Volkswagen,2022,1650000,Third Party,18.41
Hyderabad,Petrol,SUV,50000,Manual,1st Owner,Nissan,2021,750000,Third Party,18.75
Hyderabad,Diesel,SUV,89178,Manual,1st Owner,Mahindra,2015,700000,Comprehensive,16
Hyderabad,Petrol,Hatchback,52507,Manual,1st Owner,Maruti,2014,466000,Comprehensive,22.38
Hyderabad,Petrol,Sedan,47495,Manual,1st Owner,Volkswagen,2019,587000,Third Party,19.44
Hyderabad,Petrol,Hatchback,50000,Manual,2nd Owner,Datsun,2017,220000,Third Party,22.7
Hyderabad,Petrol,Hatchback,89899,Automatic,1st Owner,Maruti,2019,677000,Third Party,22.56
Hyderabad,Petrol,Hatchback,39992,Manual,2nd Owner,Renault,2017,334000,Third Party,23.01
Hyderabad,Lpg,Hatchback,80000,Manual,2nd Owner,Maruti,2009,150000,Third Party,17.3
Hyderabad,Petrol,Hatchback,89791,Manual,1st Owner,Maruti,2013,315000,Third Party,18.9
Hyderabad,Petrol,Hatchback,83000,Manual,1st Owner,Maruti,2006,115000,Third Party,18.9
Hyderabad,Petrol,Hatchback,114071,Manual,2nd Owner,Hyundai,2015,389000,Comprehensive,18.9
Hyderabad,Petrol,Hatchback,66445,Manual,2nd Owner,Maruti,2015,347000,Comprehensive,20.51
Hyderabad,Petrol,SUV,30000,Automatic,1st Owner,Volkswagen,2021,1450000,Third Party,18.41
Hyderabad,Diesel,SUV,96615,Manual,1st Owner,Honda,2018,800000,Third Party,25.5
Hyderabad,Diesel,SUV,60000,Manual,1st Owner,Kia,2020,1550000,Third Party,20.8
Hyderabad,Diesel,Sedan,120000,Manual,2nd Owner,Maruti,2016,350000,Third Party,23.4
Hyderabad,Diesel,Sedan,90000,Manual,2nd Owner,Hyundai,2016,320000,Third Party,24.4
Hyderabad,Diesel,SUV,24001,Manual,1st Owner,Jeep,2021,3000000,Third Party,16.3
Hyderabad,Petrol,Hatchback,76000,Manual,1st Owner,Maruti,2011,345000,Third Party,18.6
Hyderabad,Petrol,Hatchback,30000,Manual,1st Owner,Hyundai,2022,750000,Third Party,20.7
Hyderabad,Diesel,SUV,37821,Manual,1st Owner,Jeep,2021,3000000,Third Party,16.3
Hyderabad,Petrol,SUV,42000,Automatic,1st Owner,MG,2019,1699000,Third Party,13.96
Hyderabad,Petrol,Hatchback,64685,Manual,2nd Owner,Maruti,2016,489000,Third Party,22.38
Hyderabad,Petrol,Hatchback,71003,Manual,2nd Owner,Maruti,2015,331000,Comprehensive,20.51
Hyderabad,Petrol,MUV,10000,Manual,1st Owner,Maruti,2021,1200000,Third Party,19.01
Hyderabad,Diesel,Hatchback,122617,Manual,1st Owner,Hyundai,2013,401000,Comprehensive,21.9
Hyderabad,Petrol,Hatchback,93593,Manual,1st Owner,Hyundai,2015,347000,Third Party,19.81
Hyderabad,Petrol,Hatchback,76000,Manual,2nd Owner,Hyundai,2012,410000,Third Party,17
Hyderabad,Petrol,Hatchback,51216,Manual,1st Owner,Hyundai,2020,764000,Third Party,18.6
Hyderabad,Petrol,SUV,36714,Manual,1st Owner,Hyundai,2021,1400000,Comprehensive,14.97
Hyderabad,Diesel,Hatchback,61626,Manual,1st Owner,Tata,2021,831000,Third Party,23.64
Hyderabad,Petrol,Hatchback,47741,Manual,2nd Owner,Maruti,2016,535000,Comprehensive,21.4
Hyderabad,Petrol,Hatchback,63000,Manual,1st Owner,Hyundai,2014,465000,Third Party,18.9
Hyderabad,Petrol,Hatchback,60894,Manual,1st Owner,Renault,2020,415000,Zero Dep,21.74
Hyderabad,Petrol,Sedan,70000,Manual,2nd Owner,Honda,2008,230000,Third Party,16.9
Hyderabad,Petrol,Hatchback,51000,Manual,1st Owner,Hyundai,2012,320000,Third Party,19.81
Hyderabad,Petrol,Hatchback,110000,Manual,1st Owner,Tata,2016,400000,Third Party,23.84
Hyderabad,Petrol,SUV,10000,Manual,1st Owner,Hyundai,2022,1200000,Third Party,11.97
Hyderabad,Diesel,SUV,95000,Automatic,1st Owner,BMW,2011,1100000,Third Party,17.05
Hyderabad,Diesel,Sedan,66000,Manual,1st Owner,Maruti,2018,850000,Comprehensive,26.82
Hyderabad,Diesel,SUV,80642,Manual,1st Owner,Mahindra,2011,390000,Third Party,12.05
Hyderabad,Diesel,SUV,70000,Automatic,1st Owner,Hyundai,2018,1225000,Third Party,17.01
Hyderabad,Petrol,Hatchback,15700,Manual,1st Owner,Maruti,2020,749000,Zero Dep,21.01
Hyderabad,Petrol,SUV,81764,Manual,1st Owner,Hyundai,2018,1001000,Third Party,13
Hyderabad,Petrol,Sedan,95933,Manual,1st Owner,Hyundai,2018,781000,Third Party,19.1
Hyderabad,Petrol,SUV,23000,Manual,1st Owner,Jeep,2019,1650000,Third Party,16
Hyderabad,Petrol,Hatchback,85589,Manual,2nd Owner,Honda,2015,426000,Third Party,18.7
Hyderabad,Petrol,Hatchback,72793,Manual,2nd Owner,Hyundai,2017,616000,Comprehensive,18.6
Hyderabad,Diesel,Sedan,92000,Automatic,1st Owner,Hyundai,2013,490000,Third Party,22.32
Hyderabad,Petrol,Hatchback,95255,Manual,2nd Owner,Maruti,2014,428000,Third Party,22.38
Hyderabad,Diesel,MUV,59000,Manual,1st Owner,Toyota,2019,2275000,Comprehensive,13.68
Hyderabad,Petrol,Hatchback,89242,Automatic,1st Owner,Maruti,2018,670000,Zero Dep,21.4
Hyderabad,Petrol,Hatchback,40503,Manual,1st Owner,Honda,2012,337000,Comprehensive,19.4
Hyderabad,Diesel,Sedan,20000,Manual,1st Owner,Hyundai,2022,1350000,Third Party,25
Hyderabad,Petrol,Sedan,96863,Manual,1st Owner,Honda,2018,611000,Third Party,19.5
Hyderabad,Petrol,SUV,30300,Manual,1st Owner,Honda,2021,975000,Third Party,16.5
Hyderabad,Petrol,Sedan,40000,Manual,2nd Owner,Honda,2017,825000,Third Party,17.8
Hyderabad,Diesel,Sedan,120000,Manual,1st Owner,Honda,2014,400000,Third Party,25.8
Hyderabad,Diesel,SUV,27892,Manual,1st Owner,Mahindra,2013,900000,Third Party,15.1
Hyderabad,Petrol,Hatchback,90000,Manual,1st Owner,Maruti,2020,650000,Third Party,21.21
Hyderabad,Lpg,Hatchback,100000,Manual,1st Owner,Maruti,2009,225000,Third Party,17.3
Hyderabad,Petrol,Hatchback,73000,Manual,2nd Owner,Hyundai,2014,400000,Comprehensive,18.9
Hyderabad,Petrol,Sedan,30000,Automatic,1st Owner,Honda,2022,2250000,Third Party,26.5
Hyderabad,Petrol,Sedan,32152,Automatic,1st Owner,Maruti,2018,707000,Zero Dep,21.21
Hyderabad,Diesel,Hatchback,58241,Manual,1st Owner,Maruti,2015,576000,Comprehensive,25.2
Hyderabad,Diesel,MUV,120000,Manual,2nd Owner,Maruti,2014,560000,Third Party,20.77
Hyderabad,Petrol,Sedan,94141,Manual,2nd Owner,Honda,2013,456000,Comprehensive,16.8
Hyderabad,Petrol,Sedan,59411,Automatic,1st Owner,Maruti,2017,685000,Zero Dep,21.21
Hyderabad,Petrol,Sedan,17105,Manual,1st Owner,Volkswagen,2016,1205000,Third Party,14.69
Hyderabad,Diesel,Sedan,37100,Manual,2nd Owner,Maruti,2018,975000,Third Party,28.09
Hyderabad,Petrol,Hatchback,103211,Manual,2nd Owner,Hyundai,2012,289000,Third Party,20.36
Hyderabad,Petrol,Hatchback,113543,Manual,2nd Owner,Maruti,2012,290000,Third Party,18.9
Hyderabad,Diesel,SUV,120000,Manual,2nd Owner,Mahindra,2010,425000,Third Party,12.05
Hyderabad,Diesel,Sedan,99334,Manual,1st Owner,Maruti,2012,407000,Third Party,19.3
Hyderabad,Diesel,Sedan,156126,Manual,1st Owner,Ford,2014,300000,Comprehensive,25.01
Hyderabad,Diesel,SUV,68000,Automatic,2nd Owner,Hyundai,2017,1195000,Comprehensive,17.01
Hyderabad,Petrol,Sedan,100000,Manual,2nd Owner,Honda,2014,390000,Third Party,18
Hyderabad,Petrol,Hatchback,54000,Manual,1st Owner,Hyundai,2008,225000,Third Party,10.86
Hyderabad,Diesel,Sedan,110000,Manual,2nd Owner,Maruti,2019,650000,Third Party,19.95
Hyderabad,Petrol,Sedan,110000,Manual,2nd Owner,Fiat,2010,250000,Third Party,16
Hyderabad,Petrol,Sedan,76000,Manual,1st Owner,Hyundai,2011,475000,Third Party,17.43
Hyderabad,Diesel,Sedan,60000,Manual,2nd Owner,Nissan,2020,700000,Third Party,22.71
Hyderabad,Petrol,Hatchback,71974,Manual,1st Owner,Maruti,2017,559000,Third Party,21.4
Hyderabad,Diesel,SUV,105562,Manual,1st Owner,Maruti,2016,789000,Third Party,24.3
Hyderabad,Diesel,SUV,110000,Manual,2nd Owner,Mahindra,2015,950000,Third Party,16
Hyderabad,Petrol,SUV,1330,Manual,1st Owner,Maruti,2023,1297000,Third Party,19.89
Hyderabad,Petrol,Sedan,30973,Manual,2nd Owner,Honda,2021,750000,Third Party,18.6
Hyderabad,Petrol,Hatchback,100000,Automatic,2nd Owner,Hyundai,2011,330000,Third Party,16.95
Hyderabad,Petrol,Hatchback,9351,Manual,1st Owner,Hyundai,2018,691000,Third Party,18.6
Hyderabad,Petrol,SUV,46000,Manual,1st Owner,Nissan,2017,775000,Third Party,13.24
Hyderabad,Petrol,Hatchback,56133,Manual,2nd Owner,Maruti,2013,214000,Third Party,22.05
Hyderabad,Petrol,Hatchback,92370,Manual,1st Owner,Maruti,2013,232000,Comprehensive,24.39
Hyderabad,Petrol,Sedan,68000,Manual,1st Owner,Toyota,2012,425000,Comprehensive,17.6
Hyderabad,Petrol,Hatchback,38313,Manual,1st Owner,Maruti,2014,281000,Third Party,24.39
Hyderabad,Diesel,Sedan,110000,Manual,1st Owner,Tata,2019,600000,Third Party,22.95
Hyderabad,Petrol,Sedan,10000,Manual,1st Owner,Maruti,2021,950000,Third Party,20.65
Hyderabad,Petrol,Sedan,80000,Manual,2nd Owner,Hyundai,2015,600000,Third Party,17.01
Hyderabad,Diesel,SUV,120000,Manual,3rd Owner,Nissan,2014,500000,Third Party,19.01
Hyderabad,Diesel,Sedan,90000,Manual,2nd Owner,Volkswagen,2015,555000,Third Party,20.34
Hyderabad,Diesel,Sedan,87000,Manual,2nd Owner,Volkswagen,2012,449000,Third Party,20.54
Hyderabad,Petrol,Hatchback,70000,Manual,2nd Owner,Maruti,2018,640000,Third Party,21.4
Hyderabad,Petrol,Hatchback,53179,Manual,2nd Owner,Maruti,2014,263000,Third Party,24.39
Hyderabad,Petrol,SUV,48902,Manual,1st Owner,Tata,2020,939000,Third Party,17
Hyderabad,Diesel,Sedan,90000,Automatic,3rd Owner,Hyundai,2012,455000,Third Party,22.32
Hyderabad,Petrol,Hatchback,45025,Automatic,1st Owner,Hyundai,2019,777000,Third Party,17.4
Hyderabad,Petrol,Hatchback,22356,Automatic,1st Owner,Maruti,2017,701000,Third Party,21.4
Hyderabad,Diesel,Sedan,96000,Automatic,1st Owner,Hyundai,2014,625000,Third Party,22.32
Hyderabad,Petrol,Hatchback,35564,Manual,2nd Owner,Maruti,2019,478000,Comprehensive,25.24
Hyderabad,Diesel,Hatchback,72632,Manual,1st Owner,Fiat,2016,465000,Third Party,20.3
Hyderabad,Petrol,Sedan,57349,Manual,1st Owner,Toyota,2015,472000,Comprehensive,16.78
Hyderabad,Diesel,Sedan,31915,Manual,1st Owner,Honda,2018,604000,Comprehensive,25.8
Hyderabad,Diesel,Sedan,80000,Automatic,1st Owner,Volvo,2012,1050000,Third Party,13.2
Hyderabad,Petrol,Hatchback,44094,Manual,1st Owner,Maruti,2010,273000,Comprehensive,18.9
Hyderabad,Diesel,MUV,236000,Manual,1st Owner,Toyota,2008,499000,Third Party,12.8
Hyderabad,Diesel,Sedan,75000,Manual,1st Owner,Hyundai,2008,299000,Third Party,16.8
Hyderabad,Diesel,Sedan,92000,Automatic,1st Owner,Skoda,2009,425000,Third Party,17
Hyderabad,Diesel,Hatchback,148914,Manual,2nd Owner,Tata,2004,194000,Third Party,13.5
Hyderabad,Petrol,Hatchback,48000,Automatic,1st Owner,Maruti,2020,499000,Third Party,21.7
Hyderabad,Petrol,SUV,10000,Automatic,1st Owner,Volkswagen,2022,1650000,Third Party,18.41
Hyderabad,Diesel,Sedan,33600,Manual,1st Owner,Honda,2018,750000,Comprehensive,27.4
Hyderabad,Petrol,Sedan,68950,Automatic,2nd Owner,Toyota,2018,724000,Comprehensive,17.8
Hyderabad,Petrol,Hatchback,47763,Manual,1st Owner,Maruti,2012,300000,Third Party,18.9
Hyderabad,Petrol,MUV,8368,Manual,1st Owner,Renault,2022,800000,Third Party,20
Hyderabad,Diesel,SUV,51897,Manual,1st Owner,Tata,2018,810000,Third Party,23.22
Hyderabad,Petrol,Sedan,40274,Manual,2nd Owner,Honda,2014,459000,Third Party,18
Hyderabad,Diesel,Sedan,90000,Automatic,1st Owner,BMW,2012,750000,Third Party,18.88
Hyderabad,Petrol,Hatchback,62648,Manual,1st Owner,Maruti,2016,497000,Comprehensive,22.38
Hyderabad,Petrol,Hatchback,58448,Manual,1st Owner,Maruti,2017,577000,Comprehensive,21.4
Hyderabad,Petrol,Hatchback,40000,Manual,1st Owner,Hyundai,2022,670000,Third Party,20.7
Hyderabad,Diesel,SUV,88695,Manual,1st Owner,Ford,2017,690000,Third Party,22.77
Hyderabad,Diesel,SUV,20000,Manual,1st Owner,MG,2021,1700000,Third Party,17.41
Hyderabad,Diesel,Sedan,99840,Manual,1st Owner,Tata,2014,252000,Third Party,20.65
Hyderabad,Diesel,Hatchback,120000,Manual,2nd Owner,Volkswagen,2012,294000,Third Party,22.07
Hyderabad,Petrol,Sedan,10000,Manual,1st Owner,Hyundai,2023,1900000,Third Party,20
Hyderabad,Petrol,Sedan,20000,Automatic,2nd Owner,Volkswagen,2022,1850000,Third Party,18.12
Hyderabad,Petrol,Sedan,20000,Automatic,1st Owner,Honda,2018,700000,Third Party,18.1
Hyderabad,Petrol,Sedan,31000,Automatic,1st Owner,Honda,2021,1350000,Third Party,18
Hyderabad,Petrol,Hatchback,93407,Manual,2nd Owner,Tata,2018,470000,Comprehensive,23.84
Hyderabad,Petrol,Hatchback,75932,Manual,2nd Owner,Maruti,2011,320000,Comprehensive,22.38
Hyderabad,Petrol,Hatchback,44000,Automatic,1st Owner,Volkswagen,2015,650000,Comprehensive,17.21
Hyderabad,Petrol,Hatchback,62936,Automatic,1st Owner,Hyundai,2019,529000,Third Party,20.3
Hyderabad,Petrol,Hatchback,40841,Manual,1st Owner,Hyundai,2016,646000,Comprehensive,18.6
Hyderabad,Diesel,Sedan,150000,Manual,2nd Owner,Maruti,2016,480000,Third Party,26.59
Hyderabad,Petrol,Hatchback,66561,Manual,1st Owner,Hyundai,2017,607000,Third Party,18.6
Hyderabad,Diesel,Hatchback,114800,Manual,2nd Owner,Tata,2016,160000,Third Party,25
Hyderabad,Petrol,Hatchback,97726,Manual,1st Owner,Maruti,2016,374000,Third Party,25.24
Hyderabad,Petrol,SUV,81462,Manual,1st Owner,Ford,2019,817000,Third Party,17
Hyderabad,Diesel,Hatchback,120000,Manual,1st Owner,Tata,2015,180000,Third Party,25
Hyderabad,Petrol,Hatchback,31286,Automatic,1st Owner,Maruti,2019,680000,Third Party,22.56
Hyderabad,Petrol,Hatchback,20000,Manual,1st Owner,Maruti,2022,1000000,Third Party,22.35
Hyderabad,Petrol,Hatchback,20000,Manual,1st Owner,Maruti,2022,1000000,Third Party,22.35
Hyderabad,Petrol,Sedan,57600,Automatic,1st Owner,Hyundai,2018,1080000,Third Party,17
Hyderabad,Petrol,Sedan,54000,Manual,1st Owner,Chevrolet,2013,315000,Third Party,18.2
Hyderabad,Petrol,Hatchback,50000,Manual,2nd Owner,Maruti,1985,160000,Zero Dep,16.1
Hyderabad,Petrol,Hatchback,20000,Manual,1st Owner,Maruti,2020,760000,Third Party,21.01
Hyderabad,Diesel,MUV,100000,Manual,2nd Owner,Tata,2011,300000,Third Party,13.7
Hyderabad,Petrol,Sedan,40000,Manual,2nd Owner,Honda,2017,825000,Third Party,17.8
Hyderabad,Diesel,Sedan,49260,Automatic,1st Owner,Maruti,2017,741000,Third Party,28.4
Hyderabad,Petrol,Hatchback,73069,Manual,1st Owner,Maruti,2015,365000,Third Party,25.24
Hyderabad,Petrol,Hatchback,80000,Manual,1st Owner,Maruti,2013,410000,Third Party,18.6
Hyderabad,Petrol,Sedan,78850,Manual,1st Owner,Maruti,2014,475000,Third Party,22.41
Hyderabad,Petrol,Hatchback,89224,Manual,2nd Owner,Hyundai,2016,561000,Third Party,18.6
Hyderabad,Diesel,MUV,90000,Automatic,2nd Owner,Tata,2017,1200000,Third Party,17.6
Hyderabad,Petrol,Hatchback,59084,Manual,2nd Owner,Maruti,2017,411000,Comprehensive,20.51
Hyderabad,Petrol,Hatchback,70000,Automatic,1st Owner,Maruti,2016,460000,Third Party,20.51
Hyderabad,Petrol,Hatchback,59730,Manual,2nd Owner,Maruti,2013,309000,Third Party,18.9
Hyderabad,Petrol,Sedan,50933,Manual,1st Owner,Honda,2015,594000,Third Party,17.4
Hyderabad,Diesel,Hatchback,40000,Automatic,2nd Owner,Volvo,2016,1800000,Third Party,16.8
Hyderabad,Petrol,Sedan,94426,Manual,1st Owner,Maruti,2016,516000,Comprehensive,22.41
Hyderabad,Diesel,MUV,50000,Manual,2nd Owner,Tata,2019,1300000,Third Party,17.6
Hyderabad,Diesel,SUV,120000,Manual,2nd Owner,Mahindra,2013,680000,Third Party,15.1
Hyderabad,Petrol,Hatchback,80000,Automatic,1st Owner,Volkswagen,2017,760000,Third Party,17.21
Hyderabad,Diesel,Sedan,75000,Manual,1st Owner,Skoda,2012,499000,Third Party,20.5
Hyderabad,Diesel,SUV,78500,Manual,1st Owner,Mahindra,2018,1300000,Third Party,16
Hyderabad,Diesel,Hatchback,56000,Manual,1st Owner,Maruti,2013,450000,Third Party,23.2
Hyderabad,Diesel,Hatchback,100000,Manual,1st Owner,Fiat,2014,295000,Third Party,20.3
Hyderabad,Petrol,Hatchback,32289,Automatic,2nd Owner,Hyundai,2017,667000,Third Party,18.6
Hyderabad,Petrol,SUV,106467,Automatic,1st Owner,Tata,2018,790000,Comprehensive,17
Hyderabad,Diesel,Hatchback,75000,Manual,1st Owner,Maruti,2014,480000,Third Party,22.9
Hyderabad,Petrol,Sedan,109832,Manual,2nd Owner,Honda,2014,464000,Comprehensive,17.4
Hyderabad,Petrol,Sedan,44123,Automatic,1st Owner,Hyundai,2018,1228000,Third Party,14.62
Hyderabad,Petrol,Sedan,100000,Manual,2nd Owner,Honda,2014,390000,Third Party,18
Hyderabad,Diesel,SUV,121129,Manual,2nd Owner,Maruti,2017,801000,Third Party,24.3
Hyderabad,Petrol,Hatchback,40000,Manual,2nd Owner,Maruti,2020,560000,Third Party,20.89
Hyderabad,Diesel,SUV,72607,Manual,1st Owner,Mahindra,2016,420000,Third Party,25.32
Hyderabad,Petrol,Hatchback,28467,Manual,2nd Owner,Hyundai,2016,472000,Third Party,18.9
Hyderabad,Petrol,Sedan,60000,Manual,1st Owner,Skoda,2017,750000,Third Party,15.41
Hyderabad,Diesel,SUV,122474,Manual,1st Owner,Hyundai,2017,1098000,Comprehensive,19.67
Hyderabad,Petrol,Hatchback,37665,Automatic,1st Owner,Maruti,2017,650000,Third Party,21.4
Hyderabad,Diesel,SUV,152000,Automatic,1st Owner,Volvo,2017,4550000,Third Party,17.2
Hyderabad,Petrol,Hatchback,50000,Manual,2nd Owner,Maruti,2014,320000,Third Party,20.51
Hyderabad,Diesel,Sedan,110000,Manual,1st Owner,Honda,2018,680000,Third Party,25.8
Hyderabad,Diesel,SUV,120000,Manual,3rd Owner,Mahindra,2012,600000,Third Party,15.1
Hyderabad,Diesel,Sedan,45000,Automatic,1st Owner,Audi,2016,2699000,Third Party,18.53
Hyderabad,Diesel,Hatchback,85000,Manual,1st Owner,Hyundai,2016,499000,Third Party,24
Hyderabad,Petrol,Sedan,61000,Automatic,1st Owner,Honda,2021,1250000,Third Party,17.4
Hyderabad,Petrol,Hatchback,94540,Manual,1st Owner,Maruti,2014,409000,Third Party,22.38
Hyderabad,Petrol,SUV,96620,Manual,1st Owner,Hyundai,2018,991000,Comprehensive,13
Hyderabad,Diesel,MUV,90000,Manual,3rd Owner,Toyota,2013,750000,Third Party,12.99
Hyderabad,Petrol,Hatchback,104436,Automatic,2nd Owner,Hyundai,2016,496000,Third Party,18.9
Hyderabad,Petrol,Hatchback,28545,Manual,1st Owner,Datsun,2017,298000,Third Party,22.7
Hyderabad,Petrol,Hatchback,66500,Manual,1st Owner,Volkswagen,2019,720000,Third Party,18.78
Hyderabad,Petrol,Hatchback,80133,Manual,1st Owner,Hyundai,2017,583000,Third Party,18.6
Hyderabad,Diesel,Sedan,106000,Automatic,1st Owner,Mercedes-Benz,2011,1125000,Third Party,14.84
Hyderabad,Petrol,SUV,26852,Manual,1st Owner,Maruti,2020,982000,Third Party,18.55
Hyderabad,Petrol,Hatchback,59990,Manual,1st Owner,Maruti,2015,458000,Third Party,22.38
Hyderabad,Diesel,SUV,110000,Manual,2nd Owner,Mahindra,2015,950000,Third Party,16
Hyderabad,Diesel,Sedan,75135,Manual,1st Owner,Honda,2018,853000,Third Party,25.6
Hyderabad,Petrol,Hatchback,50000,Manual,2nd Owner,Hyundai,2019,600000,Third Party,18.9
Hyderabad,Petrol,Sedan,73000,Manual,1st Owner,Honda,2010,390000,Third Party,13.5
Hyderabad,Petrol,Hatchback,70000,Manual,2nd Owner,Maruti,2018,620000,Third Party,21.4
Hyderabad,Diesel,SUV,120000,Manual,1st Owner,Mahindra,2006,400000,Third Party,12.7
Hyderabad,Diesel,SUV,20000,Manual,1st Owner,Tata,2021,2200000,Third Party,16.14
Hyderabad,Diesel,MUV,120000,Manual,1st Owner,Toyota,2012,750000,Third Party,12.99
Hyderabad,Diesel,MUV,120000,Manual,2nd Owner,Toyota,2013,975000,Third Party,12.99
Hyderabad,Petrol,Hatchback,50824,Manual,1st Owner,Maruti,2013,447000,Third Party,22.38
Hyderabad,Diesel,Hatchback,85507,Manual,2nd Owner,Maruti,2013,410000,Third Party,22.9
Hyderabad,Diesel,Sedan,70000,Manual,1st Owner,Hyundai,2010,330000,Third Party,16.8
Hyderabad,Petrol,Hatchback,75773,Manual,2nd Owner,Maruti,2014,372000,Comprehensive,18.5
Hyderabad,Diesel,Hatchback,62000,Manual,1st Owner,Hyundai,2016,470000,Third Party,24
Hyderabad,Petrol,Hatchback,47004,Manual,1st Owner,Hyundai,2012,297000,Third Party,20.36
Hyderabad,Diesel,Hatchback,110000,Manual,2nd Owner,Volkswagen,2014,420000,Third Party,20.14
Hyderabad,Diesel,Hatchback,97085,Manual,2nd Owner,Maruti,2013,406000,Comprehensive,22.9
Hyderabad,Diesel,Sedan,87449,Manual,3rd Owner,Hyundai,2014,561000,Third Party,22.32
Hyderabad,Diesel,Hatchback,100000,Manual,1st Owner,Maruti,2016,350000,Third Party,23.2
Hyderabad,Petrol,Hatchback,53338,Manual,2nd Owner,Maruti,2012,193000,Third Party,19.7
Hyderabad,Petrol,Sedan,120000,Manual,2nd Owner,Honda,2011,400000,Third Party,17
Hyderabad,Diesel,Hatchback,78000,Manual,1st Owner,Hyundai,2019,765000,Third Party,22.54
Hyderabad,Diesel,MUV,112000,Manual,1st Owner,Toyota,2017,1999000,Third Party,13.68
Hyderabad,Petrol,SUV,10000,Manual,1st Owner,Nissan,2022,850000,Third Party,18.75
Hyderabad,Petrol,SUV,20000,Manual,1st Owner,Maruti,2022,1000000,Third Party,17.03
Hyderabad,Diesel,SUV,89000,Manual,2nd Owner,Mahindra,2012,556000,Third Party,15.1
Hyderabad,Petrol,Hatchback,100000,Manual,2nd Owner,Maruti,2008,100000,Third Party,19.7
Hyderabad,Petrol,MUV,20000,Manual,1st Owner,Maruti,2021,1050000,Third Party,19.01
Hyderabad,Petrol,SUV,13918,Manual,1st Owner,Nissan,2022,909000,Third Party,20
Hyderabad,Petrol,SUV,28839,Manual,1st Owner,Nissan,2020,734000,Third Party,18.75
Hyderabad,Petrol,Hatchback,30000,Automatic,1st Owner,Maruti,2017,450000,Third Party,23.1
Hyderabad,Petrol,Hatchback,16097,Automatic,1st Owner,Datsun,2018,356000,Comprehensive,23
Hyderabad,Petrol,Hatchback,23683,Automatic,1st Owner,Volkswagen,2021,835000,Third Party,16.47
Hyderabad,Diesel,MUV,10000,Manual,1st Owner,Toyota,2023,3100000,Third Party,23.93
Hyderabad,Petrol,Hatchback,48471,Manual,2nd Owner,Maruti,2013,233000,Third Party,24.39
Hyderabad,Petrol,Hatchback,62437,Manual,2nd Owner,Maruti,2013,221000,Third Party,24.39
Hyderabad,Petrol,Sedan,45000,Automatic,1st Owner,Tata,2018,549000,Third Party,20.3
Hyderabad,Petrol,Sedan,15992,Manual,1st Owner,Maruti,2022,881000,Third Party,20.65
Hyderabad,Petrol,Hatchback,34000,Manual,1st Owner,Maruti,2018,325000,Third Party,24.7
Hyderabad,Petrol,Hatchback,45000,Manual,1st Owner,Hyundai,2008,250000,Third Party,20.36
Hyderabad,Diesel,MUV,90000,Manual,1st Owner,Maruti,2016,810000,Third Party,24.2
Hyderabad,Diesel,SUV,40000,Automatic,1st Owner,Tata,2018,1200000,Third Party,21.5
Hyderabad,Petrol,Hatchback,22907,Manual,1st Owner,Maruti,2022,650000,Comprehensive,22.38
Hyderabad,Cng,Hatchback,79000,Manual,1st Owner,Maruti,2012,315000,Third Party,33.54
Hyderabad,Diesel,Sedan,90000,Manual,2nd Owner,Hyundai,2016,340000,Third Party,24.4
Hyderabad,Petrol,Hatchback,16903,Manual,2nd Owner,Maruti,2019,333000,Third Party,24.7
Hyderabad,Petrol,Hatchback,36874,Automatic,1st Owner,Nissan,2018,568000,Third Party,19.15
Hyderabad,Petrol,Sedan,60000,Automatic,1st Owner,Maruti,2017,650000,Third Party,19.12
Hyderabad,Petrol,Hatchback,29994,Manual,2nd Owner,Maruti,2012,329000,Third Party,18.9
Hyderabad,Petrol,Hatchback,26416,Automatic,2nd Owner,Hyundai,2019,806000,Third Party,17.4
Hyderabad,Diesel,Sedan,70000,Manual,2nd Owner,Skoda,2018,775000,Third Party,21.13
Hyderabad,Petrol,SUV,27581,Manual,2nd Owner,Honda,2018,655000,Third Party,17.5
Hyderabad,Diesel,SUV,80000,Automatic,1st Owner,Toyota,2018,3250000,Third Party,12.9
Hyderabad,Petrol,Sedan,88126,Manual,1st Owner,Maruti,2020,672000,Third Party,21.21
Hyderabad,Petrol,SUV,72563,Automatic,1st Owner,Hyundai,2019,981000,Third Party,18.15
Hyderabad,Lpg,Hatchback,90000,Manual,2nd Owner,Hyundai,2013,220000,Third Party,21.1
Hyderabad,Petrol,SUV,88060,Manual,1st Owner,Hyundai,2016,804000,Third Party,13
Hyderabad,Petrol,Hatchback,20000,Manual,1st Owner,Maruti,2022,800000,Third Party,22.38
Hyderabad,Diesel,MUV,119000,Manual,2nd Owner,Toyota,2015,950000,Comprehensive,12.99
Hyderabad,Petrol,Hatchback,60000,Manual,1st Owner,Hyundai,2017,600000,Third Party,18.6
Hyderabad,Diesel,SUV,45000,Automatic,1st Owner,Ford,2020,3595000,Third Party,12.4
Hyderabad,Diesel,MUV,80000,Automatic,2nd Owner,Kia,2021,2650000,Third Party,14.11
Hyderabad,Diesel,SUV,95315,Manual,1st Owner,Hyundai,2020,1475000,Third Party,20.5
Hyderabad,Petrol,Hatchback,100000,Manual,2nd Owner,Maruti,2013,263000,Third Party,20.51
Hyderabad,Petrol,Hatchback,31000,Manual,1st Owner,Hyundai,2010,245000,Third Party,17.92
Hyderabad,Diesel,SUV,109271,Manual,1st Owner,Maruti,2019,777000,Comprehensive,24.3
Hyderabad,Petrol,Hatchback,47844,Automatic,2nd Owner,Maruti,2019,507000,Zero Dep,20.89
Hyderabad,Petrol,MUV,80000,Manual,2nd Owner,Maruti,2021,1050000,Third Party,19.01
Hyderabad,Petrol,Hatchback,62438,Manual,1st Owner,Maruti,2013,297000,Third Party,18.9
Hyderabad,Petrol,Hatchback,89318,Manual,3rd Owner,Hyundai,2013,411000,Third Party,18.5
Hyderabad,Diesel,MUV,90000,Automatic,2nd Owner,Kia,2021,2600000,Third Party,14.11
Hyderabad,Petrol,Hatchback,29200,Automatic,2nd Owner,Hyundai,2019,529000,Zero Dep,20.3
Hyderabad,Petrol,SUV,40000,Automatic,1st Owner,MG,2020,1950000,Third Party,13.96
Hyderabad,Petrol,Sedan,96940,Automatic,1st Owner,Honda,2019,916000,Third Party,18.4
Hyderabad,Petrol,Sedan,65850,Manual,1st Owner,Hyundai,2018,842000,Comprehensive,17
Hyderabad,Petrol,Hatchback,90000,Manual,1st Owner,Hyundai,2011,290000,Third Party,20.36
Hyderabad,Petrol,Hatchback,38264,Automatic,1st Owner,Hyundai,2019,525000,Third Party,20.3
Hyderabad,Petrol,SUV,47000,Automatic,1st Owner,Renault,2018,895000,Third Party,14.99
Hyderabad,Diesel,SUV,77027,Automatic,1st Owner,Toyota,2019,3600000,Third Party,12.9
Hyderabad,Petrol,Sedan,78000,Manual,1st Owner,Honda,2009,385000,Third Party,16.8
Hyderabad,Diesel,SUV,70000,Manual,2nd Owner,Mahindra,2019,1000000,Third Party,20
Hyderabad,Petrol,Sedan,112000,Manual,1st Owner,Skoda,2008,300000,Third Party,12.8
Hyderabad,Diesel,Sedan,138000,Manual,1st Owner,Hyundai,2013,515000,Third Party,22.32
Hyderabad,Diesel,Hatchback,51000,Manual,1st Owner,Ford,2010,299000,Third Party,20
Hyderabad,Petrol,Hatchback,83462,Manual,2nd Owner,Hyundai,2010,268000,Third Party,20.36
Hyderabad,Petrol,Hatchback,26494,Manual,1st Owner,Renault,2021,483000,Third Party,21.74
Hyderabad,Diesel,SUV,82000,Automatic,1st Owner,BMW,2011,1299000,Third Party,17.05
Hyderabad,Petrol,Hatchback,68101,Manual,1st Owner,Maruti,2018,618000,Comprehensive,21.4
Hyderabad,Diesel,Hatchback,99105,Automatic,2nd Owner,Maruti,2018,691000,Comprehensive,28.4
Hyderabad,Diesel,SUV,90000,Manual,1st Owner,Hyundai,2016,1000000,Third Party,19.67
Hyderabad,Petrol,Sedan,70424,Automatic,2nd Owner,Maruti,2017,653000,Comprehensive,19.12
Hyderabad,Diesel,SUV,98000,Automatic,1st Owner,Maruti,2018,990000,Third Party,24.3
Hyderabad,Diesel,Sedan,79189,Manual,2nd Owner,Honda,2014,537000,Third Party,25.1
Hyderabad,Petrol,Hatchback,115218,Manual,1st Owner,Maruti,2011,253000,Comprehensive,18.9
Hyderabad,Petrol,Sedan,120000,Manual,1st Owner,Hyundai,2012,399000,Third Party,17.01
Hyderabad,Petrol,Hatchback,119106,Manual,2nd Owner,Maruti,2015,471000,Third Party,22.38
Hyderabad,Petrol,Sedan,60000,Manual,2nd Owner,Honda,2011,340000,Third Party,17
Hyderabad,Diesel,Hatchback,60000,Manual,1st Owner,Maruti,2017,659000,Third Party,28.4
Hyderabad,Petrol,Hatchback,80000,Manual,1st Owner,Maruti,2019,370000,Third Party,22.05
Hyderabad,Diesel,Hatchback,143000,Manual,2nd Owner,Maruti,2012,400000,Third Party,22.9
Hyderabad,Diesel,Hatchback,50000,Manual,1st Owner,Maruti,2018,700000,Third Party,25.2
Hyderabad,Diesel,Sedan,105000,Automatic,1st Owner,Volkswagen,2011,750000,Third Party,14.3
Hyderabad,Diesel,MUV,110000,Automatic,1st Owner,Toyota,2016,2000000,Third Party,11.36
Hyderabad,Petrol,Sedan,80000,Manual,1st Owner,Honda,2011,360000,Third Party,17
Hyderabad,Petrol,Hatchback,121617,Manual,2nd Owner,Maruti,2013,368000,Third Party,22.38
Hyderabad,Petrol,Sedan,83825,Manual,2nd Owner,Volkswagen,2015,556000,Comprehensive,15.04
Hyderabad,Petrol,Hatchback,92299,Manual,1st Owner,Maruti,2014,426000,Third Party,18.6
Hyderabad,Diesel,SUV,50643,Automatic,2nd Owner,Maruti,2018,961000,Zero Dep,24.3
Hyderabad,Diesel,SUV,110243,Manual,2nd Owner,Mahindra,2018,793000,Zero Dep,18.49
Hyderabad,Diesel,Sedan,92721,Automatic,1st Owner,Mercedes-Benz,2012,990000,Third Party,14.84
Hyderabad,Petrol,SUV,93104,Automatic,1st Owner,Hyundai,2016,951000,Comprehensive,13
Hyderabad,Petrol,Sedan,83858,Manual,3rd Owner,Toyota,2008,300000,Third Party,14.53
Hyderabad,Petrol,MUV,48869,Manual,1st Owner,Datsun,2021,567000,Third Party,19.02
Hyderabad,Petrol,Hatchback,86555,Manual,1st Owner,Maruti,2017,298000,Comprehensive,24.39
Hyderabad,Petrol,Sedan,60000,Manual,2nd Owner,Volkswagen,2011,350000,Third Party,15.04
Hyderabad,Petrol,MUV,39316,Manual,1st Owner,Renault,2022,674000,Zero Dep,20
Hyderabad,Diesel,SUV,110000,Manual,2nd Owner,Renault,2014,450000,Third Party,20.45
Hyderabad,Diesel,Hatchback,100000,Manual,2nd Owner,Tata,2016,270000,Third Party,22.95
Hyderabad,Petrol,SUV,60000,Manual,1st Owner,Hyundai,2020,1000000,Third Party,18.27
Hyderabad,Diesel,SUV,100000,Manual,1st Owner,Mahindra,2016,1050000,Third Party,16
Hyderabad,Diesel,Sedan,110000,Manual,2nd Owner,Skoda,2012,450000,Third Party,20
Hyderabad,Diesel,SUV,135000,Automatic,1st Owner,Mercedes-Benz,2011,1725000,Third Party,29.87
Hyderabad,Petrol,SUV,19500,Automatic,1st Owner,Toyota,2022,1175000,Comprehensive,18.76
Hyderabad,Petrol,Sedan,22127,Automatic,1st Owner,Honda,2021,940000,Comprehensive,18.3
Hyderabad,Petrol,Hatchback,78010,Manual,2nd Owner,Maruti,2015,251000,Comprehensive,22.05
Hyderabad,Petrol,SUV,14087,Manual,1st Owner,Ford,2021,988000,Third Party,15.9
Hyderabad,Electric,SUV,30000,Automatic,1st Owner,MG,2022,2675000,Third Party,23.67
Hyderabad,Diesel,SUV,55253,Manual,1st Owner,Tata,2022,1157000,Comprehensive,21.19
Hyderabad,Petrol,SUV,63008,Automatic,1st Owner,Kia,2020,1598000,Zero Dep,16.5
Hyderabad,Electric,SUV,22000,Automatic,1st Owner,MG,2022,2675000,Third Party,19.6
Hyderabad,Petrol,Hatchback,73944,Manual,1st Owner,Maruti,2015,266000,Third Party,22.05
Hyderabad,Petrol,Sedan,37000,Automatic,1st Owner,Skoda,2021,3275000,Third Party,15.1
Hyderabad,Petrol,Hatchback,52052,Manual,2nd Owner,Maruti,2017,279000,Third Party,22.05
Hyderabad,Petrol,Hatchback,42399,Manual,2nd Owner,Hyundai,2018,465000,Third Party,18.9
Hyderabad,Diesel,Sedan,50000,Manual,1st Owner,Maruti,2015,210000,Third Party,26.59
Hyderabad,Cng,Hatchback,64584,Manual,1st Owner,Maruti,2020,549000,Zero Dep,32.52
Hyderabad,Petrol,Minivans,44000,Manual,1st Owner,Maruti,2014,345000,Third Party,15.37
Hyderabad,Petrol,Hatchback,101434,Automatic,1st Owner,Renault,2017,300000,Third Party,23.01
Hyderabad,Petrol,Hatchback,13500,Manual,1st Owner,Maruti,2019,495000,Comprehensive,19.71
Hyderabad,Diesel,Sedan,75000,Manual,2nd Owner,Volkswagen,2017,475000,Third Party,21.66
Hyderabad,Diesel,Sedan,75000,Manual,1st Owner,Hyundai,2012,445000,Comprehensive,22.32
Hyderabad,Petrol,Sedan,96402,Manual,1st Owner,Honda,2010,165000,Third Party,17
Hyderabad,Petrol,SUV,20225,Automatic,1st Owner,MG,2021,1491000,Third Party,14.51
Hyderabad,Petrol,Hatchback,55000,Manual,1st Owner,Hyundai,2016,290000,Third Party,19.81
Hyderabad,Petrol,SUV,44641,Manual,1st Owner,Tata,2021,860000,Comprehensive,17.33
Hyderabad,Petrol,Hatchback,83958,Manual,1st Owner,Hyundai,2010,241000,Third Party,20.36
Hyderabad,Diesel,SUV,124406,Manual,3rd Owner,Mahindra,2006,121000,Third Party,10.5
Hyderabad,Petrol,SUV,35226,Automatic,2nd Owner,Tata,2018,817000,Comprehensive,17
Hyderabad,Petrol,Hatchback,75552,Automatic,2nd Owner,Hyundai,2011,330000,Third Party,16.95
Hyderabad,Petrol,Hatchback,107972,Manual,1st Owner,Hyundai,2010,185000,Comprehensive,20.36
Hyderabad,Petrol,Sedan,46451,Manual,1st Owner,Volkswagen,2019,568000,Third Party,19.44
Hyderabad,Petrol,Minivans,28220,Manual,1st Owner,Maruti,2021,470000,Third Party,16.11
Hyderabad,Petrol,Hatchback,77415,Automatic,1st Owner,Maruti,2019,457000,Comprehensive,21.7
Hyderabad,Petrol,SUV,47314,Automatic,1st Owner,Hyundai,2020,1022000,Zero Dep,18.15
Hyderabad,Petrol,Hatchback,50000,Automatic,1st Owner,Renault,2017,312000,Third Party,24.04
Hyderabad,Diesel,Hatchback,120000,Manual,2nd Owner,Tata,2012,117000,Third Party,19.4
Hyderabad,Diesel,Sedan,40000,Manual,1st Owner,Skoda,2018,870000,Third Party,21.13
Hyderabad,Petrol,Hatchback,80000,Manual,2nd Owner,Honda,2013,285000,Third Party,19.4
Hyderabad,Diesel,SUV,120000,Manual,1st Owner,Toyota,2018,2800000,Third Party,14.24
Hyderabad,Petrol,Sedan,16415,Manual,1st Owner,Maruti,2020,520000,Comprehensive,19.71
Hyderabad,Petrol,Hatchback,110000,Manual,2nd Owner,Maruti,2008,100000,Third Party,19.7
Hyderabad,Petrol,Hatchback,30564,Automatic,1st Owner,Maruti,2019,550000,Comprehensive,20.52
Hyderabad,Diesel,Hatchback,90000,Manual,2nd Owner,Ford,2011,185000,Third Party,20
Hyderabad,Petrol,MUV,62674,Manual,3rd Owner,Datsun,2019,431000,Third Party,19.83
Hyderabad,Petrol,Hatchback,61710,Automatic,1st Owner,Honda,2018,631000,Third Party,18.2
Hyderabad,Diesel,Sedan,95000,Automatic,1st Owner,Hyundai,2012,476000,Third Party,22.32
Hyderabad,Diesel,SUV,99215,Automatic,1st Owner,Hyundai,2017,1119000,Third Party,17.01
Hyderabad,Diesel,SUV,46034,Automatic,1st Owner,Tata,2019,1002000,Zero Dep,21.5
Hyderabad,Petrol,MUV,20000,Manual,1st Owner,Maruti,2014,685000,Third Party,16.02
Hyderabad,Petrol,Hatchback,60993,Manual,1st Owner,Honda,2013,347000,Third Party,19.4
Hyderabad,Diesel,SUV,90000,Manual,2nd Owner,Mahindra,2015,650000,Third Party,16
Hyderabad,Diesel,Sedan,71821,Manual,1st Owner,Maruti,2017,756000,Third Party,28.4
Hyderabad,Petrol,SUV,2486,Manual,1st Owner,MG,2021,1581000,Third Party,15.81
Hyderabad,Petrol,Sedan,60000,Automatic,3rd Owner,Honda,2006,230000,Third Party,12.9
Hyderabad,Petrol,Hatchback,12740,Manual,1st Owner,Hyundai,2020,584000,Comprehensive,20.7
Hyderabad,Electric,SUV,30000,Automatic,1st Owner,Tata,2022,1500000,Third Party,26.7
Hyderabad,Diesel,Hatchback,79079,Manual,2nd Owner,Hyundai,2018,400000,Third Party,24
Hyderabad,Petrol,Hatchback,28522,Manual,1st Owner,Tata,2022,535000,Comprehensive,19.33
Hyderabad,Electric,Sedan,67200,Automatic,1st Owner,Mahindra,2018,410000,Third Party,20.45
Hyderabad,Electric,Sedan,50000,Automatic,1st Owner,Mahindra,2018,295000,Third Party,22.59
Hyderabad,Diesel,Sedan,46000,Automatic,1st Owner,Volvo,2018,2200000,Third Party,27.03
Hyderabad,Diesel,SUV,20000,Manual,1st Owner,Mahindra,2022,2120000,Third Party,21.98
Hyderabad,Diesel,SUV,80000,Manual,1st Owner,Mahindra,2016,310000,Third Party,25.32
Hyderabad,Petrol,Hatchback,29011,Manual,1st Owner,Renault,2017,337000,Third Party,23.01
Hyderabad,Petrol,SUV,42372,Manual,1st Owner,Kia,2020,1259000,Comprehensive,16.8
Hyderabad,Petrol,SUV,23147,Automatic,2nd Owner,Mahindra,2021,1400000,Third Party,19.97
Hyderabad,Diesel,Sedan,22310,Manual,1st Owner,Honda,2022,1291000,Comprehensive,24.1
Hyderabad,Petrol,Hatchback,18732,Automatic,1st Owner,Maruti,2016,498000,Comprehensive,26
Hyderabad,Diesel,Sedan,95417,Manual,1st Owner,Toyota,2016,470000,Third Party,23.59
Hyderabad,Petrol,Sedan,62015,Automatic,2nd Owner,Honda,2014,545000,Comprehensive,18
Hyderabad,Petrol,SUV,54000,Automatic,1st Owner,Ford,2018,895000,Third Party,14.7
Hyderabad,Petrol,Hatchback,51237,Automatic,2nd Owner,Renault,2019,427000,Third Party,23.01
Hyderabad,Petrol,Sedan,36140,Manual,1st Owner,Hyundai,2017,559000,Comprehensive,20.14
Hyderabad,Diesel,Hatchback,80000,Manual,2nd Owner,Maruti,2018,650000,Third Party,28.4
Hyderabad,Petrol,Hatchback,70895,Automatic,2nd Owner,Maruti,2016,443000,Third Party,26
Hyderabad,Diesel,Hatchback,90000,Manual,1st Owner,Hyundai,2018,480000,Third Party,24
Hyderabad,Petrol,Sedan,60000,Manual,1st Owner,Tata,2020,660000,Third Party,19.28
Hyderabad,Petrol,Hatchback,70237,Manual,1st Owner,Maruti,2007,145000,Third Party,21.79
Hyderabad,Petrol,Hatchback,89592,Manual,1st Owner,Hyundai,2007,165000,Third Party,17
Hyderabad,Diesel,Sedan,79333,Manual,1st Owner,Chevrolet,2010,380000,Third Party,18.3
Hyderabad,Diesel,Sedan,82144,Manual,1st Owner,Maruti,2014,450000,Third Party,23.4
Hyderabad,Diesel,Sedan,40000,Automatic,1st Owner,BMW,2018,2300000,Third Party,22.69
Hyderabad,Diesel,Sedan,129517,Automatic,2nd Owner,Volkswagen,2015,500000,Third Party,21.21
Hyderabad,Petrol,Hatchback,39881,Automatic,1st Owner,Hyundai,2019,531000,Comprehensive,20.3
Hyderabad,Petrol,Hatchback,12280,Manual,1st Owner,Tata,2021,744000,Comprehensive,18.5
Hyderabad,Diesel,Sedan,70000,Manual,1st Owner,Tata,2011,200000,Third Party,21.12
Hyderabad,Cng,Hatchback,49984,Manual,1st Owner,Maruti,2020,576000,Comprehensive,30.47
Hyderabad,Petrol,SUV,51258,Automatic,1st Owner,Ford,2017,760000,Comprehensive,14.8
Hyderabad,Cng,Sedan,90000,Manual,2nd Owner,Hyundai,2019,400000,Third Party,11.97
Hyderabad,Petrol,Hatchback,95178,Manual,2nd Owner,Honda,2012,273000,Comprehensive,19.4
Hyderabad,Petrol,Sedan,62000,Manual,1st Owner,Volkswagen,2016,480000,Third Party,19.44
Hyderabad,Diesel,SUV,119781,Manual,1st Owner,Hyundai,2016,922000,Third Party,19.67
Hyderabad,Petrol,Hatchback,31750,Manual,2nd Owner,Tata,2021,746000,Zero Dep,18.5
Hyderabad,Diesel,MUV,78000,Automatic,1st Owner,Toyota,2019,2400000,Comprehensive,11.36
Hyderabad,Diesel,Sedan,110000,Manual,1st Owner,Hyundai,2013,490000,Third Party,22.32
Hyderabad,Petrol,Hatchback,73400,Automatic,1st Owner,Hyundai,2014,460000,Third Party,18.9
Hyderabad,Petrol,Hatchback,40000,Automatic,3rd Owner,Tata,2018,490000,Third Party,23.84
Hyderabad,Diesel,SUV,49500,Automatic,1st Owner,Mahindra,2020,1589000,Third Party,15.1
Hyderabad,Petrol,Sedan,14991,Manual,1st Owner,Hyundai,2022,930000,Third Party,17.7
Hyderabad,Petrol,MUV,32363,Manual,1st Owner,Maruti,2022,702000,Third Party,19.01
Hyderabad,Diesel,Sedan,60000,Manual,2nd Owner,Hyundai,2013,465000,Third Party,22.32
Hyderabad,Petrol,Hatchback,99750,Manual,2nd Owner,Hyundai,2002,50000,Third Party,9.99
Hyderabad,Petrol,Sedan,15504,Manual,1st Owner,Skoda,2021,1008000,Third Party,18.97
Hyderabad,Petrol,SUV,20858,Manual,1st Owner,Ford,2018,813000,Third Party,17
Hyderabad,Petrol,SUV,30000,Automatic,1st Owner,Jeep,2019,1485000,Third Party,16
Hyderabad,Diesel,SUV,90305,Manual,2nd Owner,Mahindra,2018,744000,Third Party,16.55
Hyderabad,Diesel,SUV,99128,Manual,1st Owner,Hyundai,2017,989000,Third Party,19.67
Hyderabad,Petrol,SUV,30000,Automatic,1st Owner,Jeep,2019,1485000,Third Party,16
Hyderabad,Petrol,Sedan,52597,Manual,2nd Owner,Honda,2014,408000,Comprehensive,18
Hyderabad,Diesel,Hatchback,112921,Manual,3rd Owner,Maruti,2015,400000,Third Party,25.2
Hyderabad,Diesel,Sedan,73626,Manual,1st Owner,Maruti,2014,492000,Third Party,23.4
Hyderabad,Petrol,Hatchback,42964,Automatic,1st Owner,Renault,2018,446000,Third Party,24.04
Hyderabad,Diesel,Sedan,100000,Manual,2nd Owner,Maruti,2016,500000,Third Party,28.09
Hyderabad,Diesel,SUV,89906,Manual,1st Owner,Jeep,2017,1103000,Comprehensive,17.1
Hyderabad,Diesel,SUV,80000,Manual,2nd Owner,Mahindra,2018,960000,Third Party,16.36
Hyderabad,Diesel,Sedan,110000,Manual,1st Owner,Maruti,2019,550000,Third Party,19.95
Hyderabad,Diesel,SUV,40000,Manual,1st Owner,Kia,2019,1500000,Third Party,20.8
Hyderabad,Petrol,Hatchback,40000,Automatic,2nd Owner,Tata,2020,660000,Third Party,19
Hyderabad,Diesel,Sedan,90000,Manual,1st Owner,Hyundai,2015,365000,Third Party,24.4
Hyderabad,Diesel,Sedan,30000,Automatic,1st Owner,Hyundai,2018,1450000,Third Party,18.23
Hyderabad,Petrol,Hatchback,45416,Automatic,1st Owner,Volkswagen,2021,900000,Third Party,16.47
Hyderabad,Petrol,Hatchback,64000,Manual,1st Owner,Hyundai,2013,385000,Third Party,18.5
Hyderabad,Petrol,SUV,16769,Automatic,1st Owner,MG,2021,1639000,Comprehensive,14.51
Hyderabad,Petrol,SUV,30580,Manual,1st Owner,Nissan,2021,765000,Comprehensive,20
Hyderabad,Diesel,SUV,47000,Automatic,1st Owner,Land Rover,2018,4500000,Third Party,15.68
Hyderabad,Petrol,SUV,25596,Automatic,2nd Owner,Tata,2021,991000,Third Party,17.05
Hyderabad,Diesel,SUV,89681,Manual,1st Owner,Maruti,2017,744000,Comprehensive,24.3
Hyderabad,Petrol,MUV,42000,Manual,1st Owner,Maruti,2018,825000,Third Party,19.01
Hyderabad,Petrol,MUV,29302,Automatic,1st Owner,Renault,2022,770000,Zero Dep,18.2
Hyderabad,Petrol,Sedan,41200,Automatic,1st Owner,Honda,2015,745000,Comprehensive,18
Hyderabad,Diesel,SUV,70076,Manual,1st Owner,Tata,2021,1775000,Third Party,16.35
Hyderabad,Diesel,SUV,90114,Manual,1st Owner,Ford,2018,765000,Comprehensive,23
Hyderabad,Diesel,SUV,80000,Manual,4th Owner,Mahindra,2014,250000,Third Party,15.96
Hyderabad,Petrol,SUV,5933,Automatic,1st Owner,Renault,2019,835000,Third Party,14.99
Hyderabad,Petrol,Hatchback,30000,Manual,1st Owner,Tata,2017,470000,Third Party,23.84
Hyderabad,Petrol,Hatchback,60000,Manual,1st Owner,Maruti,2011,200000,Third Party,20.92
Hyderabad,Electric,SUV,20000,Automatic,1st Owner,Mercedes-Benz,2021,7500000,Third Party,27.89
Hyderabad,Diesel,Sedan,66000,Automatic,1st Owner,Audi,2013,1299000,Third Party,16.55
Hyderabad,Petrol,Sedan,135000,Manual,1st Owner,Mercedes-Benz,2002,225000,Third Party,16
Hyderabad,Diesel,Sedan,110000,Manual,1st Owner,Skoda,2007,249000,Third Party,18.7
Hyderabad,Diesel,Sedan,133000,Automatic,1st Owner,Skoda,2007,279000,Third Party,11.9
Hyderabad,Diesel,Hatchback,61000,Manual,1st Owner,Ford,2011,310000,Third Party,20
Hyderabad,Petrol,Hatchback,29828,Manual,1st Owner,Renault,2021,418000,Third Party,21.46
Hyderabad,Petrol,Hatchback,58321,Manual,3rd Owner,Hyundai,2015,257000,Third Party,21.1
Hyderabad,Diesel,Sedan,85000,Automatic,1st Owner,Volvo,2012,799000,Third Party,18.5
Hyderabad,Petrol,Sedan,37566,Manual,2nd Owner,Honda,2019,622000,Third Party,19.5
Hyderabad,Petrol,Hatchback,60610,Manual,2nd Owner,Maruti,2016,238000,Third Party,22.05
Hyderabad,Petrol,Hatchback,30000,Manual,1st Owner,Volkswagen,2011,365000,Third Party,16.47
Hyderabad,Petrol,Hatchback,32098,Automatic,1st Owner,Maruti,2019,753000,Comprehensive,21.4
Hyderabad,Diesel,Sedan,100000,Manual,1st Owner,Honda,2015,520000,Third Party,26
Hyderabad,Petrol,Hatchback,48556,Automatic,1st Owner,Renault,2018,394000,Third Party,23.01
Hyderabad,Diesel,Sedan,76654,Automatic,1st Owner,Hyundai,2018,991000,Third Party,22
Hyderabad,Diesel,SUV,50000,Manual,1st Owner,Hyundai,2021,1400000,Third Party,14.93
Hyderabad,Petrol,Hatchback,39014,Automatic,1st Owner,Toyota,2019,773000,Third Party,19.56
Hyderabad,Petrol,Hatchback,105000,Manual,2nd Owner,Fiat,2015,475000,Third Party,17.1
Hyderabad,Diesel,Sedan,95000,Manual,1st Owner,Chevrolet,2010,465000,Third Party,18.3
Hyderabad,Diesel,SUV,122000,Manual,1st Owner,Toyota,2010,1199000,Third Party,11.5
Hyderabad,Petrol,SUV,10000,Automatic,1st Owner,Mahindra,2022,1300000,Third Party,16.5
Hyderabad,Diesel,SUV,45000,Automatic,1st Owner,Ford,2020,3575000,Third Party,12.62
Hyderabad,Diesel,SUV,80000,Manual,1st Owner,Ford,2017,700000,Third Party,23
Hyderabad,Diesel,SUV,120000,Manual,1st Owner,Ford,2015,450000,Third Party,22.77
Hyderabad,Diesel,SUV,44989,Automatic,1st Owner,Ford,2020,3900000,Third Party,12.4
Hyderabad,Petrol,Hatchback,68336,Manual,2nd Owner,Hyundai,2016,289000,Third Party,21.1
Hyderabad,Petrol,Hatchback,79202,Manual,1st Owner,Maruti,2013,403000,Third Party,22.38
Hyderabad,Diesel,MUV,150000,Manual,2nd Owner,Toyota,2008,380000,Third Party,12.8
Hyderabad,Diesel,Hatchback,101883,Manual,2nd Owner,Honda,2018,617000,Third Party,27.3
Hyderabad,Diesel,SUV,105405,Automatic,1st Owner,Hyundai,2018,1192000,Zero Dep,17.6
Hyderabad,Petrol,Sedan,120000,Manual,1st Owner,Hyundai,2012,340000,Third Party,17.01
Hyderabad,Petrol,Hatchback,55053,Automatic,1st Owner,Volkswagen,2021,925000,Third Party,16.47
Hyderabad,Petrol,Hatchback,10000,Manual,1st Owner,Maruti,2022,850000,Third Party,22.35
Hyderabad,Petrol,Hatchback,111046,Manual,1st Owner,Maruti,2015,225000,Third Party,24.39
Hyderabad,Cng,Hatchback,1457,Manual,1st Owner,Maruti,2022,692000,Zero Dep,35.6
Hyderabad,Petrol,Sedan,90000,Manual,2nd Owner,Hindustan Motors,1997,425000,Zero Dep,14
Hyderabad,Diesel,SUV,63752,Manual,1st Owner,Mahindra,2022,1180000,Zero Dep,17.29
Hyderabad,Diesel,Sedan,80000,Manual,2nd Owner,Tata,2010,195000,Third Party,19
Hyderabad,Diesel,Sedan,50000,Manual,1st Owner,Hyundai,2018,420000,Third Party,25.4
Hyderabad,Diesel,Hatchback,91543,Manual,3rd Owner,Maruti,2012,350000,Third Party,22.9
Hyderabad,Diesel,Sedan,60000,Manual,1st Owner,Ford,2019,590000,Third Party,26.1
Hyderabad,Diesel,SUV,30000,Manual,1st Owner,Tata,2021,960000,Third Party,23.22
Hyderabad,Diesel,SUV,74320,Manual,1st Owner,Maruti,2017,750000,Third Party,24.3
Hyderabad,Diesel,Hatchback,70000,Manual,2nd Owner,Chevrolet,2014,240000,Third Party,25.44
Hyderabad,Petrol,SUV,10000,Manual,1st Owner,Maruti,2022,1260000,Third Party,19.89
Hyderabad,Petrol,Sedan,53326,Manual,2nd Owner,Honda,2016,617000,Comprehensive,17.8
Hyderabad,Diesel,Sedan,97112,Automatic,1st Owner,Maruti,2019,770000,Third Party,28.4
Hyderabad,Petrol,SUV,10000,Automatic,1st Owner,Hyundai,2022,1800000,Third Party,13.53
Hyderabad,Petrol,Hatchback,8345,Automatic,1st Owner,Hyundai,2018,642000,Comprehensive,18.9
Hyderabad,Petrol,Hatchback,45852,Manual,2nd Owner,Maruti,2014,318000,Third Party,20.51
Hyderabad,Diesel,Hatchback,90000,Manual,1st Owner,Volkswagen,2016,620000,Third Party,21.49
Hyderabad,Petrol,SUV,12094,Automatic,1st Owner,Nissan,2022,951000,Zero Dep,17.4
Hyderabad,Petrol,MUV,20000,Automatic,1st Owner,Maruti,2021,900000,Third Party,17.99
Hyderabad,Diesel,SUV,30111,Manual,1st Owner,Hyundai,2021,1808000,Third Party,20.4
Hyderabad,Petrol,Hatchback,34840,Automatic,1st Owner,Maruti,2018,669000,Third Party,22.56
Hyderabad,Diesel,Sedan,100000,Automatic,2nd Owner,Skoda,2018,680000,Third Party,21.72
Hyderabad,Diesel,Sedan,110807,Manual,2nd Owner,Volkswagen,2013,376000,Third Party,20.54
Hyderabad,Petrol,SUV,10000,Manual,1st Owner,Kia,2022,1050000,Third Party,18.4
Hyderabad,Petrol,Hatchback,131561,Manual,5th Owner,Hyundai,2004,96000,Third Party,17
Hyderabad,Petrol,Sedan,38370,Manual,1st Owner,Hyundai,2021,600000,Third Party,20.5
Hyderabad,Petrol,SUV,60000,Manual,1st Owner,Maruti,2020,880000,Third Party,17.03
Hyderabad,Petrol,MUV,30000,Manual,1st Owner,Renault,2020,640000,Third Party,20
Hyderabad,Diesel,Sedan,120000,Manual,2nd Owner,Hyundai,2003,80000,Third Party,13.1
Hyderabad,Petrol,SUV,50000,Manual,1st Owner,Mahindra,2020,850000,Third Party,17
Hyderabad,Diesel,Sedan,70000,Automatic,1st Owner,BMW,2012,900000,Third Party,18.88
Hyderabad,Petrol,Hatchback,90566,Manual,2nd Owner,Hyundai,2010,195000,Third Party,17.92
Hyderabad,Diesel,Sedan,67370,Automatic,2nd Owner,Hyundai,2019,1033000,Third Party,22
Hyderabad,Petrol,SUV,20000,Automatic,1st Owner,MG,2021,1700000,Third Party,13.96
Hyderabad,Diesel,MUV,19661,Manual,1st Owner,Mahindra,2021,1268000,Third Party,17.3
Hyderabad,Diesel,SUV,58177,Manual,1st Owner,Hyundai,2021,1120000,Third Party,23.7
Hyderabad,Petrol,SUV,40000,Manual,1st Owner,Maruti,2020,850000,Third Party,18.55
Hyderabad,Diesel,SUV,76134,Manual,1st Owner,Renault,2013,408000,Third Party,20.46
Hyderabad,Diesel,SUV,40000,Manual,1st Owner,Hyundai,2022,1750000,Third Party,14.93
Hyderabad,Diesel,Sedan,90102,Manual,1st Owner,Honda,2014,542000,Third Party,26
Hyderabad,Petrol,Hatchback,32329,Manual,2nd Owner,Datsun,2019,287000,Third Party,22.7
Hyderabad,Petrol,SUV,50000,Manual,1st Owner,Mahindra,2020,810000,Third Party,17
Hyderabad,Petrol,SUV,72812,Automatic,2nd Owner,Tata,2020,969000,Zero Dep,16.35
Hyderabad,Diesel,Sedan,120000,Manual,3rd Owner,Hyundai,2016,280000,Third Party,24.4
Hyderabad,Petrol,Hatchback,30000,Automatic,2nd Owner,Hyundai,2019,700000,Third Party,17.4
Hyderabad,Diesel,Hatchback,60000,Manual,2nd Owner,Hyundai,2019,700000,Third Party,22.54
Hyderabad,Petrol,Sedan,70000,Manual,2nd Owner,Ford,2008,200000,Third Party,15.3
Hyderabad,Diesel,Sedan,60000,Manual,2nd Owner,Honda,2018,600000,Third Party,25.8
Hyderabad,Petrol,SUV,30000,Manual,2nd Owner,Hyundai,2022,875000,Third Party,17.52
Hyderabad,Diesel,SUV,24916,Automatic,1st Owner,Jeep,2022,3180000,Comprehensive,14.9
Hyderabad,Petrol,Hatchback,25121,Manual,1st Owner,Hyundai,2015,279000,Third Party,21.1
Hyderabad,Petrol,Hatchback,95916,Manual,2nd Owner,Hyundai,2011,244000,Comprehensive,20.36
Hyderabad,Diesel,Hatchback,98076,Manual,2nd Owner,Maruti,2016,300000,Third Party,23.2
Hyderabad,Petrol,Hatchback,84020,Manual,1st Owner,Renault,2018,339000,Third Party,23.01
Hyderabad,Petrol,Hatchback,49692,Manual,2nd Owner,Maruti,2015,259000,Third Party,22.05
Hyderabad,Petrol,Hatchback,90000,Manual,2nd Owner,Hyundai,2008,150000,Third Party,14.2
Hyderabad,Petrol,Hatchback,96502,Manual,1st Owner,Hyundai,2011,269000,Third Party,20.36
Hyderabad,Diesel,Sedan,60000,Automatic,2nd Owner,Jaguar,2018,6300000,Third Party,14.47
Hyderabad,Petrol,Hatchback,37634,Manual,1st Owner,Renault,2019,400000,Third Party,23.01
Hyderabad,Petrol,Hatchback,64934,Manual,2nd Owner,Maruti,2012,191000,Comprehensive,19.7
Hyderabad,Petrol,Hatchback,30000,Manual,1st Owner,Maruti,2022,580000,Third Party,24.35
Hyderabad,Petrol,Hatchback,61609,Automatic,2nd Owner,Hyundai,2011,324000,Third Party,16.95
Hyderabad,Petrol,Sedan,80000,Automatic,1st Owner,Skoda,2018,860000,Third Party,14.84
Hyderabad,Diesel,SUV,60000,Manual,1st Owner,Tata,2021,2100000,Third Party,16.14
Hyderabad,Diesel,MUV,70000,Manual,2nd Owner,Maruti,2016,790000,Third Party,24.52
Hyderabad,Cng,Hatchback,80000,Manual,2nd Owner,Maruti,2012,260000,Third Party,26.2
Hyderabad,Diesel,Hatchback,120000,Manual,2nd Owner,Tata,2016,100000,Third Party,25
Hyderabad,Diesel,SUV,80000,Manual,3rd Owner,Tata,2017,1050000,Third Party,17.6
Hyderabad,Diesel,Hatchback,120000,Manual,1st Owner,Maruti,2016,270000,Third Party,23.2
Hyderabad,Diesel,Hatchback,120000,Manual,2nd Owner,Maruti,2009,250000,Third Party,17.8
Hyderabad,Petrol,Hatchback,30088,Manual,1st Owner,Volkswagen,2021,732000,Zero Dep,17.74
Hyderabad,Petrol,Hatchback,65094,Manual,2nd Owner,Datsun,2017,273000,Comprehensive,22.7
Hyderabad,Diesel,Hatchback,120000,Manual,2nd Owner,Maruti,2009,250000,Third Party,17.8
Hyderabad,Petrol,Hatchback,55024,Manual,1st Owner,Maruti,2010,175000,Comprehensive,19.7
Hyderabad,Petrol,MUV,21687,Automatic,2nd Owner,Renault,2020,702000,Third Party,18.2
Hyderabad,Diesel,MUV,120000,Manual,1st Owner,Toyota,2013,1085000,Third Party,12.99
Hyderabad,Petrol,Hatchback,72762,Manual,1st Owner,Datsun,2017,279000,Third Party,19.02
Hyderabad,Diesel,Pickup Trucks,30000,Manual,1st Owner,Tata,2021,825000,Third Party,29.56
Hyderabad,Petrol,Hatchback,52791,Automatic,1st Owner,Maruti,2017,387000,Zero Dep,20.51
Hyderabad,Diesel,SUV,67879,Manual,1st Owner,Renault,2012,383000,Third Party,20.45
Hyderabad,Petrol,Hatchback,60053,Manual,1st Owner,Maruti,2018,600000,Third Party,21.4
Hyderabad,Petrol,SUV,23316,Manual,1st Owner,Nissan,2021,813000,Third Party,18.75
Hyderabad,Petrol,Hatchback,50000,Automatic,2nd Owner,Renault,2017,350000,Third Party,24.04
Hyderabad,Petrol,Hatchback,100000,Manual,2nd Owner,Hyundai,2007,155000,Third Party,17.92
Hyderabad,Lpg,Hatchback,60000,Manual,2nd Owner,Hyundai,2016,180000,Third Party,21.1
Hyderabad,Petrol,Sedan,20000,Automatic,1st Owner,Honda,2018,1050000,Third Party,18
Hyderabad,Diesel,Hatchback,120000,Manual,1st Owner,Tata,2015,180000,Third Party,17.88
Hyderabad,Petrol,SUV,30000,Manual,2nd Owner,Jeep,2018,890000,Third Party,16
Hyderabad,Diesel,Hatchback,70000,Manual,1st Owner,Maruti,2019,700000,Third Party,28.4
Hyderabad,Petrol,SUV,10000,Manual,2nd Owner,Nissan,2022,640000,Third Party,18.75
Hyderabad,Petrol,Hatchback,42203,Manual,2nd Owner,Renault,2016,290000,Third Party,25.17
Hyderabad,Petrol,SUV,27653,Automatic,1st Owner,Maruti,2020,999000,Comprehensive,18.43
Hyderabad,Diesel,SUV,100000,Automatic,2nd Owner,Audi,2013,1800000,Third Party,14.16
Hyderabad,Petrol,Hatchback,67429,Manual,1st Owner,Datsun,2016,286000,Third Party,19.02
Hyderabad,Petrol,Hatchback,65192,Manual,1st Owner,Renault,2017,293000,Third Party,23.01
Hyderabad,Petrol,Hatchback,120000,Manual,2nd Owner,Hyundai,2003,95000,Third Party,10.86
Hyderabad,Diesel,Hatchback,26893,Manual,1st Owner,Tata,2021,753000,Comprehensive,23.64
Hyderabad,Diesel,Sedan,90000,Automatic,2nd Owner,Chevrolet,2010,350000,Third Party,18.1
Hyderabad,Diesel,SUV,70167,Manual,2nd Owner,Maruti,2018,688000,Third Party,24.3
Hyderabad,Petrol,Minivans,84542,Manual,2nd Owner,Maruti,2016,376000,Third Party,15.37
Hyderabad,Petrol,Hatchback,50000,Automatic,1st Owner,Volkswagen,2015,600000,Third Party,17.21
Hyderabad,Petrol,Hatchback,36027,Manual,1st Owner,Maruti,2017,325000,Third Party,24.7
Hyderabad,Petrol,Hatchback,50000,Automatic,1st Owner,Volkswagen,2015,600000,Third Party,17.21
Hyderabad,Petrol,Hatchback,50000,Automatic,1st Owner,Volkswagen,2015,600000,Third Party,17.21
Hyderabad,Petrol,Hatchback,10000,Manual,1st Owner,Ford,2013,400000,Third Party,15.6
Hyderabad,Diesel,Sedan,90000,Manual,5th Owner,Volkswagen,2011,300000,Third Party,20.54
Hyderabad,Petrol,MUV,70000,Manual,3rd Owner,Tata,2004,80000,Third Party,12.8
Hyderabad,Petrol,SUV,40000,Manual,1st Owner,Hyundai,2022,1685000,Third Party,14.97
Hyderabad,Diesel,Hatchback,100000,Manual,1st Owner,Tata,2016,200000,Third Party,25
Hyderabad,Petrol,Sedan,40000,Manual,1st Owner,Honda,2021,720000,Third Party,18.6
Hyderabad,Petrol,SUV,77687,Manual,1st Owner,Honda,2021,1064000,Third Party,16.5
Hyderabad,Petrol,Hatchback,52456,Manual,1st Owner,Maruti,2016,647000,Comprehensive,21.4
Hyderabad,Petrol,Sedan,24000,Manual,1st Owner,Volkswagen,2022,1625000,Third Party,19.4
Hyderabad,Petrol,Hatchback,42674,Manual,1st Owner,Honda,2021,846000,Third Party,17.1
Hyderabad,Petrol,Hatchback,44903,Manual,1st Owner,Maruti,2019,458000,Third Party,21.7
Hyderabad,Petrol,Hatchback,65000,Manual,1st Owner,Maruti,2008,195000,Third Party,21.79
Hyderabad,Petrol,Hatchback,72205,Manual,2nd Owner,Maruti,2013,425000,Comprehensive,22.38
Hyderabad,Diesel,SUV,70000,Manual,1st Owner,Ford,2015,650000,Third Party,22.77
Hyderabad,Petrol,Hatchback,101306,Manual,2nd Owner,Volkswagen,2019,584000,Third Party,17.74
Hyderabad,Petrol,Hatchback,60000,Manual,2nd Owner,Hyundai,2009,220000,Third Party,20.36
Hyderabad,Petrol,Hatchback,81028,Manual,1st Owner,Maruti,2018,619000,Third Party,22.38
Hyderabad,Diesel,SUV,80000,Manual,1st Owner,Honda,2018,700000,Third Party,25.5
Hyderabad,Diesel,SUV,20000,Automatic,1st Owner,Tata,2021,2000000,Third Party,14.6
Hyderabad,Diesel,Sedan,120000,Manual,1st Owner,Maruti,2016,450000,Third Party,26.59
Hyderabad,Diesel,SUV,20000,Automatic,1st Owner,Tata,2021,2000000,Third Party,14.6
Hyderabad,Petrol,Hatchback,120000,Manual,2nd Owner,Hyundai,2010,180000,Third Party,10.86
Hyderabad,Petrol,Hatchback,52442,Manual,3rd Owner,Renault,2016,224000,Third Party,25.17
Hyderabad,Diesel,SUV,90001,Manual,2nd Owner,Renault,2014,381000,Third Party,19.01
Hyderabad,Petrol,Hatchback,87966,Manual,3rd Owner,Maruti,2014,459000,Third Party,22.38
Hyderabad,Petrol,Hatchback,105614,Manual,1st Owner,Maruti,2019,631000,Third Party,21.4
Hyderabad,Petrol,Sedan,11249,Manual,1st Owner,Honda,2020,951000,Third Party,18.6
Hyderabad,Petrol,Hatchback,39264,Manual,2nd Owner,Hyundai,2018,532000,Comprehensive,18.9
Hyderabad,Petrol,Hatchback,68359,Manual,1st Owner,Maruti,2017,301000,Third Party,24.7
Hyderabad,Petrol,Hatchback,49500,Manual,1st Owner,Hyundai,2010,245000,Third Party,19.81
Hyderabad,Petrol,Hatchback,51466,Automatic,2nd Owner,Volkswagen,2021,978000,Third Party,16.47
Hyderabad,Diesel,Sedan,99929,Manual,2nd Owner,Volkswagen,2013,315000,Third Party,20.54
Hyderabad,Petrol,Hatchback,64628,Manual,1st Owner,Maruti,2013,345000,Third Party,18.9
Hyderabad,Petrol,Hatchback,79151,Automatic,1st Owner,Maruti,2018,574000,Third Party,20.89
Hyderabad,Petrol,Hatchback,78131,Manual,1st Owner,Maruti,2017,405000,Comprehensive,23.1
Hyderabad,Diesel,SUV,103256,Manual,1st Owner,Maruti,2017,828000,Zero Dep,24.3
Hyderabad,Diesel,Sedan,0,Manual,3rd Owner,Tata,2007,20161,Third Party,17
Hyderabad,Petrol,SUV,45794,Manual,1st Owner,Maruti,2021,779000,Third Party,17.03
Hyderabad,Diesel,MUV,60000,Manual,1st Owner,Honda,2016,600000,Third Party,24.2
Hyderabad,Petrol,Sedan,20000,Manual,1st Owner,Maruti,2022,785000,Third Party,22.41
Hyderabad,Diesel,MUV,60000,Manual,1st Owner,Honda,2016,600000,Third Party,24.2
Hyderabad,Petrol,Sedan,80000,Manual,2nd Owner,Chevrolet,2015,230000,Third Party,18.2
Hyderabad,Petrol,SUV,60000,Automatic,1st Owner,Ford,2015,630000,Third Party,16.5
Hyderabad,Petrol,Hatchback,60000,Manual,2nd Owner,Hyundai,2010,260000,Third Party,17
Hyderabad,Petrol,Hatchback,67407,Manual,3rd Owner,Hyundai,2016,585000,Third Party,18.6
Hyderabad,Petrol,Hatchback,58713,Manual,2nd Owner,Maruti,2019,442000,Comprehensive,21.7
Hyderabad,Diesel,Sedan,90000,Automatic,1st Owner,Volkswagen,2016,1000000,Third Party,16.96
Hyderabad,Petrol,Hatchback,33798,Manual,1st Owner,Hyundai,2021,618000,Third Party,20.7
Hyderabad,Petrol,Hatchback,33190,Manual,1st Owner,Hyundai,2016,490000,Third Party,18.9
Hyderabad,Petrol,Hatchback,30000,Manual,1st Owner,Maruti,2020,585000,Third Party,21.21
Hyderabad,Petrol,Hatchback,56346,Manual,2nd Owner,Hyundai,2016,588000,Third Party,18.6
Hyderabad,Diesel,Sedan,80000,Manual,1st Owner,Maruti,2017,850000,Third Party,28.09
Hyderabad,Petrol,Hatchback,59512,Automatic,2nd Owner,Maruti,2018,704000,Third Party,21.4
Hyderabad,Diesel,SUV,120000,Automatic,2nd Owner,Chevrolet,2010,410000,Third Party,12.12
Hyderabad,Diesel,Hatchback,81342,Automatic,2nd Owner,Maruti,2017,583000,Third Party,26.8
Hyderabad,Diesel,SUV,40000,Manual,1st Owner,Jeep,2018,1500000,Third Party,17.1
Hyderabad,Petrol,Hatchback,10000,Automatic,1st Owner,Hyundai,2022,1150000,Third Party,20.25
Hyderabad,Petrol,SUV,60000,Automatic,1st Owner,Ford,2015,630000,Third Party,16.5
Hyderabad,Diesel,Hatchback,120000,Manual,2nd Owner,Ford,2011,150000,Third Party,20
Hyderabad,Diesel,Sedan,110000,Manual,1st Owner,Maruti,2017,650000,Third Party,26.59
Hyderabad,Diesel,Pickup Trucks,20000,Manual,1st Owner,Mahindra,2020,850000,Third Party,25.23
Hyderabad,Diesel,SUV,30000,Manual,1st Owner,Honda,2017,720000,Third Party,25.5
Hyderabad,Petrol,Hatchback,44478,Manual,1st Owner,Maruti,2018,350000,Comprehensive,24.39
Hyderabad,Petrol,Hatchback,29765,Manual,2nd Owner,Hyundai,2020,646000,Third Party,20.7
Hyderabad,Diesel,SUV,30000,Automatic,1st Owner,Tata,2021,2300000,Third Party,14.6
Hyderabad,Petrol,Hatchback,83688,Manual,1st Owner,Maruti,2017,570000,Comprehensive,21.4
Hyderabad,Petrol,Hatchback,52704,Automatic,2nd Owner,Hyundai,2018,586000,Comprehensive,18.9
Hyderabad,Diesel,SUV,40000,Manual,2nd Owner,Jeep,2017,1250000,Third Party,17.1
Hyderabad,Petrol,Hatchback,51278,Manual,2nd Owner,Maruti,2019,504000,Third Party,20.89
Hyderabad,Diesel,SUV,110000,Manual,1st Owner,Ford,2013,450000,Third Party,22.7
Hyderabad,Petrol,Hatchback,89218,Manual,1st Owner,Maruti,2015,336000,Third Party,20.51
Hyderabad,Diesel,Sedan,88900,Automatic,1st Owner,Maruti,2018,798000,Third Party,28.4
Hyderabad,Petrol,Hatchback,70000,Manual,1st Owner,Chevrolet,2009,100000,Third Party,16.5
Hyderabad,Petrol,Hatchback,96639,Manual,1st Owner,Renault,2018,362000,Third Party,23.01
Hyderabad,Petrol,Sedan,19100,Manual,1st Owner,Honda,2019,750000,Comprehensive,19.5
Hyderabad,Petrol,Sedan,100000,Manual,2nd Owner,Ford,2004,90000,Third Party,14.2
Hyderabad,Petrol,MUV,70000,Manual,2nd Owner,Maruti,2021,1030000,Third Party,19.01
Hyderabad,Petrol,Hatchback,10000,Manual,2nd Owner,Tata,2021,700000,Third Party,19.01
Hyderabad,Diesel,Hatchback,100000,Manual,3rd Owner,Hyundai,2014,395000,Third Party,24
Hyderabad,Petrol,Sedan,50000,Manual,1st Owner,Skoda,2019,830000,Third Party,14.3
Hyderabad,Diesel,SUV,120000,Automatic,1st Owner,Toyota,2014,1500000,Third Party,12.55
Hyderabad,Petrol,Hatchback,114000,Manual,1st Owner,Hyundai,2011,280000,Third Party,18.5
Hyderabad,Petrol,Hatchback,57435,Manual,1st Owner,Hyundai,2019,485000,Comprehensive,20.3
Hyderabad,Petrol,Hatchback,24978,Manual,2nd Owner,Hyundai,2019,495000,Third Party,20.3
Hyderabad,Petrol,Sedan,73322,Automatic,1st Owner,Hyundai,2016,450000,Third Party,19.1
Hyderabad,Petrol,Hatchback,47784,Manual,2nd Owner,Honda,2014,397000,Third Party,19.4
Hyderabad,Petrol,Hatchback,80643,Automatic,1st Owner,Toyota,2020,716000,Third Party,19.56
Hyderabad,Petrol,Sedan,48683,Manual,1st Owner,Skoda,2019,830000,Third Party,14.3
Hyderabad,Petrol,Hatchback,87908,Manual,1st Owner,Maruti,2016,380000,Third Party,20.51
Hyderabad,Petrol,Sedan,120000,Manual,1st Owner,Chevrolet,2013,200000,Third Party,18.2
Hyderabad,Petrol,Hatchback,61822,Automatic,1st Owner,Maruti,2016,460000,Comprehensive,23.1
Hyderabad,Petrol,Hatchback,23748,Manual,1st Owner,Maruti,2021,410000,Third Party,22.05
Hyderabad,Petrol,Hatchback,120000,Manual,2nd Owner,Volkswagen,2010,250000,Third Party,16.47
Hyderabad,Petrol,Hatchback,84484,Automatic,1st Owner,Maruti,2016,408000,Third Party,20.51
Hyderabad,Petrol,Hatchback,10000,Automatic,1st Owner,Renault,2018,400000,Third Party,24.04
Hyderabad,Petrol,Hatchback,10000,Automatic,1st Owner,Renault,2018,400000,Third Party,24.04
Hyderabad,Petrol,Hatchback,60000,Automatic,1st Owner,Mercedes-Benz,2014,1100000,Third Party,11.9
Hyderabad,Petrol,Hatchback,70000,Manual,2nd Owner,Hyundai,2011,310000,Third Party,17
Hyderabad,Petrol,Hatchback,50000,Automatic,2nd Owner,Maruti,2018,650000,Third Party,21.21
Hyderabad,Diesel,Hatchback,100000,Manual,1st Owner,Tata,2015,350000,Third Party,22.95
Hyderabad,Diesel,MUV,150000,Manual,1st Owner,Toyota,2005,304000,Third Party,12.8
Hyderabad,Petrol,SUV,40000,Manual,2nd Owner,Tata,2018,750000,Third Party,17
Hyderabad,Petrol,Hatchback,70145,Manual,1st Owner,Maruti,2014,255000,Comprehensive,22.05
Hyderabad,Petrol,SUV,70226,Manual,1st Owner,Honda,2021,836000,Comprehensive,16.5
Hyderabad,Petrol,SUV,30000,Automatic,1st Owner,Tata,2021,1175000,Third Party,16.35
Hyderabad,Petrol,Hatchback,67993,Manual,2nd Owner,Maruti,2015,363000,Third Party,20.51
Hyderabad,Petrol,Hatchback,73224,Automatic,2nd Owner,Maruti,2018,729000,Comprehensive,21.4
Hyderabad,Diesel,MUV,150000,Manual,2nd Owner,Toyota,2016,1600000,Third Party,13.68
Hyderabad,Petrol,Sedan,75199,Manual,2nd Owner,Honda,2017,773000,Comprehensive,17.8
Hyderabad,Diesel,SUV,40000,Manual,1st Owner,Jeep,2018,1450000,Third Party,17.1
Hyderabad,Petrol,Hatchback,58671,Manual,1st Owner,Maruti,2016,590000,Third Party,22.38
Hyderabad,Petrol,Hatchback,54187,Manual,1st Owner,Maruti,2019,582000,Zero Dep,22.38
Hyderabad,Diesel,Sedan,43000,Automatic,1st Owner,Mercedes-Benz,2019,4850000,Third Party,16.1
Hyderabad,Petrol,Hatchback,63457,Manual,2nd Owner,Hyundai,2014,552000,Comprehensive,18.6
Hyderabad,Diesel,Sedan,117189,Manual,1st Owner,Honda,2014,500000,Third Party,25.1
Hyderabad,Diesel,SUV,110000,Automatic,1st Owner,Mahindra Ssangyong,2014,800000,Third Party,11.18
Hyderabad,Petrol,SUV,20000,Manual,1st Owner,Toyota,2021,950000,Third Party,17.03
Hyderabad,Petrol,SUV,12727,Manual,1st Owner,Ford,2020,820000,Third Party,15.9
Hyderabad,Diesel,SUV,70000,Manual,2nd Owner,Tata,2017,1050000,Third Party,17.6
Hyderabad,Petrol,Hatchback,50000,Manual,1st Owner,Hyundai,2009,180000,Third Party,17.92
Hyderabad,Petrol,SUV,20000,Manual,1st Owner,Kia,2022,1300000,Third Party,18.2
Hyderabad,Petrol,Hatchback,58547,Manual,2nd Owner,Datsun,2019,341000,Comprehensive,22.7
Hyderabad,Petrol,Hatchback,70784,Manual,1st Owner,Hyundai,2018,708000,Third Party,17.19
Hyderabad,Diesel,SUV,80000,Automatic,2nd Owner,Jaguar,2018,3600000,Third Party,16.38
Hyderabad,Petrol,Hatchback,94681,Manual,2nd Owner,Maruti,2014,367000,Comprehensive,18.5
Hyderabad,Diesel,SUV,37421,Manual,2nd Owner,Mahindra,2013,522000,Comprehensive,16.55
Hyderabad,Petrol,SUV,40000,Automatic,1st Owner,Mahindra,2021,1500000,Third Party,19.97
Hyderabad,Diesel,Sedan,100456,Manual,1st Owner,Skoda,2016,765000,Third Party,21.13
Hyderabad,Petrol,Sedan,80000,Manual,2nd Owner,Honda,2008,250000,Third Party,13.5
Hyderabad,Petrol,Hatchback,95036,Manual,2nd Owner,Maruti,2013,425000,Comprehensive,22.38
Hyderabad,Petrol,Hatchback,96632,Manual,2nd Owner,Hyundai,2015,260000,Comprehensive,21.1
Hyderabad,Petrol,Sedan,80000,Manual,2nd Owner,Honda,2008,250000,Third Party,13.5
Hyderabad,Petrol,Hatchback,60976,Manual,1st Owner,Maruti,2015,257000,Third Party,22.05
Hyderabad,Petrol,Hatchback,120000,Manual,1st Owner,Maruti,2001,69000,Zero Dep,17.3
Hyderabad,Petrol,Hatchback,88046,Manual,3rd Owner,Chevrolet,2008,50000,Third Party,18
Hyderabad,Diesel,SUV,103000,Automatic,1st Owner,Volvo,2016,1625000,Third Party,14.7
Hyderabad,Petrol,SUV,9800,Manual,1st Owner,Jeep,2019,1650000,Third Party,16
Hyderabad,Petrol,SUV,92000,Automatic,1st Owner,Audi,2010,1150000,Third Party,9.74
Hyderabad,Petrol,MUV,59000,Manual,1st Owner,Honda,2014,499000,Third Party,17.3
Hyderabad,Diesel,Sedan,93000,Manual,1st Owner,Chevrolet,2013,315000,Third Party,22.1
Hyderabad,Petrol,SUV,10000,Automatic,1st Owner,Tata,2022,980000,Third Party,18.8
Hyderabad,Diesel,SUV,70451,Manual,2nd Owner,Maruti,2017,821000,Third Party,24.3
Hyderabad,Petrol,Hatchback,73838,Automatic,2nd Owner,Maruti,2018,568000,Third Party,22.56
Hyderabad,Petrol,SUV,20000,Automatic,1st Owner,Hyundai,2022,2100000,Third Party,14.2
Hyderabad,Petrol,Hatchback,22726,Manual,1st Owner,Renault,2020,446000,Third Party,22.3
Hyderabad,Diesel,Hatchback,98700,Automatic,2nd Owner,Maruti,2017,555000,Third Party,26.8
Hyderabad,Petrol,SUV,20000,Automatic,1st Owner,MG,2022,1850000,Third Party,14.34
Hyderabad,Diesel,Hatchback,97909,Manual,2nd Owner,Maruti,2018,559000,Comprehensive,27.39
Hyderabad,Diesel,SUV,30000,Manual,1st Owner,Ford,2020,1050000,Third Party,21.7
Hyderabad,Petrol,Hatchback,77945,Manual,2nd Owner,Hyundai,2013,412000,Comprehensive,18.9
Hyderabad,Petrol,Sedan,86017,Manual,1st Owner,Maruti,2017,615000,Comprehensive,21.21
Hyderabad,Diesel,SUV,20000,Manual,1st Owner,Hyundai,2021,1810000,Third Party,14.93
Hyderabad,Petrol,Hatchback,83596,Manual,1st Owner,Maruti,2017,390000,Comprehensive,20.51
Hyderabad,Petrol,Hatchback,80000,Manual,2nd Owner,Maruti,2004,70000,Third Party,16.1
Hyderabad,Petrol,Sedan,110000,Manual,2nd Owner,Chevrolet,2005,70000,Third Party,17.4
Hyderabad,Petrol,Hatchback,40000,Manual,1st Owner,Ford,2019,560000,Third Party,19
Hyderabad,Petrol,Sedan,50000,Manual,1st Owner,Maruti,2022,750000,Third Party,22.41
Hyderabad,Diesel,SUV,120000,Manual,2nd Owner,Toyota,2001,170000,Comprehensive,13.1
Hyderabad,Petrol,SUV,10000,Manual,1st Owner,Mahindra,2022,1320000,Third Party,16.82
Hyderabad,Diesel,Hatchback,100000,Manual,1st Owner,Ford,2015,220000,Third Party,25.83
Hyderabad,Diesel,SUV,79464,Manual,1st Owner,Maruti,2018,850000,Third Party,25.1
Hyderabad,Petrol,Sedan,87113,Manual,1st Owner,Maruti,2016,523000,Third Party,22.41
Hyderabad,Petrol,Sedan,52315,Manual,1st Owner,Maruti,2015,583000,Comprehensive,22.41
Hyderabad,Petrol,SUV,10000,Automatic,1st Owner,MG,2020,1750000,Third Party,11.67
Hyderabad,Petrol,Hatchback,60817,Manual,2nd Owner,Hyundai,2015,451000,Comprehensive,18.9
Hyderabad,Diesel,Sedan,55797,Manual,2nd Owner,Hyundai,2018,668000,Comprehensive,25.4
Hyderabad,Diesel,Sedan,110000,Manual,2nd Owner,Hyundai,2006,195000,Third Party,16.8
Hyderabad,Diesel,SUV,64285,Manual,1st Owner,Maruti,2017,824000,Third Party,24.3
Hyderabad,Diesel,Sedan,120000,Manual,2nd Owner,Skoda,2006,160000,Third Party,18.7
Hyderabad,Diesel,Sedan,85948,Automatic,1st Owner,Maruti,2016,622000,Third Party,26.59
Hyderabad,Petrol,Sedan,105746,Manual,3rd Owner,Honda,2013,425000,Comprehensive,16.8
Hyderabad,Petrol,MUV,100000,Manual,1st Owner,Honda,2015,450000,Third Party,17.3
Hyderabad,Petrol,Sedan,45949,Manual,1st Owner,Volkswagen,2020,1020000,Third Party,17.69
Hyderabad,Petrol,Sedan,92000,Manual,1st Owner,Toyota,2006,325000,Third Party,13.4
Hyderabad,Diesel,Sedan,83000,Automatic,1st Owner,Audi,2012,1499000,Third Party,17.68
Hyderabad,Petrol,Hatchback,60000,Manual,1st Owner,Hyundai,2008,249000,Third Party,20.36
Hyderabad,Diesel,Hatchback,75000,Manual,1st Owner,Hyundai,2018,799000,Third Party,21.19
Hyderabad,Petrol,Hatchback,80000,Manual,2nd Owner,Maruti,2004,70000,Third Party,16.1
Hyderabad,Diesel,Hatchback,71000,Manual,1st Owner,Maruti,2013,390000,Third Party,22.9
Hyderabad,Petrol,Sedan,84000,Manual,1st Owner,Hyundai,2015,580000,Third Party,17.01
Hyderabad,Petrol,Hatchback,110000,Manual,1st Owner,Maruti,2018,380000,Third Party,23.1
Hyderabad,Petrol,Hatchback,48659,Manual,1st Owner,Hyundai,2011,264000,Third Party,20.36
Hyderabad,Petrol,Hatchback,26970,Automatic,1st Owner,Hyundai,2019,531000,Third Party,20.3
Hyderabad,Petrol,Sedan,92000,Manual,1st Owner,Mercedes-Benz,2007,525000,Third Party,11.7
Hyderabad,Diesel,SUV,29766,Manual,1st Owner,Tata,2022,1024000,Third Party,23.22
Hyderabad,Petrol,Hatchback,6580,Manual,1st Owner,Renault,2022,552000,Comprehensive,21.46
Hyderabad,Diesel,SUV,80000,Automatic,2nd Owner,BMW,2011,950000,Third Party,17.05
Hyderabad,Petrol,Hatchback,98910,Manual,2nd Owner,Maruti,2012,382000,Third Party,22.38
Hyderabad,Diesel,SUV,80000,Automatic,2nd Owner,BMW,2011,950000,Third Party,17.05
Hyderabad,Petrol,Sedan,48247,Automatic,1st Owner,Maruti,2017,715000,Third Party,19.12
Hyderabad,Petrol,Hatchback,54515,Manual,2nd Owner,Honda,2016,382000,Third Party,19.4
Hyderabad,Diesel,SUV,10000,Manual,2nd Owner,Maruti,2018,860000,Third Party,24.3
Hyderabad,Petrol,Hatchback,80546,Manual,1st Owner,Maruti,2017,635000,Comprehensive,21.4
Hyderabad,Lpg,Hatchback,10000,Manual,2nd Owner,Maruti,2013,325000,Third Party,14.6
Hyderabad,Petrol,Hatchback,20000,Manual,2nd Owner,Maruti,2008,120000,Third Party,19.7
Hyderabad,Petrol,SUV,20000,Manual,1st Owner,Tata,2022,850000,Third Party,20.09
Hyderabad,Petrol,Sedan,10000,Automatic,1st Owner,Skoda,2022,1700000,Third Party,18.07
Hyderabad,Petrol,Sedan,110000,Manual,3rd Owner,Tata,2012,170000,Third Party,13.7
Hyderabad,Petrol,Sedan,100000,Manual,2nd Owner,Honda,2006,200000,Third Party,11.9
Hyderabad,Diesel,SUV,20000,Manual,2nd Owner,Mahindra,2012,400000,Third Party,12.05
Hyderabad,Diesel,SUV,20000,Manual,2nd Owner,Mahindra,2012,400000,Third Party,12.05
Hyderabad,Petrol,Hatchback,87773,Manual,1st Owner,Hyundai,2014,327000,Comprehensive,19.81
Hyderabad,Petrol,Sedan,81854,Manual,1st Owner,Honda,2018,627000,Comprehensive,19.5
Hyderabad,Diesel,Hatchback,110000,Manual,1st Owner,Maruti,2012,350000,Third Party,22.9
Hyderabad,Petrol,SUV,33090,Manual,1st Owner,Tata,2021,993000,Third Party,17.33
Hyderabad,Petrol,Sedan,76071,Manual,2nd Owner,Maruti,2016,550000,Third Party,20.73
Hyderabad,Petrol,Hatchback,60000,Manual,3rd Owner,Renault,2016,250000,Third Party,25.17
Hyderabad,Diesel,SUV,96529,Automatic,1st Owner,Tata,2021,1924000,Third Party,14.08
Hyderabad,Diesel,Sedan,110000,Manual,2nd Owner,Volkswagen,2011,270000,Third Party,20.54
Hyderabad,Diesel,SUV,89576,Manual,3rd Owner,Ford,2017,669000,Comprehensive,22.77
Hyderabad,Diesel,Sedan,88178,Manual,1st Owner,Hyundai,2020,1321000,Third Party,25
Hyderabad,Diesel,MUV,70000,Manual,2nd Owner,Maruti,2013,650000,Third Party,20.77
Hyderabad,Petrol,Sedan,16925,Manual,1st Owner,Honda,2021,706000,Third Party,18.6
Hyderabad,Petrol,Hatchback,12000,Manual,1st Owner,Maruti,2013,245000,Third Party,22.05
Hyderabad,Diesel,SUV,20000,Automatic,1st Owner,BMW,2018,5500000,Third Party,16.55
Hyderabad,Diesel,SUV,60000,Manual,1st Owner,Mahindra,2013,700000,Third Party,15.1
Hyderabad,Diesel,SUV,60000,Manual,1st Owner,Mahindra,2013,700000,Third Party,15.1
Hyderabad,Diesel,Sedan,50000,Automatic,1st Owner,Jaguar,2014,2000000,Third Party,14.74
Hyderabad,Diesel,Sedan,120000,Automatic,3rd Owner,BMW,2018,3500000,Third Party,20.37
Hyderabad,Diesel,SUV,50000,Automatic,2nd Owner,Tata,2019,850000,Third Party,21.5
Hyderabad,Diesel,MUV,100000,Manual,1st Owner,Toyota,2015,1500000,Third Party,12.99
Jaipur,Diesel,Hatchback,120000,Manual,2nd Owner,Hyundai,2015,510000,Third Party,22.54
Jaipur,Petrol,Hatchback,66951,Manual,1st Owner,Maruti,2012,381000,Third Party,22.38
Jaipur,Petrol,Hatchback,80000,Automatic,2nd Owner,Maruti,2016,320000,Third Party,23.1
Jaipur,Petrol,Hatchback,44392,Manual,1st Owner,Hyundai,2017,420000,Third Party,18.9
Jaipur,Petrol,Hatchback,40000,Automatic,1st Owner,Maruti,2016,350000,Third Party,20.51
Jaipur,Diesel,Sedan,150000,Manual,2nd Owner,Hyundai,2007,150000,Third Party,16.8
Jaipur,Petrol,Sedan,91771,Manual,2nd Owner,Hyundai,2016,489000,Comprehensive,19.1
Jaipur,Diesel,Sedan,90000,Automatic,1st Owner,Skoda,2011,425000,Third Party,17.2
Jaipur,Diesel,SUV,58621,Automatic,1st Owner,BMW,2014,1375000,Comprehensive,17.05
Jaipur,Diesel,Sedan,90000,Automatic,1st Owner,Skoda,2011,450000,Third Party,17.2
Jaipur,Diesel,Hatchback,120000,Manual,3rd Owner,Hyundai,2013,350000,Third Party,21.9
Jaipur,Diesel,Sedan,120000,Manual,1st Owner,Tata,2017,449000,Third Party,22.95
Jaipur,Petrol,Hatchback,53165,Automatic,1st Owner,Hyundai,2011,295000,Comprehensive,16.95
Jaipur,Diesel,Sedan,13500,Automatic,1st Owner,BMW,2020,5890000,Comprehensive,20.37
Jaipur,Diesel,Sedan,44210,Automatic,1st Owner,BMW,2020,10500000,Comprehensive,16.77
Jaipur,Diesel,Sedan,63255,Automatic,1st Owner,Skoda,2017,1990000,Comprehensive,18.19
Jaipur,Diesel,Sedan,79215,Manual,1st Owner,Maruti,2015,475000,Third Party,26.59
Jaipur,Petrol,SUV,200,Automatic,1st Owner,Hyundai,2023,2000000,Third Party,14.97
Jaipur,Petrol,SUV,40000,Manual,1st Owner,Mahindra,2019,900000,Third Party,17
Jaipur,Petrol,SUV,40000,Automatic,1st Owner,Tata,2021,950000,Third Party,17.05
Jaipur,Diesel,SUV,60000,Manual,1st Owner,Tata,2020,1900000,Third Party,16.35
Jaipur,Petrol,Sedan,92721,Manual,1st Owner,Volkswagen,2017,436000,Third Party,17
Jaipur,Diesel,SUV,90000,Manual,1st Owner,Hyundai,2016,1000000,Third Party,19.67
Jaipur,Petrol,Hatchback,34644,Manual,1st Owner,Volkswagen,2012,252000,Third Party,16.47
Jaipur,Petrol,Hatchback,23000,Manual,2nd Owner,Maruti,2021,685000,Comprehensive,21.01
Jaipur,Petrol,Sedan,100000,Manual,1st Owner,Honda,2015,550000,Third Party,17.4
Jaipur,Diesel,Sedan,95000,Automatic,2nd Owner,Honda,2018,699000,Comprehensive,23.8
Jaipur,Diesel,Sedan,69000,Manual,1st Owner,Maruti,2018,750000,Comprehensive,28.4
Jaipur,Petrol,Hatchback,22000,Manual,1st Owner,Maruti,2018,325000,Comprehensive,24.7
Jaipur,Diesel,Sedan,85000,Automatic,2nd Owner,BMW,2012,1300000,Third Party,18.48
Jaipur,Diesel,SUV,90000,Automatic,2nd Owner,Skoda,2017,2250000,Third Party,16.25
Jaipur,Diesel,SUV,82243,Automatic,1st Owner,BMW,2017,4600000,Comprehensive,15.3
Jaipur,Petrol,Hatchback,63000,Manual,2nd Owner,Hyundai,2013,375000,Comprehensive,18.5
Jaipur,Diesel,Hatchback,77177,Manual,1st Owner,Maruti,2016,560000,Comprehensive,27.39
Jaipur,Diesel,Sedan,28368,Manual,1st Owner,Volkswagen,2011,590000,Comprehensive,20.54
Jaipur,Petrol,SUV,40000,Manual,1st Owner,Renault,2022,555000,Third Party,19.17
Jaipur,Petrol,SUV,9690,Automatic,1st Owner,BMW,2022,4200000,Comprehensive,14.82
Jaipur,Petrol,Hatchback,40000,Manual,2nd Owner,Tata,2011,60000,Third Party,26
Jaipur,Petrol,Hatchback,40000,Manual,1st Owner,Maruti,2019,600000,Third Party,21.21
Jaipur,Petrol,Hatchback,80000,Manual,2nd Owner,Hyundai,2011,170000,Third Party,21.1
Jaipur,Diesel,Hatchback,62761,Manual,1st Owner,Volkswagen,2014,343000,Comprehensive,22.07
Jaipur,Petrol,Hatchback,45075,Manual,1st Owner,Maruti,2019,544000,Zero Dep,20.52
Jaipur,Petrol,SUV,36882,Manual,1st Owner,Mahindra,2021,990000,Comprehensive,16.82
Jaipur,Petrol,Hatchback,82030,Manual,1st Owner,Hyundai,2015,469000,Comprehensive,18.9
Jaipur,Petrol,Hatchback,31469,Automatic,1st Owner,Maruti,2017,716000,Third Party,21.4
Jaipur,Petrol,SUV,20000,Manual,1st Owner,Maruti,2022,1000000,Third Party,18.55
Jaipur,Petrol,Hatchback,70000,Manual,3rd Owner,Chevrolet,2010,150000,Third Party,18
Jaipur,Diesel,Hatchback,120000,Manual,1st Owner,Hyundai,2014,305000,Third Party,21.9
Jaipur,Diesel,Sedan,120000,Manual,2nd Owner,Maruti,2017,550000,Third Party,26.59
Jaipur,Diesel,SUV,90000,Automatic,3rd Owner,Audi,2014,1300000,Third Party,15.73
Jaipur,Petrol,Hatchback,70000,Manual,5th Owner,Honda,2012,290000,Third Party,19.4
Jaipur,Diesel,Sedan,90000,Manual,2nd Owner,Hyundai,2013,550000,Third Party,22.32
Jaipur,Lpg,Sedan,100000,Manual,2nd Owner,Hyundai,2011,210000,Third Party,13.2
Jaipur,Petrol,MUV,70000,Manual,1st Owner,Maruti,2020,910000,Third Party,19.01
Jaipur,Petrol,Hatchback,80000,Manual,1st Owner,Maruti,2010,225000,Third Party,18.9
Jaipur,Petrol,Hatchback,43336,Manual,1st Owner,Hyundai,2018,725000,Comprehensive,18.6
Jaipur,Diesel,MUV,120000,Manual,2nd Owner,Mahindra,2018,570000,Third Party,17.3
Jaipur,Petrol,Sedan,40000,Automatic,2nd Owner,Honda,2020,1200000,Third Party,18.3
Jaipur,Petrol,SUV,90000,Manual,2nd Owner,Tata,2018,721000,Third Party,17
Jaipur,Petrol,Hatchback,21659,Manual,1st Owner,Honda,2021,775000,Third Party,17.1
Jaipur,Diesel,SUV,80000,Manual,1st Owner,Maruti,2017,740000,Third Party,24.3
Jaipur,Petrol,Hatchback,63662,Automatic,1st Owner,Maruti,2018,732000,Third Party,21.4
Jaipur,Diesel,MUV,188000,Manual,2nd Owner,Toyota,2012,650000,Comprehensive,12.99
Jaipur,Diesel,Sedan,82058,Automatic,1st Owner,Jaguar,2019,5890000,Comprehensive,14.47
Jaipur,Diesel,SUV,67847,Manual,1st Owner,Maruti,2019,850000,Comprehensive,25.1
Jaipur,Diesel,SUV,59627,Automatic,1st Owner,Kia,2020,1650000,Comprehensive,18
Jaipur,Diesel,SUV,20000,Automatic,1st Owner,Tata,2022,2150000,Third Party,14.6
Jaipur,Diesel,SUV,50000,Manual,1st Owner,Mahindra,2013,500000,Third Party,15.1
Jaipur,Diesel,Sedan,110000,Manual,2nd Owner,Maruti,2011,250000,Third Party,19.3
Jaipur,Petrol,Sedan,20000,Manual,1st Owner,Skoda,2022,1473000,Third Party,19.47
Jaipur,Diesel,Sedan,100000,Manual,4th Owner,Maruti,2018,650000,Third Party,28.4
Jaipur,Petrol,Sedan,80000,Manual,2nd Owner,Maruti,2009,175000,Third Party,15.5
Jaipur,Diesel,SUV,76800,Manual,1st Owner,Ford,2018,750000,Third Party,21.7
Jaipur,Petrol,Hatchback,71711,Automatic,1st Owner,Maruti,2017,690000,Comprehensive,21.4
Jaipur,Petrol,Hatchback,28406,Manual,1st Owner,Maruti,2019,714000,Zero Dep,21.4
Jaipur,Petrol,Sedan,50000,Automatic,1st Owner,Skoda,2020,2680000,Third Party,14.67
Jaipur,Petrol,Hatchback,53615,Manual,1st Owner,Maruti,2019,492000,Third Party,25.24
Jaipur,Petrol,Hatchback,33959,Manual,2nd Owner,Hyundai,2015,401000,Third Party,18.9
Jaipur,Petrol,Hatchback,65300,Manual,2nd Owner,Honda,2016,475000,Comprehensive,18.7
Jaipur,Diesel,SUV,49000,Manual,1st Owner,Jeep,2020,1700000,Comprehensive,17.1
Jaipur,Diesel,Sedan,81000,Manual,2nd Owner,Maruti,2014,525000,Comprehensive,19.3
Jaipur,Petrol,Hatchback,70000,Manual,3rd Owner,Hyundai,2014,175000,Third Party,20.3
Jaipur,Cng,Hatchback,150000,Manual,3rd Owner,Hyundai,2010,130000,Third Party,11.88
Jaipur,Diesel,SUV,62000,Manual,1st Owner,Kia,2021,1150000,Comprehensive,14.93
Jaipur,Diesel,SUV,40000,Manual,1st Owner,Maruti,2020,934000,Third Party,24.3
Jaipur,Diesel,Sedan,110000,Manual,1st Owner,Volkswagen,2013,360000,Third Party,20.54
Jaipur,Petrol,SUV,30000,Manual,1st Owner,Tata,2019,710000,Third Party,17
Jaipur,Petrol,Hatchback,90000,Manual,2nd Owner,Maruti,2007,150000,Third Party,24.7
Jaipur,Diesel,Sedan,120000,Manual,1st Owner,Chevrolet,2017,650000,Third Party,17.9
Jaipur,Diesel,Sedan,90000,Manual,4th Owner,Honda,2014,350000,Third Party,25.8
Jaipur,Petrol,Sedan,41521,Automatic,1st Owner,Skoda,2019,2190000,Comprehensive,15.1
Jaipur,Diesel,MUV,80000,Manual,1st Owner,Toyota,2016,1100000,Third Party,12.99
Jaipur,Petrol,Hatchback,76000,Manual,1st Owner,Toyota,2019,625000,Comprehensive,22.35
Jaipur,Petrol,Hatchback,100977,Manual,2nd Owner,Hyundai,2018,496000,Comprehensive,18.9
Jaipur,Diesel,MUV,23793,Manual,1st Owner,Maruti,2015,899000,Comprehensive,24.52
Jaipur,Diesel,Sedan,81000,Manual,1st Owner,Honda,2015,675000,Comprehensive,25.1
Jaipur,Diesel,SUV,43867,Manual,1st Owner,Mahindra,2021,910000,Third Party,17.29
Jaipur,Diesel,SUV,35000,Manual,1st Owner,Tata,2019,830000,Comprehensive,23.22
Jaipur,Diesel,SUV,125000,Automatic,2nd Owner,Hyundai,2016,950000,Comprehensive,17.01
Jaipur,Petrol,Hatchback,83000,Manual,2nd Owner,Hyundai,2019,470000,Comprehensive,18.9
Jaipur,Petrol,SUV,300,Automatic,1st Owner,BMW,2023,9000000,Comprehensive,29.98
Jaipur,Diesel,SUV,84000,Manual,1st Owner,Hyundai,2017,850000,Third Party,21.38
Jaipur,Petrol,Hatchback,10000,Manual,1st Owner,Tata,2023,665000,Third Party,19.01
Jaipur,Diesel,Sedan,110000,Manual,1st Owner,Volkswagen,2013,360000,Third Party,20.54
Jaipur,Diesel,SUV,64000,Automatic,1st Owner,Hyundai,2022,1850000,Comprehensive,14.93
Jaipur,Petrol,Hatchback,90000,Manual,4th Owner,Maruti,2009,120000,Third Party,19.7
Jaipur,Petrol,Hatchback,56000,Automatic,2nd Owner,Honda,2019,600000,Third Party,18.2
Jaipur,Diesel,SUV,120000,Manual,2nd Owner,Ford,2013,360000,Third Party,22.7
Jaipur,Diesel,Hatchback,75000,Manual,1st Owner,Hyundai,2015,625000,Comprehensive,22.54
Jaipur,Petrol,SUV,26633,Manual,1st Owner,Honda,2019,740000,Comprehensive,17.5
Jaipur,Petrol,Hatchback,100000,Manual,2nd Owner,Maruti,2009,142000,Third Party,19.7
Jaipur,Petrol,Sedan,40000,Automatic,2nd Owner,Honda,2020,1200000,Third Party,18.3
Jaipur,Petrol,Hatchback,4527,Manual,1st Owner,Hyundai,2022,575000,Third Party,20.3
Jaipur,Petrol,Hatchback,25446,Automatic,1st Owner,Datsun,2017,321000,Comprehensive,23
Jaipur,Petrol,SUV,50923,Manual,1st Owner,Honda,2019,680000,Comprehensive,17.5
Jaipur,Diesel,SUV,56123,Manual,1st Owner,Maruti,2017,825000,Comprehensive,24.3
Jaipur,Petrol,Hatchback,64984,Manual,1st Owner,Maruti,2015,396000,Comprehensive,20.51
Jaipur,Petrol,Hatchback,77561,Automatic,2nd Owner,Maruti,2019,742000,Zero Dep,21.4
Jaipur,Diesel,SUV,90000,Manual,1st Owner,Maruti,2018,851000,Third Party,25.1
Jaipur,Diesel,SUV,85123,Manual,1st Owner,Maruti,2018,840000,Comprehensive,24.3
Jaipur,Diesel,Sedan,90456,Manual,1st Owner,Honda,2019,851000,Comprehensive,25.6
Jaipur,Diesel,SUV,94215,Manual,1st Owner,Jeep,2017,1300000,Comprehensive,17.1
Jaipur,Diesel,SUV,76200,Manual,2nd Owner,Mahindra,2016,970000,Comprehensive,16
Jaipur,Petrol,SUV,59000,Manual,1st Owner,Honda,2019,775000,Comprehensive,17.5
Jaipur,Diesel,MUV,80000,Manual,1st Owner,Toyota,2016,1100000,Third Party,12.99
Jaipur,Diesel,Sedan,112000,Manual,1st Owner,Maruti,2017,700000,Comprehensive,28.09
Jaipur,Petrol,SUV,20000,Manual,1st Owner,Maruti,2023,1100000,Third Party,17.38
Jaipur,Petrol,SUV,20000,Automatic,1st Owner,Tata,2020,915000,Third Party,17
Jaipur,Petrol,SUV,46100,Automatic,1st Owner,Volkswagen,2021,1850000,Comprehensive,17.88
Jaipur,Petrol,Hatchback,51374,Manual,1st Owner,Maruti,2020,600000,Comprehensive,21.01
Jaipur,Diesel,SUV,40000,Manual,1st Owner,Maruti,2019,900000,Third Party,24.3
Jaipur,Petrol,Hatchback,110000,Manual,2nd Owner,Maruti,2019,400000,Third Party,23.1
Jaipur,Diesel,MUV,120000,Manual,4th Owner,Maruti,2015,540000,Third Party,24.52
Jaipur,Petrol,SUV,48089,Manual,3rd Owner,Honda,2018,640000,Zero Dep,17.5
Jaipur,Petrol,Sedan,51046,Manual,2nd Owner,Honda,2018,798000,Third Party,17.4
Jaipur,Petrol,Hatchback,62134,Manual,1st Owner,Hyundai,2015,385000,Third Party,18.9
Jaipur,Petrol,Hatchback,54256,Manual,1st Owner,Honda,2016,485000,Comprehensive,18.7
Jaipur,Petrol,Sedan,118046,Manual,2nd Owner,Maruti,2017,528000,Third Party,20.73
Jaipur,Petrol,SUV,44461,Manual,1st Owner,Skoda,2021,1000000,Comprehensive,19.2
Jaipur,Petrol,Hatchback,80000,Manual,1st Owner,Hyundai,2020,545000,Third Party,18.9
Jaipur,Diesel,MUV,125000,Manual,2nd Owner,Toyota,2015,835000,Third Party,12.8
Jaipur,Diesel,SUV,120000,Manual,2nd Owner,Mahindra,2013,635000,Third Party,12.05
Jaipur,Petrol,Sedan,70123,Manual,1st Owner,Maruti,2017,621000,Comprehensive,20.73
Jaipur,Diesel,SUV,80000,Manual,1st Owner,Hyundai,2016,850000,Third Party,21.38
Jaipur,Petrol,Sedan,80000,Manual,1st Owner,Honda,2019,980000,Third Party,17.4
Jaipur,Diesel,SUV,120000,Manual,3rd Owner,Mitsubishi,2007,450000,Third Party,10.5
Jaipur,Diesel,SUV,114756,Automatic,1st Owner,Mercedes-Benz,2015,3190000,Comprehensive,15.26
Jaipur,Diesel,MUV,23793,Manual,1st Owner,Maruti,2016,899000,Comprehensive,24.52
Jaipur,Diesel,SUV,100181,Manual,2nd Owner,Toyota,2011,1200000,Comprehensive,11.5
Jaipur,Petrol,Hatchback,60000,Manual,1st Owner,Maruti,2016,360000,Comprehensive,21.63
Jaipur,Petrol,SUV,16858,Manual,1st Owner,Kia,2019,1395000,Comprehensive,16.5
Jaipur,Diesel,SUV,80000,Manual,2nd Owner,Mahindra,2017,600000,Third Party,18.49
Jaipur,Petrol,Hatchback,7414,Manual,1st Owner,Renault,2022,453000,Third Party,22.25
Jaipur,Petrol,Hatchback,18206,Manual,1st Owner,Ford,2020,534000,Third Party,18.5
Jaipur,Petrol,Sedan,77000,Manual,2nd Owner,Honda,2016,610000,Comprehensive,17.8
Jaipur,Diesel,SUV,56569,Manual,1st Owner,Ford,2019,709000,Third Party,23
Jaipur,Petrol,Sedan,44461,Manual,1st Owner,Skoda,2021,1000000,Comprehensive,19.47
Jaipur,Petrol,Hatchback,40000,Manual,2nd Owner,Maruti,2019,320000,Third Party,22.05
Jaipur,Petrol,Sedan,20000,Manual,1st Owner,Maruti,2022,890000,Third Party,22.41
Jaipur,Petrol,Sedan,30000,Manual,1st Owner,Honda,2020,725000,Third Party,18.6
Jaipur,Diesel,SUV,120000,Manual,1st Owner,Jeep,2017,1150000,Third Party,17.1
Jaipur,Diesel,SUV,90000,Automatic,2nd Owner,Hyundai,2017,1010000,Third Party,17.01
Jaipur,Diesel,SUV,43919,Manual,1st Owner,Honda,2016,790000,Comprehensive,21.9
Jaipur,Diesel,SUV,80000,Manual,1st Owner,Hyundai,2015,888000,Third Party,19.67
Jaipur,Diesel,Sedan,72602,Automatic,2nd Owner,Hyundai,2016,695000,Comprehensive,19.08
Jaipur,Petrol,Hatchback,86000,Manual,1st Owner,Hyundai,2016,425000,Third Party,18.9
Jaipur,Petrol,Hatchback,32355,Manual,1st Owner,Renault,2020,425000,Comprehensive,21.46
Jaipur,Petrol,Hatchback,40000,Manual,2nd Owner,Hyundai,2021,710000,Third Party,21
Jaipur,Petrol,Sedan,30000,Manual,1st Owner,Honda,2020,1060000,Third Party,18.6
Jaipur,Diesel,SUV,94724,Automatic,1st Owner,BMW,2016,2390000,Comprehensive,17.05
Jaipur,Diesel,Sedan,72916,Automatic,1st Owner,Volvo,2017,2500000,Comprehensive,19.6
Jaipur,Petrol,Hatchback,100000,Manual,1st Owner,Maruti,2016,400000,Third Party,20.51
Jaipur,Petrol,Sedan,41521,Automatic,1st Owner,Skoda,2019,2190000,Comprehensive,15.1
Jaipur,Petrol,SUV,76065,Manual,2nd Owner,Tata,2019,723000,Comprehensive,17
Jaipur,Diesel,SUV,120000,Manual,3rd Owner,Mitsubishi,2007,450000,Third Party,10.5
Jaipur,Petrol,Hatchback,9909,Manual,2nd Owner,Maruti,2022,790000,Zero Dep,22.35
Jaipur,Petrol,Sedan,37811,Manual,2nd Owner,Honda,2018,795000,Third Party,17.4
Jaipur,Diesel,Sedan,60000,Manual,3rd Owner,Tata,2014,252000,Third Party,21.02
Jaipur,Diesel,Sedan,120000,Manual,2nd Owner,Volkswagen,2015,610000,Third Party,20.34
Jaipur,Diesel,Sedan,42840,Automatic,1st Owner,Audi,2015,2190000,Comprehensive,20.38
Jaipur,Petrol,SUV,60000,Manual,1st Owner,Mahindra,2019,1020000,Third Party,17
Jaipur,Diesel,Hatchback,120000,Manual,1st Owner,Tata,2013,200000,Third Party,18
Jaipur,Petrol,Hatchback,70000,Manual,2nd Owner,Maruti,2018,650000,Comprehensive,21.21
Jaipur,Petrol,SUV,8401,Automatic,1st Owner,MG,2022,1425000,Third Party,14.82
Jaipur,Petrol,MUV,16275,Automatic,1st Owner,Kia,2022,1790000,Comprehensive,16.5
Jaipur,Petrol,SUV,30000,Manual,1st Owner,Ford,2019,630000,Third Party,17
Jaipur,Petrol,SUV,22289,Manual,1st Owner,Kia,2021,1450000,Comprehensive,16.8
Jaipur,Petrol,Hatchback,70123,Manual,1st Owner,Renault,2018,285000,Third Party,23.01
Jaipur,Petrol,MUV,50123,Manual,1st Owner,Renault,2019,535000,Comprehensive,20
Jaipur,Petrol,Hatchback,70123,Automatic,1st Owner,Maruti,2018,435000,Comprehensive,21.63
Jaipur,Petrol,Hatchback,100000,Manual,3rd Owner,Hyundai,2016,230000,Third Party,21.1
Jaipur,Diesel,SUV,110000,Manual,3rd Owner,Mahindra,2014,550000,Third Party,15.1
Jaipur,Diesel,Sedan,99643,Manual,1st Owner,Volkswagen,2017,574000,Third Party,21.66
Jaipur,Petrol,SUV,103116,Manual,1st Owner,Honda,2017,589000,Zero Dep,17.5
Jaipur,Diesel,Sedan,120000,Manual,1st Owner,Chevrolet,2017,350000,Third Party,22.1
Jaipur,Petrol,Hatchback,43202,Automatic,1st Owner,Maruti,2017,377000,Comprehensive,23.95
Jaipur,Petrol,Sedan,57671,Manual,1st Owner,Volkswagen,2017,544000,Comprehensive,17
Jaipur,Petrol,Hatchback,70000,Manual,3rd Owner,Hyundai,2014,225000,Comprehensive,20.3
Jaipur,Petrol,SUV,40000,Automatic,1st Owner,MG,2021,1700000,Third Party,16.56
Jaipur,Petrol,Sedan,60000,Manual,2nd Owner,Maruti,2017,600000,Third Party,20.73
Jaipur,Petrol,SUV,60000,Manual,1st Owner,Maruti,2021,870000,Third Party,17.03
Jaipur,Diesel,Sedan,74700,Automatic,1st Owner,Mercedes-Benz,2019,2490000,Comprehensive,17.9
Jaipur,Diesel,Sedan,110000,Manual,3rd Owner,Maruti,2015,500000,Third Party,26.59
Jaipur,Petrol,Hatchback,100000,Manual,4th Owner,Hyundai,2010,180000,Third Party,19.81
Jaipur,Petrol,Sedan,60000,Manual,1st Owner,Maruti,2020,800000,Third Party,20.65
Jaipur,Diesel,SUV,62000,Manual,1st Owner,Jeep,2018,1500000,Comprehensive,17.1
Jaipur,Diesel,SUV,120000,Automatic,2nd Owner,BMW,2012,850000,Third Party,16.09
Jaipur,Diesel,Sedan,90000,Manual,2nd Owner,Renault,2014,270000,Third Party,21.64
Jaipur,Diesel,Sedan,120000,Manual,3rd Owner,Hyundai,2013,410000,Third Party,22.32
Jaipur,Petrol,Sedan,40000,Manual,1st Owner,Maruti,2019,725000,Third Party,21.56
Jaipur,Petrol,SUV,60000,Manual,2nd Owner,Maruti,2020,900000,Third Party,17.03
Jaipur,Petrol,Hatchback,50000,Manual,1st Owner,Maruti,2018,625000,Third Party,21.4
Jaipur,Petrol,Hatchback,42811,Manual,1st Owner,Maruti,2019,665000,Comprehensive,21.4
Jaipur,Petrol,Hatchback,82558,Manual,1st Owner,Maruti,2018,453000,Zero Dep,21.63
Jaipur,Petrol,Sedan,40000,Manual,1st Owner,Maruti,2019,750000,Third Party,21.56
Jaipur,Diesel,SUV,104521,Manual,1st Owner,Ford,2018,692000,Comprehensive,23
Jaipur,Petrol,Hatchback,95745,Manual,1st Owner,Maruti,2018,525000,Comprehensive,21.4
Jaipur,Diesel,Hatchback,78000,Manual,1st Owner,Hyundai,2018,480000,Third Party,24
Jaipur,Diesel,Sedan,90000,Automatic,3rd Owner,BMW,2013,1100000,Third Party,18.88
Jaipur,Diesel,Sedan,150000,Manual,3rd Owner,Skoda,2009,250000,Third Party,17
Jaipur,Petrol,Hatchback,70000,Manual,2nd Owner,Maruti,2020,680000,Third Party,21.01
Jaipur,Petrol,Hatchback,70000,Manual,2nd Owner,Maruti,2020,680000,Third Party,21.01
Jaipur,Diesel,Sedan,90000,Manual,2nd Owner,Honda,2014,550000,Third Party,26
Jaipur,Petrol,Sedan,100000,Manual,2nd Owner,Honda,2006,270000,Third Party,11.9
Jaipur,Petrol,SUV,80000,Automatic,2nd Owner,Honda,2013,1025000,Third Party,11.1
Jaipur,Diesel,SUV,150000,Automatic,1st Owner,Audi,2017,3600000,Third Party,14.75
Jaipur,Diesel,Sedan,90000,Manual,3rd Owner,Hyundai,2016,650000,Third Party,23.9
Jaipur,Diesel,SUV,60091,Automatic,1st Owner,Audi,2013,1750000,Third Party,14.16
Jaipur,Diesel,SUV,170000,Manual,1st Owner,Toyota,2012,1325000,Comprehensive,12.55
Jaipur,Petrol,Hatchback,42000,Manual,2nd Owner,Maruti,2016,265000,Third Party,24.7
Jaipur,Petrol,SUV,37724,Manual,1st Owner,Renault,2022,675000,Third Party,19.17
Jaipur,Diesel,Hatchback,120000,Manual,1st Owner,Ford,2011,100000,Third Party,20
Jaipur,Diesel,MUV,100227,Manual,1st Owner,Maruti,2014,634000,Third Party,20.77
Jaipur,Petrol,Sedan,94112,Manual,1st Owner,Hyundai,2017,458000,Comprehensive,20.14
Jaipur,Petrol,SUV,23848,Manual,1st Owner,Toyota,2021,940000,Third Party,17.03
Jaipur,Petrol,Hatchback,43349,Manual,3rd Owner,Maruti,2015,327000,Third Party,20.51
Jaipur,Diesel,MUV,64394,Manual,3rd Owner,Maruti,2012,459000,Third Party,20.77
Jaipur,Petrol,SUV,17353,Manual,1st Owner,Kia,2021,1390000,Comprehensive,16.8
Jaipur,Petrol,Hatchback,30000,Manual,2nd Owner,Maruti,2009,160000,Third Party,18.9
Jaipur,Petrol,Hatchback,80000,Manual,3rd Owner,Hyundai,2006,105000,Third Party,17
Jaipur,Diesel,Hatchback,70000,Manual,1st Owner,Maruti,2016,295000,Third Party,26.8
Jaipur,Petrol,Hatchback,10000,Manual,1st Owner,Renault,2021,445000,Third Party,22.3
Jaipur,Diesel,SUV,49017,Manual,1st Owner,Kia,2020,1525000,Comprehensive,20.8
Jaipur,Diesel,SUV,120000,Manual,1st Owner,Hyundai,2015,700000,Third Party,21.38
Jaipur,Petrol,SUV,80000,Manual,1st Owner,Kia,2019,1300000,Third Party,16.8
Jaipur,Petrol,Hatchback,50000,Manual,1st Owner,Maruti,2018,390000,Third Party,20.51
Jaipur,Petrol,Hatchback,40000,Automatic,1st Owner,Maruti,2016,350000,Third Party,20.51
Jaipur,Petrol,Hatchback,60000,Manual,1st Owner,Renault,2021,450000,Third Party,22.3
Jaipur,Diesel,Hatchback,70000,Manual,2nd Owner,Maruti,2014,450000,Third Party,25.2
Jaipur,Diesel,SUV,87000,Manual,1st Owner,Hyundai,2019,950000,Comprehensive,23.7
Jaipur,Diesel,Sedan,96330,Automatic,1st Owner,BMW,2017,2990000,Comprehensive,18.12
Jaipur,Diesel,Hatchback,81040,Manual,2nd Owner,Maruti,2015,446000,Third Party,25.2
Jaipur,Petrol,Hatchback,112625,Automatic,1st Owner,Volkswagen,2018,672000,Third Party,17.21
Jaipur,Petrol,Hatchback,58374,Manual,1st Owner,Hyundai,2018,500000,Comprehensive,18.9
Jaipur,Petrol,Hatchback,31733,Manual,2nd Owner,Hyundai,2014,409000,Third Party,18.9
Jaipur,Diesel,Hatchback,49616,Manual,1st Owner,Maruti,2019,759000,Zero Dep,27.39
Jaipur,Petrol,Sedan,70000,Manual,1st Owner,Honda,2018,825000,Third Party,17.4
Jaipur,Diesel,Sedan,68000,Manual,1st Owner,Maruti,2016,670000,Comprehensive,26.21
Jaipur,Diesel,Sedan,120000,Manual,1st Owner,Tata,2011,200000,Third Party,23.57
Jaipur,Petrol,SUV,50000,Manual,2nd Owner,Ford,2015,600000,Third Party,15.85
Jaipur,Diesel,Sedan,120000,Manual,2nd Owner,Hyundai,2014,600000,Third Party,22.7
Jaipur,Diesel,SUV,116544,Automatic,1st Owner,Mercedes-Benz,2019,5890000,Comprehensive,11
Jaipur,Petrol,Hatchback,49580,Manual,1st Owner,Honda,2010,325000,Comprehensive,16
Jaipur,Diesel,SUV,56031,Manual,2nd Owner,Mahindra,2017,1195000,Third Party,16
Jaipur,Diesel,MUV,15285,Automatic,1st Owner,Kia,2022,1790000,Comprehensive,14.93
Jaipur,Petrol,Hatchback,4437,Manual,1st Owner,Tata,2022,590000,Third Party,19.01
Jaipur,Petrol,Hatchback,24590,Manual,1st Owner,Maruti,2018,410000,Third Party,20.51
Jaipur,Petrol,Hatchback,20000,Manual,1st Owner,Maruti,2022,700000,Third Party,21.01
Jaipur,Petrol,Hatchback,70456,Manual,1st Owner,Hyundai,2013,325000,Comprehensive,18.5
Jaipur,Petrol,Sedan,20000,Manual,1st Owner,Skoda,2022,1490000,Third Party,19.47
Jaipur,Petrol,Hatchback,120000,Manual,1st Owner,Hyundai,2013,311000,Third Party,18.5
Jaipur,Diesel,Sedan,50889,Manual,2nd Owner,Hyundai,2016,701000,Third Party,23.9
Jaipur,Petrol,Hatchback,76043,Manual,1st Owner,Maruti,2012,371000,Comprehensive,22.38
Jaipur,Petrol,SUV,10200,Automatic,1st Owner,Mercedes-Benz,2019,5400000,Comprehensive,11.5
Jaipur,Petrol,Hatchback,55890,Manual,1st Owner,Hyundai,2014,349000,Comprehensive,18.9
Jaipur,Petrol,Hatchback,81984,Manual,2nd Owner,Honda,2016,475000,Third Party,18.7
Jaipur,Petrol,Hatchback,70123,Manual,2nd Owner,Honda,2014,290000,Comprehensive,19.4
Jaipur,Petrol,Hatchback,60000,Manual,1st Owner,Renault,2021,445000,Third Party,22.3
Jaipur,Petrol,Hatchback,100000,Manual,4th Owner,Hyundai,2010,180000,Third Party,19.81
Jaipur,Petrol,Hatchback,110000,Manual,3rd Owner,Maruti,2010,150000,Third Party,19.7
Jaipur,Petrol,Sedan,40000,Manual,1st Owner,Maruti,2019,690000,Third Party,21.56
Jaipur,Diesel,SUV,90000,Manual,1st Owner,Toyota,2018,3000000,Third Party,14.24
Jaipur,Petrol,Hatchback,50000,Manual,1st Owner,Renault,2017,360000,Third Party,23.01
Jaipur,Petrol,Sedan,50000,Automatic,1st Owner,Maruti,2020,750000,Third Party,21.21
Jaipur,Diesel,Sedan,56805,Manual,1st Owner,Maruti,2013,475000,Comprehensive,23.4
Jaipur,Diesel,Hatchback,120000,Manual,2nd Owner,Volkswagen,2016,425000,Third Party,20.14
Jaipur,Petrol,Sedan,120000,Manual,2nd Owner,Honda,2011,320000,Third Party,17
Jaipur,Diesel,Hatchback,90000,Manual,2nd Owner,Hyundai,2019,500000,Third Party,24
Jaipur,Diesel,Sedan,100000,Manual,2nd Owner,Volkswagen,2014,435000,Third Party,20.54
Jaipur,Diesel,Sedan,70705,Automatic,1st Owner,Mercedes-Benz,2015,2750000,Comprehensive,15
Jaipur,Diesel,Sedan,75000,Manual,1st Owner,Maruti,2014,525000,Comprehensive,19.3
Jaipur,Petrol,Hatchback,17587,Manual,1st Owner,Datsun,2020,362000,Third Party,21.7
Jaipur,Petrol,Hatchback,27153,Manual,2nd Owner,Hyundai,2019,455000,Comprehensive,20.3
Jaipur,Diesel,SUV,90000,Manual,2nd Owner,Mahindra,2011,500000,Third Party,16.55
Jaipur,Diesel,Sedan,104243,Manual,1st Owner,Maruti,2012,380000,Comprehensive,19.3
Jaipur,Petrol,Sedan,25791,Automatic,1st Owner,Honda,2017,851000,Comprehensive,18
Jaipur,Diesel,SUV,120000,Manual,2nd Owner,Toyota,2010,815000,Third Party,11.5
Jaipur,Diesel,Sedan,70000,Automatic,2nd Owner,Jaguar,2013,1400000,Third Party,16.36
Jaipur,Petrol,SUV,60000,Manual,1st Owner,Hyundai,2021,690000,Third Party,17.52
Jaipur,Petrol,SUV,17580,Manual,1st Owner,Maruti,2021,890000,Comprehensive,17.03
Jaipur,Diesel,SUV,120000,Manual,2nd Owner,Mahindra,2012,330000,Third Party,15.1
Jaipur,Petrol,SUV,39109,Manual,1st Owner,Maruti,2020,811000,Third Party,17.03
Jaipur,Petrol,SUV,20000,Manual,1st Owner,Maruti,2022,895000,Third Party,17.03
Jaipur,Diesel,SUV,80000,Manual,1st Owner,Honda,2018,650000,Third Party,25.5
Jaipur,Petrol,Hatchback,20000,Manual,1st Owner,Maruti,2022,590000,Third Party,25.24
Jaipur,Diesel,MUV,120000,Manual,2nd Owner,Toyota,2007,300000,Third Party,12.8
Jaipur,Petrol,Hatchback,70000,Manual,2nd Owner,Maruti,2015,445000,Third Party,22
Jaipur,Petrol,Sedan,70000,Automatic,2nd Owner,Honda,2016,650000,Third Party,18
Jaipur,Petrol,Hatchback,110000,Manual,3rd Owner,Maruti,2010,150000,Third Party,19.7
Jaipur,Petrol,Hatchback,70000,Manual,1st Owner,Volkswagen,2011,300000,Third Party,16.47
Jaipur,Diesel,SUV,9106,Manual,1st Owner,Jeep,2019,1890000,Comprehensive,17.1
Jaipur,Petrol,Sedan,90239,Manual,1st Owner,Honda,2019,579000,Third Party,19.5
Jaipur,Petrol,Hatchback,31608,Manual,2nd Owner,Hyundai,2014,298000,Comprehensive,20.3
Jaipur,Petrol,Sedan,58740,Manual,1st Owner,Honda,2019,595000,Third Party,19.5
Jaipur,Petrol,Hatchback,73398,Manual,2nd Owner,Hyundai,2018,544000,Third Party,18.6
Jaipur,Petrol,Sedan,29393,Automatic,1st Owner,Maruti,2019,895000,Third Party,20.28
Jaipur,Diesel,Hatchback,100000,Manual,2nd Owner,Volkswagen,2016,425000,Third Party,20.14
Jaipur,Petrol,Sedan,150000,Manual,2nd Owner,Honda,2008,244000,Third Party,12.8
Jaipur,Diesel,SUV,150000,Manual,1st Owner,Toyota,2013,1555000,Third Party,13
Jaipur,Diesel,Sedan,40000,Automatic,2nd Owner,Audi,2013,1450000,Third Party,17.68
Jaipur,Petrol,Hatchback,30000,Automatic,2nd Owner,Renault,2019,370000,Third Party,23.01
Jaipur,Diesel,SUV,44354,Automatic,1st Owner,Kia,2019,1525000,Comprehensive,18
Jaipur,Petrol,Hatchback,65000,Manual,2nd Owner,Renault,2016,290000,Comprehensive,23.01
Jaipur,Diesel,Hatchback,79700,Manual,1st Owner,Maruti,2016,525000,Comprehensive,28.4
Jaipur,Diesel,MUV,120000,Manual,2nd Owner,Toyota,2007,285000,Third Party,12.8
Jaipur,Petrol,Hatchback,30000,Manual,1st Owner,Maruti,2019,650000,Third Party,21.4
Jaipur,Diesel,SUV,45204,Automatic,1st Owner,Kia,2021,1325000,Comprehensive,14.93
Jaipur,Diesel,Hatchback,81000,Manual,1st Owner,Hyundai,2017,575000,Comprehensive,22.54
Jaipur,Petrol,Sedan,120000,Manual,1st Owner,Honda,2008,170000,Third Party,17.7
Jaipur,Petrol,Hatchback,40000,Manual,2nd Owner,Hyundai,2020,590000,Third Party,20.7
Jaipur,Petrol,Hatchback,33236,Automatic,2nd Owner,Hyundai,2019,753000,Zero Dep,17.4
Jaipur,Petrol,Hatchback,50000,Automatic,2nd Owner,Hyundai,2014,425000,Third Party,18.9
Jaipur,Petrol,Hatchback,47214,Manual,1st Owner,Maruti,2019,587000,Comprehensive,21.4
Jaipur,Petrol,Hatchback,54670,Manual,2nd Owner,Hyundai,2019,580000,Third Party,20.7
Jaipur,Petrol,Sedan,30000,Manual,2nd Owner,Honda,2018,530000,Third Party,17.8
Jaipur,Diesel,SUV,120000,Manual,1st Owner,Mahindra,2013,400000,Third Party,15.96
Jaipur,Petrol,Sedan,120000,Manual,2nd Owner,Tata,2016,300000,Third Party,17.57
Jaipur,Diesel,SUV,125000,Automatic,1st Owner,Toyota,2015,1595000,Comprehensive,12.55
Jaipur,Diesel,Sedan,100000,Manual,1st Owner,Ford,2017,380000,Third Party,25.83
Jaipur,Petrol,Hatchback,57000,Manual,2nd Owner,Hyundai,2017,625000,Comprehensive,18.6
Jaipur,Lpg,Hatchback,70000,Manual,2nd Owner,Chevrolet,2011,160000,Third Party,16
Jaipur,Diesel,Hatchback,120000,Manual,1st Owner,Volkswagen,2017,525000,Third Party,20.14
Jaipur,Petrol,Hatchback,30000,Manual,1st Owner,Maruti,2022,850000,Third Party,22.35
Jaipur,Diesel,SUV,120000,Manual,2nd Owner,Ford,2008,390000,Third Party,11.4
Jaipur,Petrol,SUV,3844,Manual,1st Owner,Kia,2021,1490000,Third Party,16.8
Jaipur,Diesel,Sedan,120000,Manual,4th Owner,Chevrolet,2011,190000,Third Party,18.3
Jaipur,Petrol,Hatchback,50000,Manual,1st Owner,Renault,2020,375000,Comprehensive,21.46
Jaipur,Petrol,SUV,120000,Manual,3rd Owner,Honda,2008,180000,Third Party,13.1
Jaipur,Diesel,SUV,80000,Manual,2nd Owner,Mahindra,2015,950000,Third Party,16
Jaipur,Petrol,Sedan,94554,Manual,1st Owner,Maruti,2012,383000,Comprehensive,22.41
Jaipur,Petrol,Hatchback,15991,Manual,1st Owner,Maruti,2021,713000,Zero Dep,21.01
Jaipur,Diesel,SUV,70000,Manual,3rd Owner,Mahindra,2013,520000,Third Party,12.05
Jaipur,Diesel,Sedan,72918,Automatic,1st Owner,Maruti,2017,655000,Third Party,28.4
Jaipur,Petrol,Hatchback,22982,Automatic,1st Owner,Datsun,2018,313000,Comprehensive,22.5
Jaipur,Diesel,Hatchback,76000,Manual,1st Owner,Hyundai,2015,575000,Comprehensive,22.54
Jaipur,Diesel,Sedan,115000,Manual,1st Owner,Skoda,2017,675000,Third Party,21.13
Jaipur,Diesel,SUV,73000,Manual,1st Owner,Maruti,2018,825000,Comprehensive,24.3
Jaipur,Diesel,SUV,90000,Automatic,2nd Owner,Ford,2016,2075000,Third Party,12.62
Jaipur,Petrol,Hatchback,30000,Manual,1st Owner,Hyundai,2019,445000,Third Party,20.3
Jaipur,Diesel,Hatchback,80000,Manual,2nd Owner,Hyundai,2014,350000,Third Party,24
Jaipur,Petrol,SUV,23200,Automatic,1st Owner,Mercedes-Benz,2022,9000000,Comprehensive,29.96
Jaipur,Petrol,SUV,10000,Manual,1st Owner,Skoda,2022,1300000,Third Party,19.2
Jaipur,Diesel,SUV,120000,Manual,2nd Owner,Mahindra,2012,330000,Third Party,15.1
Jaipur,Petrol,Hatchback,10000,Automatic,1st Owner,Hyundai,2022,750000,Third Party,20.7
Jaipur,Petrol,Hatchback,10000,Automatic,1st Owner,Hyundai,2022,750000,Third Party,20.7
Jaipur,Petrol,MUV,30000,Manual,1st Owner,Renault,2020,670000,Third Party,20
Jaipur,Petrol,SUV,20000,Manual,1st Owner,Maruti,2022,895000,Third Party,17.03
Jaipur,Petrol,Hatchback,60000,Manual,1st Owner,Chevrolet,2007,90000,Third Party,15.26
Jaipur,Petrol,Hatchback,107963,Automatic,1st Owner,Maruti,2017,365000,Comprehensive,26
Jaipur,Diesel,SUV,121243,Manual,2nd Owner,Renault,2012,347000,Third Party,19.01
Jaipur,Diesel,SUV,100000,Manual,1st Owner,Tata,2020,1470000,Third Party,17
Jaipur,Petrol,Hatchback,67194,Manual,1st Owner,Honda,2015,309000,Comprehensive,19.4
Jaipur,Petrol,Sedan,69236,Manual,2nd Owner,Honda,2016,586000,Comprehensive,17.8
Jaipur,Diesel,SUV,80000,Manual,1st Owner,Honda,2019,900000,Third Party,25.5
Jaipur,Petrol,SUV,90000,Manual,2nd Owner,Jeep,2018,900000,Third Party,16
Jaipur,Diesel,SUV,60000,Manual,1st Owner,MG,2020,1550000,Third Party,17.41
Jaipur,Diesel,SUV,80000,Automatic,2nd Owner,Land Rover,2017,2300000,Third Party,12.83
Jaipur,Diesel,SUV,81317,Automatic,2nd Owner,Land Rover,2016,3200000,Comprehensive,15.68
Jaipur,Petrol,Hatchback,60000,Manual,2nd Owner,Hyundai,2015,255000,Third Party,20.36
Jaipur,Diesel,SUV,80000,Manual,1st Owner,Renault,2015,355000,Third Party,19.87
Jaipur,Diesel,SUV,60000,Manual,2nd Owner,Renault,2018,650000,Third Party,19.87
Jaipur,Diesel,Hatchback,110000,Manual,3rd Owner,Hyundai,2014,275000,Third Party,24
Jaipur,Diesel,Sedan,120000,Manual,2nd Owner,Ford,2011,150000,Third Party,19.68
Jaipur,Diesel,SUV,110000,Automatic,2nd Owner,Hyundai,2017,900000,Third Party,17.01
Jaipur,Diesel,Sedan,100000,Automatic,1st Owner,BMW,2017,2500000,Third Party,20.37
Jaipur,Petrol,Hatchback,57000,Manual,1st Owner,Maruti,2018,600000,Comprehensive,22
Jaipur,Diesel,Sedan,70000,Automatic,2nd Owner,BMW,2013,975000,Third Party,18.88
Jaipur,Diesel,Hatchback,76000,Manual,1st Owner,Maruti,2014,475000,Comprehensive,28.4
Jaipur,Petrol,Hatchback,7183,Automatic,2nd Owner,Maruti,2021,801000,Zero Dep,22.56
Jaipur,Petrol,SUV,6165,Automatic,3rd Owner,Hyundai,2021,1574000,Third Party,13.53
Jaipur,Diesel,Sedan,85000,Manual,2nd Owner,Skoda,2012,350000,Comprehensive,20.5
Jaipur,Cng,Hatchback,4437,Manual,1st Owner,Tata,2022,590000,Third Party,26.49
Jaipur,Petrol,Hatchback,34217,Manual,1st Owner,Hyundai,2016,532000,Comprehensive,18.6
Jaipur,Petrol,Hatchback,80101,Manual,1st Owner,Volkswagen,2017,525000,Comprehensive,16.47
Jaipur,Petrol,Sedan,150000,Manual,3rd Owner,Honda,2007,170000,Third Party,13.5
Jaipur,Petrol,Hatchback,50000,Manual,1st Owner,Maruti,2012,225000,Third Party,19
Jaipur,Diesel,SUV,100000,Manual,2nd Owner,Mahindra,2019,1600000,Third Party,16.36
Jaipur,Petrol,Hatchback,72580,Manual,1st Owner,Maruti,2011,250000,Comprehensive,21.79
Jaipur,Diesel,Sedan,120000,Manual,4th Owner,Hyundai,2012,300000,Third Party,22.32
Jaipur,Diesel,Sedan,120000,Manual,1st Owner,Hyundai,2020,1000000,Third Party,22
Jaipur,Petrol,Hatchback,30000,Manual,1st Owner,Hyundai,2019,420000,Third Party,20.3
Jaipur,Diesel,Hatchback,100000,Manual,1st Owner,Volkswagen,2012,300000,Third Party,22.07
Jaipur,Diesel,Hatchback,69000,Manual,1st Owner,Hyundai,2018,675000,Comprehensive,22.54
Jaipur,Diesel,Hatchback,50040,Manual,1st Owner,Maruti,2017,625000,Comprehensive,25.2
Jaipur,Petrol,SUV,48350,Automatic,1st Owner,Honda,2015,1290000,Comprehensive,12
Jaipur,Petrol,Hatchback,40000,Manual,2nd Owner,Chevrolet,2011,110000,Third Party,18.6
Jaipur,Diesel,Sedan,120000,Manual,4th Owner,Chevrolet,2011,217000,Third Party,18.3
Jaipur,Diesel,SUV,120000,Manual,1st Owner,Tata,2011,250000,Third Party,13.93
Jaipur,Petrol,Sedan,74573,Automatic,1st Owner,Honda,2017,715000,Third Party,18
Jaipur,Petrol,Hatchback,64715,Automatic,1st Owner,Renault,2018,356000,Zero Dep,23.01
Jaipur,Diesel,Sedan,76000,Manual,1st Owner,Honda,2014,525000,Comprehensive,26
Jaipur,Petrol,Hatchback,99348,Manual,2nd Owner,Maruti,2017,341000,Third Party,20.51
Jaipur,Petrol,Hatchback,39176,Manual,1st Owner,Hyundai,2017,443000,Zero Dep,18.9
Jaipur,Petrol,Hatchback,50000,Manual,1st Owner,Maruti,2012,225000,Third Party,19
Jaipur,Petrol,Hatchback,80000,Manual,2nd Owner,Nissan,2017,300000,Third Party,19.49
Jaipur,Petrol,SUV,50000,Manual,1st Owner,Maruti,2020,750000,Third Party,17.03
Jaipur,Diesel,Sedan,120000,Manual,3rd Owner,Maruti,2016,490000,Third Party,26.59
Jaipur,Diesel,MUV,70000,Manual,3rd Owner,Maruti,2012,450000,Third Party,20.77
Jaipur,Petrol,Hatchback,40000,Manual,1st Owner,Hyundai,2016,425000,Third Party,18.9
Jaipur,Petrol,Hatchback,70000,Manual,1st Owner,Hyundai,2001,65000,Comprehensive,19.99
Jaipur,Petrol,SUV,100000,Automatic,3rd Owner,Ford,2017,490000,Third Party,15.63
Jaipur,Diesel,Sedan,60000,Manual,2nd Owner,Tata,2012,150000,Third Party,17
Jaipur,Petrol,Sedan,29905,Manual,1st Owner,Hyundai,2019,895000,Comprehensive,17
Jaipur,Diesel,Sedan,70000,Manual,1st Owner,Maruti,2015,490000,Third Party,26.59
Jaipur,Diesel,Hatchback,80000,Automatic,4th Owner,Mercedes-Benz,2013,875000,Third Party,20
Jaipur,Diesel,SUV,70000,Manual,2nd Owner,Tata,2019,1450000,Comprehensive,16.35
Jaipur,Diesel,Sedan,80000,Manual,1st Owner,Honda,2018,625000,Third Party,25.8
Jaipur,Petrol,SUV,40000,Manual,1st Owner,Mahindra,2020,850000,Third Party,16.82
Jaipur,Petrol,Sedan,88069,Manual,2nd Owner,Skoda,2021,859000,Third Party,18.97
Jaipur,Petrol,Hatchback,50789,Manual,3rd Owner,Hyundai,2014,278000,Third Party,19.81
Jaipur,Diesel,Sedan,76000,Manual,2nd Owner,Hyundai,2014,550000,Comprehensive,22.32
Jaipur,Petrol,Hatchback,42212,Manual,1st Owner,Maruti,2019,304000,Comprehensive,22.05
Jaipur,Petrol,Sedan,105227,Manual,1st Owner,Honda,2015,371000,Third Party,18
Jaipur,Diesel,Sedan,150000,Manual,3rd Owner,Skoda,2006,125000,Third Party,17.5
Jaipur,Diesel,SUV,92700,Automatic,2nd Owner,Hyundai,2019,1250000,Comprehensive,17.6
Jaipur,Diesel,Sedan,120000,Manual,2nd Owner,Chevrolet,2011,339000,Third Party,18.3
Jaipur,Petrol,Hatchback,30000,Manual,1st Owner,Maruti,2006,70000,Third Party,19.7
Jaipur,Petrol,Hatchback,12168,Manual,1st Owner,Maruti,2021,695000,Comprehensive,22
Jaipur,Diesel,Hatchback,10000,Manual,1st Owner,Hyundai,2022,685000,Third Party,26.2
Jaipur,Petrol,Hatchback,30000,Manual,3rd Owner,Tata,2011,60000,Third Party,26
Jaipur,Electric,SUV,75000,Automatic,1st Owner,Hyundai,2021,1600000,Third Party,22.8
Jaipur,Petrol,SUV,73500,Automatic,1st Owner,Hyundai,2020,1560000,Comprehensive,14.97
Jaipur,Electric,SUV,4140,Automatic,0th Owner,Tata,2023,1600000,Zero Dep,19.6
Jaipur,Electric,SUV,10371,Automatic,1st Owner,MG,2022,2450000,Third Party,20.8
Jaipur,Diesel,Pickup Trucks,75210,Manual,1st Owner,Isuzu,2016,1490000,Comprehensive,12.4
Jaipur,Petrol,Hatchback,69159,Automatic,1st Owner,Maruti,2017,379000,Third Party,20.51
Jaipur,Petrol,Hatchback,56992,Automatic,1st Owner,Maruti,2011,253000,Third Party,16.98
Jaipur,Diesel,Sedan,120000,Manual,2nd Owner,Maruti,2015,295000,Third Party,26.59
Jaipur,Petrol,Hatchback,28500,Manual,1st Owner,Hyundai,2017,495000,Comprehensive,18.9
Jaipur,Petrol,Hatchback,100000,Manual,2nd Owner,Skoda,2010,200000,Third Party,17.5
Jaipur,Diesel,Hatchback,90000,Manual,5th Owner,Hyundai,2012,175000,Third Party,21.9
Jaipur,Diesel,Hatchback,90000,Manual,5th Owner,Hyundai,2012,175000,Third Party,21.9
Jaipur,Diesel,Hatchback,76164,Manual,2nd Owner,Hyundai,2014,322000,Comprehensive,24
Jaipur,Petrol,Hatchback,75196,Automatic,1st Owner,Maruti,2016,338000,Third Party,23.95
Jaipur,Diesel,SUV,50000,Automatic,3rd Owner,Mahindra,2016,680000,Third Party,16
Jaipur,Petrol,Hatchback,51759,Manual,1st Owner,Maruti,2017,273000,Third Party,22.05
Jaipur,Petrol,Hatchback,105021,Manual,2nd Owner,Tata,2019,473000,Third Party,23.84
Jaipur,Petrol,Sedan,120000,Manual,1st Owner,Hyundai,2010,150000,Third Party,16.2
Jaipur,Diesel,SUV,90000,Manual,2nd Owner,Tata,2016,600000,Third Party,14.1
Jaipur,Diesel,SUV,80000,Manual,1st Owner,Mahindra,2021,1000000,Third Party,21.79
Jaipur,Petrol,SUV,30000,Manual,2nd Owner,Mahindra,2021,1370000,Third Party,15.2
Jaipur,Petrol,SUV,10000,Manual,1st Owner,Kia,2022,925000,Third Party,18.2
Jaipur,Petrol,SUV,20000,Manual,1st Owner,Volkswagen,2022,1350000,Third Party,20.08
Jaipur,Petrol,Hatchback,110000,Manual,3rd Owner,Hyundai,2007,60000,Third Party,15.3
Jaipur,Petrol,Sedan,40000,Manual,2nd Owner,Maruti,2020,650000,Third Party,22.41
Jaipur,Petrol,Sedan,100000,Manual,1st Owner,Honda,2012,350000,Third Party,16.8
Jaipur,Diesel,SUV,10000,Manual,1st Owner,Mahindra,2022,1370000,Third Party,20.1
Jaipur,Petrol,Hatchback,60000,Manual,1st Owner,Toyota,2013,295000,Third Party,17.71
Jaipur,Petrol,Hatchback,50000,Manual,1st Owner,Maruti,2008,75000,Third Party,16.1
Jaipur,Petrol,Sedan,120000,Manual,2nd Owner,Maruti,2007,50000,Third Party,15
Jaipur,Diesel,Hatchback,70000,Manual,3rd Owner,Volkswagen,2013,240000,Third Party,22.07
Jaipur,Diesel,Sedan,100000,Manual,4th Owner,Honda,2016,320000,Third Party,27.4
Jaipur,Petrol,Sedan,67896,Automatic,1st Owner,Skoda,2019,1500000,Third Party,15.1
Jaipur,Petrol,SUV,9862,Manual,2nd Owner,Renault,2021,745000,Third Party,20.5
Jaipur,Petrol,Hatchback,40000,Manual,1st Owner,Renault,2017,225000,Third Party,23.01
Jaipur,Petrol,Hatchback,37478,Manual,1st Owner,Renault,2019,332000,Third Party,22.25
Jaipur,Cng,Hatchback,32972,Manual,1st Owner,Maruti,2021,415000,Third Party,31.59
Jaipur,Cng,Minivans,30000,Manual,1st Owner,Maruti,2022,655000,Third Party,20.88
Jaipur,Petrol,Hatchback,3120,Automatic,1st Owner,Maruti,2022,775000,Comprehensive,22.56
Jaipur,Petrol,Sedan,20972,Manual,1st Owner,Volkswagen,2022,1050000,Comprehensive,17.69
Jaipur,Petrol,Hatchback,60000,Manual,1st Owner,Volkswagen,2018,475000,Third Party,18.78
Jaipur,Diesel,Sedan,120000,Manual,1st Owner,Hyundai,2012,325000,Third Party,24.8
Jaipur,Petrol,SUV,20000,Automatic,1st Owner,Jeep,2018,1400000,Third Party,16
Jaipur,Petrol,Hatchback,70000,Manual,2nd Owner,Hyundai,2013,145000,Third Party,21.1
Jaipur,Petrol,Sedan,80000,Manual,3rd Owner,Maruti,2012,250000,Third Party,19.1
Jaipur,Petrol,SUV,38323,Automatic,1st Owner,Tata,2021,1025000,Comprehensive,16.35
Jaipur,Petrol,Sedan,120000,Manual,1st Owner,Maruti,2020,500000,Third Party,22.41
Jaipur,Petrol,Hatchback,40000,Manual,1st Owner,Renault,2019,300000,Third Party,25.17
Jaipur,Petrol,Sedan,50000,Automatic,1st Owner,Skoda,2020,3000000,Third Party,15.1
Jaipur,Diesel,SUV,60000,Manual,1st Owner,Mahindra,2019,1000000,Third Party,20
Jaipur,Diesel,SUV,90000,Automatic,1st Owner,Hyundai,2014,750000,Third Party,13.01
Jaipur,Petrol,Hatchback,72842,Automatic,1st Owner,Hyundai,2016,460000,Zero Dep,18.9
Jaipur,Petrol,Hatchback,16338,Manual,2nd Owner,Maruti,2018,430000,Third Party,20.51
Jaipur,Diesel,SUV,49017,Manual,1st Owner,Kia,2020,1525000,Comprehensive,20.8
Jaipur,Lpg,Hatchback,80000,Manual,2nd Owner,Maruti,2010,140000,Third Party,17.3
Jaipur,Petrol,Hatchback,30000,Manual,3rd Owner,Tata,2011,55000,Third Party,26
Jaipur,Diesel,MUV,120000,Manual,1st Owner,Toyota,2014,650000,Third Party,12.99
Jaipur,Diesel,Sedan,79828,Automatic,1st Owner,Hyundai,2019,1140000,Comprehensive,22
Jaipur,Diesel,Hatchback,120000,Manual,2nd Owner,Ford,2014,190000,Third Party,20
Jaipur,Petrol,Hatchback,59000,Manual,2nd Owner,Volkswagen,2016,450000,Third Party,16.2
Jaipur,Petrol,Hatchback,120000,Manual,4th Owner,Chevrolet,2011,100000,Third Party,18.6
Jaipur,Diesel,Hatchback,90000,Manual,2nd Owner,Maruti,2010,200000,Third Party,21.1
Jaipur,Petrol,Hatchback,40000,Manual,2nd Owner,Maruti,2012,245000,Third Party,20.92
Jaipur,Petrol,Sedan,70000,Manual,1st Owner,Honda,2010,340000,Comprehensive,17
Jaipur,Diesel,Pickup Trucks,10000,Manual,1st Owner,Mahindra,2022,1040000,Third Party,25.23
Jaipur,Diesel,SUV,120000,Manual,2nd Owner,Mahindra,2015,600000,Third Party,15.4
Jaipur,Petrol,Sedan,52034,Manual,1st Owner,Honda,2013,334000,Comprehensive,18
Jaipur,Petrol,Hatchback,45979,Manual,2nd Owner,Renault,2015,243000,Comprehensive,25.17
Jaipur,Petrol,Sedan,10000,Manual,1st Owner,Honda,2019,610000,Third Party,19.5
Jaipur,Petrol,Hatchback,68551,Manual,1st Owner,Hyundai,2013,349000,Comprehensive,18.5
Jaipur,Petrol,Hatchback,68766,Manual,1st Owner,Tata,2019,514000,Zero Dep,23.84
Jaipur,Diesel,SUV,80000,Manual,1st Owner,Tata,2012,300000,Third Party,11.57
Jaipur,Petrol,Sedan,20000,Manual,2nd Owner,Maruti,2020,725000,Third Party,22.41
Jaipur,Diesel,Sedan,120000,Manual,2nd Owner,Hyundai,2016,460000,Third Party,23.9
Jaipur,Diesel,Sedan,120000,Manual,2nd Owner,Hyundai,2015,450000,Third Party,22.32
Jaipur,Diesel,MUV,120000,Manual,5th Owner,Mahindra,2010,320000,Third Party,13.6
Jaipur,Diesel,SUV,71000,Manual,1st Owner,Ford,2019,850000,Comprehensive,21.7
Jaipur,Diesel,Sedan,53000,Manual,1st Owner,Volkswagen,2014,500000,Comprehensive,20.54
Jaipur,Diesel,Hatchback,75000,Manual,2nd Owner,Volkswagen,2017,550000,Comprehensive,20.14
Jaipur,Petrol,Hatchback,23573,Manual,1st Owner,Maruti,2020,560000,Comprehensive,21.79
Jaipur,Diesel,SUV,76200,Manual,1st Owner,Ford,2018,800000,Comprehensive,21.7
Jaipur,Petrol,Hatchback,85000,Automatic,1st Owner,Hyundai,2007,180000,Comprehensive,17.8
Jaipur,Petrol,Hatchback,62000,Manual,1st Owner,Maruti,2014,270000,Comprehensive,24.39
Jaipur,Petrol,Sedan,16603,Automatic,1st Owner,Hyundai,2020,735000,Comprehensive,20.1
Jaipur,Petrol,Hatchback,43571,Manual,1st Owner,Hyundai,2018,308000,Third Party,21.1
Jaipur,Petrol,Hatchback,28328,Manual,1st Owner,Maruti,2020,380000,Zero Dep,22.05
Jaipur,Diesel,Hatchback,115000,Manual,1st Owner,Maruti,2014,460000,Comprehensive,28.4
Jaipur,Petrol,SUV,40282,Manual,1st Owner,Honda,2017,657000,Comprehensive,17.5
Jaipur,Petrol,Hatchback,57826,Manual,1st Owner,Maruti,2016,255000,Comprehensive,22.05
Jaipur,Petrol,Hatchback,85400,Manual,1st Owner,Volkswagen,2016,450000,Comprehensive,18.78
Jaipur,Petrol,Hatchback,74000,Manual,2nd Owner,Hyundai,2014,480000,Comprehensive,18.6
Jaipur,Diesel,SUV,66000,Manual,1st Owner,Mahindra,2018,825000,Comprehensive,16.5
Jaipur,Diesel,SUV,65580,Automatic,1st Owner,Maruti,2018,895000,Comprehensive,24.3
Jaipur,Diesel,Hatchback,91200,Manual,2nd Owner,Volkswagen,2014,450000,Comprehensive,20.14
Jaipur,Diesel,SUV,65000,Manual,2nd Owner,Ford,2015,590000,Comprehensive,21.7
Jaipur,Diesel,Hatchback,84250,Manual,2nd Owner,Hyundai,2017,670000,Comprehensive,22.54
Jaipur,Diesel,Hatchback,93155,Manual,3rd Owner,Maruti,2007,230000,Comprehensive,17.8
Jaipur,Diesel,Sedan,79412,Automatic,2nd Owner,BMW,2014,1425000,Comprehensive,19.59
Jaipur,Diesel,Sedan,68140,Manual,1st Owner,Skoda,2019,810000,Third Party,21.13
Jaipur,Petrol,MUV,16293,Automatic,1st Owner,Kia,2022,1790000,Comprehensive,16.5
Jaipur,Diesel,Hatchback,79883,Manual,2nd Owner,Maruti,2014,189000,Third Party,23.2
Jaipur,Diesel,SUV,9000,Manual,1st Owner,Jeep,2020,1890000,Comprehensive,17.1
Jaipur,Petrol,Hatchback,100048,Manual,1st Owner,Hyundai,2007,28001,Third Party,15
Jaipur,Diesel,Sedan,110712,Manual,1st Owner,Honda,2014,270000,Third Party,25.8
Jaipur,Petrol,Hatchback,67653,Automatic,1st Owner,Tata,2017,410000,Comprehensive,23.84
Jaipur,Petrol,Hatchback,58066,Manual,1st Owner,Hyundai,2015,296000,Third Party,19.81
Jaipur,Diesel,Sedan,83000,Automatic,2nd Owner,Jaguar,2017,2350000,Comprehensive,16.36
Jaipur,Petrol,Sedan,71053,Manual,1st Owner,Honda,2019,576000,Comprehensive,19.5
Jaipur,Diesel,Hatchback,76977,Manual,2nd Owner,Volkswagen,2018,623000,Comprehensive,20.14
Jaipur,Diesel,Hatchback,150729,Manual,1st Owner,Tata,2009,80000,Third Party,18
Jaipur,Diesel,SUV,115000,Automatic,1st Owner,Mercedes-Benz,2016,3190000,Comprehensive,15.26
Jaipur,Diesel,MUV,15000,Automatic,1st Owner,Kia,2022,1750000,Comprehensive,14.93
Jaipur,Petrol,Sedan,144103,Manual,1st Owner,Honda,2007,35840,Third Party,11.9
Jaipur,Petrol,Sedan,19726,Manual,1st Owner,Honda,2022,750000,Third Party,18.6
Jaipur,Diesel,SUV,60267,Automatic,1st Owner,Audi,2013,1765000,Third Party,14.16
Jaipur,Diesel,Sedan,120931,Manual,1st Owner,Hyundai,2013,900000,Third Party,22.7
Jaipur,Petrol,SUV,12111,Manual,1st Owner,Tata,2022,950000,Third Party,17.33
Jaipur,Diesel,Sedan,121671,Manual,1st Owner,Chevrolet,2016,450000,Third Party,17.9
Jaipur,Diesel,SUV,65573,Automatic,1st Owner,Maruti,2019,895000,Third Party,24.3
Jaipur,Petrol,Hatchback,52887,Manual,1st Owner,Hyundai,2009,250000,Third Party,20.36
Jaipur,Petrol,SUV,48457,Automatic,1st Owner,Honda,2015,1285000,Comprehensive,12
Jaipur,Petrol,Hatchback,51088,Manual,1st Owner,Nissan,2013,325000,Third Party,19.49
Jaipur,Petrol,Hatchback,0,Manual,1st Owner,Maruti,2015,350000,Third Party,20.51
Jaipur,Petrol,SUV,22000,Manual,1st Owner,Kia,2021,1390000,Comprehensive,16.8
Jaipur,Petrol,Sedan,45316,Manual,1st Owner,Hyundai,2018,823000,Zero Dep,17
Jaipur,Petrol,SUV,16858,Automatic,1st Owner,Kia,2019,1395000,Comprehensive,16.5
Jaipur,Diesel,MUV,105000,Manual,1st Owner,Toyota,2014,790000,Comprehensive,12.99
Jaipur,Petrol,Hatchback,31850,Manual,1st Owner,Renault,2019,342000,Third Party,22.25
Jaipur,Diesel,Sedan,135213,Manual,1st Owner,Honda,2013,270000,Third Party,25.8
Jaipur,Diesel,Sedan,88378,Manual,1st Owner,Honda,2014,358000,Third Party,25.8
Jaipur,Diesel,Sedan,191867,Manual,1st Owner,Maruti,2016,500000,Third Party,26.59
Jaipur,Diesel,Sedan,65808,Manual,1st Owner,Maruti,2012,410000,Third Party,23.4
Jaipur,Petrol,SUV,20135,Manual,1st Owner,Nissan,2021,650000,Third Party,18.75
Jaipur,Petrol,Sedan,29882,Automatic,1st Owner,Skoda,2019,2290000,Comprehensive,15.1
Jaipur,Petrol,SUV,33831,Automatic,1st Owner,MG,2020,1500000,Third Party,13.96
Jaipur,Petrol,Hatchback,61334,Manual,1st Owner,Maruti,2018,380000,Third Party,20.51
Jaipur,Diesel,Sedan,69383,Automatic,3rd Owner,BMW,2017,1700000,Third Party,22.69
Jaipur,Diesel,SUV,157312,Manual,4th Owner,Mahindra,2009,450000,Third Party,12.05
Jaipur,Petrol,Hatchback,51531,Manual,1st Owner,Hyundai,2017,500000,Third Party,18.6
Jaipur,Diesel,SUV,88098,Manual,1st Owner,Kia,2019,945000,Third Party,20.8
Jaipur,Diesel,SUV,96000,Manual,1st Owner,Honda,2016,525000,Comprehensive,21.9
Jaipur,Diesel,SUV,77901,Manual,1st Owner,Hyundai,2019,975000,Comprehensive,23.7
Jaipur,Diesel,Sedan,133946,Manual,1st Owner,Skoda,2008,564000,Third Party,17.5
Jaipur,Petrol,Hatchback,70593,Manual,1st Owner,Hyundai,2016,326000,Third Party,19.81
Jaipur,Petrol,Hatchback,82556,Manual,1st Owner,Hyundai,2015,465000,Zero Dep,18.6
Jaipur,Petrol,Hatchback,42160,Manual,1st Owner,Maruti,2009,180000,Third Party,18.9
Jaipur,Diesel,Sedan,99367,Manual,1st Owner,Maruti,2018,710000,Third Party,28.4
Jaipur,Petrol,Sedan,95329,Manual,1st Owner,Hyundai,2018,794000,Zero Dep,17
Jaipur,Petrol,Sedan,72000,Manual,1st Owner,Maruti,2015,465000,Comprehensive,20.85
Jaipur,Diesel,Hatchback,137537,Manual,4th Owner,Hyundai,2011,150000,Third Party,21.9
Jaipur,Diesel,Sedan,98000,Manual,1st Owner,Honda,2014,520000,Comprehensive,26
Jaipur,Diesel,Sedan,152098,Manual,3rd Owner,Chevrolet,2010,361000,Third Party,18.3
Jaipur,Diesel,Sedan,88329,Manual,1st Owner,Renault,2013,390000,Comprehensive,21.64
Jaipur,Diesel,SUV,126000,Automatic,2nd Owner,Toyota,2016,2450000,Comprehensive,11.5
Jaipur,Petrol,Hatchback,114866,Manual,2nd Owner,Maruti,2009,93982,Comprehensive,21.1
Jaipur,Petrol,Hatchback,27723,Manual,1st Owner,Maruti,2021,600000,Third Party,21.01
Jaipur,Petrol,Sedan,57847,Automatic,1st Owner,Toyota,2009,395000,Comprehensive,14.53
Jaipur,Petrol,Sedan,46557,Manual,1st Owner,Hyundai,2021,980000,Third Party,17.7
Jaipur,Petrol,Hatchback,37983,Manual,1st Owner,Maruti,2016,360000,Third Party,20.51
Jaipur,Petrol,Hatchback,152783,Manual,4th Owner,Maruti,2010,68063,Third Party,19.7
Jaipur,Diesel,Sedan,69856,Automatic,1st Owner,Mercedes-Benz,2012,1250000,Third Party,14.84
Jaipur,Diesel,SUV,60091,Automatic,1st Owner,Audi,2013,1850000,Third Party,14.16
Jaipur,Petrol,Hatchback,50501,Manual,1st Owner,Maruti,2017,450000,Third Party,20.4
Jaipur,Petrol,Sedan,16603,Automatic,1st Owner,Hyundai,2020,735000,Comprehensive,20.1
Jaipur,Cng,Hatchback,40960,Manual,1st Owner,Maruti,2020,500000,Zero Dep,35.6
Jaipur,Petrol,Hatchback,65000,Manual,1st Owner,Hyundai,2018,485000,Comprehensive,18.9
Jaipur,Diesel,Hatchback,74232,Manual,1st Owner,Maruti,2014,429000,Third Party,22.9
Jaipur,Petrol,Hatchback,38892,Manual,1st Owner,Maruti,2015,347000,Third Party,20.51
Jaipur,Diesel,Sedan,72602,Automatic,2nd Owner,Hyundai,2016,695000,Comprehensive,19.08
Jaipur,Diesel,SUV,82882,Automatic,1st Owner,BMW,2014,2450000,Third Party,11.7
Jaipur,Diesel,SUV,79329,Manual,2nd Owner,Audi,2017,2325000,Third Party,17.32
Jaipur,Petrol,Sedan,63959,Manual,1st Owner,Maruti,2013,400000,Third Party,19.1
Jaipur,Petrol,Hatchback,10801,Manual,1st Owner,Tata,2022,900000,Third Party,19.33
Jaipur,Diesel,SUV,86580,Manual,2nd Owner,Toyota,2015,1300000,Third Party,13
Jaipur,Petrol,Sedan,30751,Automatic,2nd Owner,Skoda,2015,330000,Third Party,14.3
Jaipur,Petrol,Hatchback,151231,Manual,1st Owner,Maruti,2014,250000,Third Party,20.51
Jaipur,Diesel,SUV,49000,Manual,1st Owner,Kia,2020,1575000,Comprehensive,20.8
Jaipur,Petrol,SUV,49000,Automatic,1st Owner,Kia,2019,1475000,Comprehensive,16.5
Jaipur,Diesel,Sedan,147640,Automatic,3rd Owner,Mercedes-Benz,2006,225000,Third Party,14.84
Jaipur,Diesel,Sedan,55000,Automatic,1st Owner,Audi,2013,1370000,Comprehensive,15.2
Jaipur,Petrol,SUV,17284,Manual,1st Owner,Honda,2022,900000,Third Party,16.5
Jaipur,Diesel,Sedan,100076,Manual,3rd Owner,Hyundai,2014,300000,Third Party,24.4
Jaipur,Petrol,Hatchback,105180,Manual,2nd Owner,Chevrolet,2011,60000,Third Party,18
Jaipur,Petrol,Hatchback,85648,Manual,1st Owner,Maruti,2018,272000,Third Party,22.05
Jaipur,Petrol,Hatchback,97229,Manual,1st Owner,Maruti,2018,509000,Third Party,22.38
Jaipur,Diesel,Hatchback,74850,Manual,1st Owner,Maruti,2016,470000,Third Party,27.39
Jaipur,Cng,Hatchback,18484,Manual,1st Owner,Maruti,2022,539000,Comprehensive,31.2
Jaipur,Petrol,Hatchback,52509,Manual,1st Owner,Maruti,2018,544000,Third Party,22.38
Jaipur,Petrol,Sedan,94970,Manual,2nd Owner,Hyundai,2006,142000,Third Party,13.2
Jaipur,Petrol,Hatchback,57000,Manual,2nd Owner,Hyundai,2016,345000,Comprehensive,20.36
Jaipur,Diesel,Sedan,91547,Manual,1st Owner,Skoda,2018,965000,Third Party,21.13
Jaipur,Petrol,Sedan,42601,Manual,1st Owner,Maruti,2011,280000,Third Party,17.5
Jaipur,Diesel,MUV,208978,Manual,1st Owner,Maruti,2013,450000,Third Party,20.77
Jaipur,Diesel,SUV,31262,Automatic,1st Owner,Kia,2019,1130000,Third Party,17.8
Jaipur,Diesel,SUV,72000,Manual,1st Owner,Ford,2018,775000,Comprehensive,23
Jaipur,Diesel,SUV,152633,Manual,1st Owner,Nissan,2014,216000,Third Party,20.45
Jaipur,Petrol,Hatchback,70000,Manual,1st Owner,Hyundai,2017,600000,Comprehensive,18.6
Jaipur,Petrol,Sedan,54737,Automatic,1st Owner,Audi,2018,2090000,Comprehensive,19.2
Jaipur,Diesel,SUV,97845,Manual,1st Owner,Mahindra,2020,1012000,Third Party,15.1
Jaipur,Petrol,Hatchback,18240,Manual,1st Owner,Maruti,2022,630000,Third Party,22.38
Jaipur,Petrol,Hatchback,81700,Manual,3rd Owner,Hyundai,1999,66000,Zero Dep,9.99
Jaipur,Diesel,SUV,90000,Manual,2nd Owner,Tata,2015,590000,Comprehensive,14.1
Jaipur,Diesel,Sedan,65262,Automatic,1st Owner,Jaguar,2014,3800000,Comprehensive,14.47
Jaipur,Petrol,Sedan,86703,Manual,1st Owner,Hyundai,2018,875000,Zero Dep,17
Jaipur,Petrol,Sedan,16000,Manual,1st Owner,Skoda,2022,1110000,Third Party,19.47
Jaipur,Petrol,Hatchback,48409,Manual,1st Owner,Hyundai,2018,280000,Third Party,21.1
Jaipur,Petrol,Hatchback,102912,Manual,1st Owner,Maruti,2012,364000,Comprehensive,22.38
Jaipur,Petrol,Hatchback,37025,Manual,1st Owner,Renault,2019,352000,Third Party,22.25
Jaipur,Petrol,Hatchback,164910,Manual,1st Owner,Nissan,2015,215000,Third Party,19.49
Jaipur,Diesel,Sedan,68243,Manual,2nd Owner,Volkswagen,2012,300000,Third Party,20.54
Jaipur,Petrol,Hatchback,110728,Manual,1st Owner,Hyundai,2012,231000,Third Party,20.36
Jaipur,Diesel,Sedan,69492,Manual,1st Owner,Hyundai,2020,1156000,Third Party,25
Jaipur,Diesel,Hatchback,72480,Manual,1st Owner,Maruti,2013,400000,Third Party,22.9
Jaipur,Petrol,Hatchback,120094,Manual,1st Owner,Hyundai,2016,500000,Third Party,18.6
Jaipur,Diesel,Hatchback,118149,Manual,3rd Owner,Maruti,2013,350000,Third Party,22.9
Jaipur,Petrol,SUV,29000,Automatic,1st Owner,Kia,2020,1420000,Comprehensive,14.97
Jaipur,Petrol,Hatchback,68000,Automatic,3rd Owner,Honda,2015,385000,Third Party,16.5
Jaipur,Electric,SUV,55463,Automatic,1st Owner,Tata,2021,1200000,Zero Dep,21.4
Jaipur,Electric,SUV,26455,Automatic,1st Owner,Tata,2022,1400000,Third Party,24.7
Jaipur,Petrol,Minivans,45663,Manual,3rd Owner,Maruti,2014,94353,Third Party,16.8
Jaipur,Petrol,Hatchback,62626,Manual,1st Owner,Maruti,2012,96295,Third Party,22.74
Jaipur,Cng,Minivans,32317,Manual,1st Owner,Maruti,2022,570000,Third Party,20.88
Jaipur,Petrol,Hatchback,65733,Manual,2nd Owner,Hyundai,2010,117000,Third Party,18.5
Jaipur,Petrol,Hatchback,21388,Manual,1st Owner,Tata,2020,537000,Third Party,19.33
Jaipur,Diesel,Sedan,71448,Automatic,3rd Owner,Maruti,2019,678000,Third Party,28.4
Jaipur,Electric,SUV,10371,Automatic,1st Owner,MG,2022,2450000,Comprehensive,20.3
Jaipur,Petrol,Sedan,63385,Manual,1st Owner,Honda,2018,541000,Third Party,19.5
Jaipur,Petrol,Hatchback,60048,Manual,1st Owner,Hyundai,2019,578000,Third Party,18.6
Jaipur,Electric,Sedan,44351,Automatic,1st Owner,Tata,2022,1490000,Third Party,19.87
Jaipur,Petrol,Hatchback,45926,Manual,1st Owner,Hyundai,2015,200000,Third Party,21.1
Jaipur,Petrol,SUV,19876,Manual,1st Owner,Maruti,2021,750000,Third Party,17.03
Jaipur,Diesel,Hatchback,69000,Manual,1st Owner,Hyundai,2017,675000,Comprehensive,22.54
Jaipur,Petrol,SUV,65000,Manual,1st Owner,Maruti,2021,895000,Comprehensive,17.03
Jaipur,Petrol,Hatchback,37386,Manual,1st Owner,Hyundai,2015,420000,Third Party,18.9
Jaipur,Petrol,Hatchback,104590,Manual,1st Owner,Maruti,2020,550000,Third Party,21.01
Jaipur,Petrol,Sedan,57794,Manual,1st Owner,Maruti,2021,725000,Third Party,22.41
Jaipur,Diesel,SUV,105072,Manual,1st Owner,Ford,2015,420000,Third Party,22.7
Jaipur,Petrol,Sedan,176550,Manual,3rd Owner,Honda,2007,150000,Third Party,13.5
Jaipur,Diesel,Sedan,52000,Manual,1st Owner,Hyundai,2016,785000,Comprehensive,23.9
Jaipur,Petrol,Hatchback,26124,Manual,1st Owner,Tata,2020,460000,Third Party,19.33
Jaipur,Petrol,Sedan,35925,Manual,1st Owner,Maruti,2018,750000,Third Party,20.73
Jaipur,Petrol,Sedan,64816,Manual,2nd Owner,Mahindra Renault,2008,73000,Third Party,13
Jaipur,Diesel,MUV,92701,Manual,4th Owner,Mahindra,2008,108000,Third Party,13.6
Jaipur,Petrol,Hatchback,38439,Manual,1st Owner,Maruti,2019,419000,Third Party,25.24
Jaipur,Petrol,SUV,45531,Manual,1st Owner,Ford,2017,549000,Comprehensive,15.85
Jaipur,Petrol,Sedan,33000,Manual,1st Owner,Maruti,2021,710000,Comprehensive,22.41
Jaipur,Petrol,Hatchback,71098,Manual,2nd Owner,Maruti,2015,426000,Comprehensive,22.38
Jaipur,Diesel,SUV,99432,Manual,1st Owner,Mahindra,2014,633000,Comprehensive,15.1
Jaipur,Petrol,Sedan,44777,Manual,2nd Owner,Maruti,2005,110000,Third Party,15.9
Jaipur,Petrol,Hatchback,24068,Automatic,2nd Owner,Renault,2020,440000,Third Party,22
Jaipur,Diesel,Hatchback,85445,Manual,3rd Owner,Ford,2013,250000,Third Party,20
Jaipur,Diesel,Sedan,112097,Automatic,4th Owner,Volkswagen,2008,477000,Third Party,15.5
Jaipur,Diesel,Hatchback,80008,Manual,1st Owner,Hyundai,2017,470000,Third Party,24
Jaipur,Diesel,Sedan,96496,Manual,2nd Owner,Volkswagen,2013,400000,Third Party,20.54
Jaipur,Diesel,SUV,75744,Manual,1st Owner,Nissan,2014,550000,Third Party,19.01
Jaipur,Diesel,Hatchback,70000,Automatic,1st Owner,Maruti,2017,545000,Comprehensive,26.8
Jaipur,Diesel,Hatchback,85000,Manual,1st Owner,Hyundai,2015,565000,Comprehensive,21.19
Jaipur,Petrol,Hatchback,15092,Manual,1st Owner,Maruti,2022,410000,Third Party,22.05
Jaipur,Petrol,Sedan,117131,Manual,3rd Owner,Honda,2014,380000,Third Party,18
Jaipur,Petrol,Hatchback,32802,Automatic,2nd Owner,Maruti,2016,400000,Third Party,20.51
Jaipur,Petrol,Hatchback,39201,Manual,1st Owner,Maruti,2016,650000,Third Party,21.4
Jaipur,Diesel,SUV,101884,Automatic,1st Owner,Kia,2019,1260000,Third Party,17.8
Jaipur,Diesel,Hatchback,152702,Manual,2nd Owner,Maruti,2014,450000,Third Party,25.2
Jaipur,Petrol,Hatchback,74729,Manual,1st Owner,Hyundai,2014,210000,Third Party,21.1
Jaipur,Petrol,SUV,9009,Manual,1st Owner,Tata,2022,990000,Third Party,17.33
Jaipur,Petrol,SUV,10785,Manual,1st Owner,Maruti,2020,1059000,Zero Dep,18.55
Jaipur,Petrol,Hatchback,85374,Manual,1st Owner,Hyundai,2017,426000,Third Party,18.9
Jaipur,Petrol,Hatchback,36495,Manual,1st Owner,Hyundai,2011,175000,Third Party,20.36
Jaipur,Diesel,Hatchback,57095,Manual,2nd Owner,Volkswagen,2012,220000,Third Party,22.07
Jaipur,Diesel,Hatchback,20199,Manual,1st Owner,Hyundai,2022,1000000,Third Party,25
Jaipur,Petrol,Hatchback,1782,Manual,1st Owner,Renault,2022,530000,Third Party,21.46
Jaipur,Petrol,SUV,182946,Manual,1st Owner,Hyundai,2017,700000,Third Party,15.29
Jaipur,Petrol,Hatchback,20685,Manual,1st Owner,Renault,2019,299000,Third Party,25.17
Jaipur,Petrol,Hatchback,51284,Manual,1st Owner,Hyundai,2015,250000,Third Party,21.1
Jaipur,Petrol,MUV,83000,Manual,1st Owner,Maruti,2020,895000,Comprehensive,19.34
Jaipur,Petrol,Hatchback,36661,Manual,1st Owner,Maruti,2019,322000,Third Party,24.7
Jaipur,Petrol,SUV,44143,Manual,1st Owner,Mahindra,2022,1400000,Third Party,15.2
Jaipur,Petrol,Sedan,108168,Manual,4th Owner,Honda,2006,150000,Third Party,17.7
Jaipur,Petrol,Hatchback,69475,Automatic,1st Owner,Maruti,2018,310000,Third Party,23.95
Jaipur,Diesel,SUV,96294,Manual,2nd Owner,Mahindra,2013,500000,Third Party,15.1
Jaipur,Petrol,SUV,48000,Manual,1st Owner,Hyundai,2017,825000,Comprehensive,15.8
Jaipur,Diesel,SUV,34970,Manual,1st Owner,Maruti,2018,810000,Third Party,24.3
Jaipur,Petrol,Sedan,49931,Manual,1st Owner,Hyundai,2020,649000,Third Party,20.5
Jaipur,Petrol,Hatchback,49500,Manual,1st Owner,Maruti,2018,670000,Comprehensive,21.4
Jaipur,Diesel,SUV,44376,Automatic,1st Owner,Kia,2019,1525000,Comprehensive,18
Jaipur,Diesel,Hatchback,49225,Manual,1st Owner,Maruti,2018,655000,Comprehensive,28.4
Jaipur,Petrol,Hatchback,68843,Manual,1st Owner,Tata,2020,493000,Comprehensive,19.01
Jaipur,Petrol,Hatchback,60318,Manual,1st Owner,Maruti,2009,325000,Comprehensive,21.79
Jaipur,Diesel,Hatchback,101014,Automatic,1st Owner,Maruti,2018,550000,Zero Dep,28.4
Jaipur,Petrol,Hatchback,44319,Automatic,2nd Owner,Renault,2020,376000,Third Party,22
Jaipur,Petrol,Hatchback,49422,Manual,1st Owner,Volkswagen,2017,337000,Third Party,16.2
Jaipur,Petrol,SUV,44934,Automatic,1st Owner,Tata,2021,1045000,Third Party,16.35
Jaipur,Diesel,Sedan,251066,Manual,1st Owner,Maruti,2011,118000,Third Party,19.3
Jaipur,Diesel,Sedan,208708,Manual,1st Owner,Maruti,2017,436000,Third Party,28.09
Jaipur,Lpg,Hatchback,75426,Manual,1st Owner,Maruti,2009,75697,Third Party,10.61
Jaipur,Petrol,SUV,36107,Automatic,1st Owner,Hyundai,2020,861000,Third Party,18.15
Jaipur,Petrol,SUV,50854,Manual,1st Owner,Honda,2019,590000,Third Party,17.5
Jaipur,Petrol,Hatchback,7985,Manual,1st Owner,Hyundai,2020,553000,Third Party,20.7
Jaipur,Diesel,SUV,47913,Manual,1st Owner,Mahindra,2017,429000,Third Party,18.49
Jaipur,Petrol,Hatchback,138907,Manual,1st Owner,Maruti,2017,500000,Third Party,21.4
Jaipur,Diesel,Hatchback,201161,Manual,1st Owner,Maruti,2010,108000,Third Party,21.1
Jaipur,Diesel,SUV,124143,Manual,1st Owner,Mahindra,2015,482000,Third Party,15.1
Jaipur,Petrol,Sedan,65396,Manual,2nd Owner,Honda,2017,422000,Third Party,19.5
Jaipur,Petrol,Hatchback,45746,Manual,1st Owner,Hyundai,2011,206000,Third Party,20.36
Jaipur,Petrol,Sedan,90560,Manual,1st Owner,Maruti,2017,630000,Third Party,20.73
Jaipur,Petrol,SUV,48350,Automatic,1st Owner,Honda,2015,1390000,Comprehensive,12
Jaipur,Diesel,Sedan,66000,Manual,1st Owner,Honda,2017,525000,Comprehensive,25.8
Jaipur,Petrol,Hatchback,1989,Manual,1st Owner,Maruti,2022,364000,Third Party,22.05
Jaipur,Petrol,Hatchback,110818,Manual,1st Owner,Hyundai,2014,200000,Third Party,21.1
Jaipur,Diesel,SUV,89000,Automatic,2nd Owner,Hyundai,2017,975000,Comprehensive,17.6
Jaipur,Petrol,Hatchback,67225,Manual,1st Owner,Mahindra,2018,250000,Third Party,18.15
Jaipur,Diesel,SUV,96937,Manual,1st Owner,Tata,2020,1300000,Third Party,17
Jaipur,Diesel,Hatchback,160145,Manual,1st Owner,Maruti,2010,200000,Third Party,17.8
Jaipur,Petrol,MUV,85017,Manual,1st Owner,Honda,2015,450000,Third Party,17.3
Jaipur,Petrol,Hatchback,86719,Manual,1st Owner,Hyundai,2009,150000,Third Party,19.81
Jaipur,Petrol,Hatchback,85254,Manual,3rd Owner,Hyundai,2006,55000,Third Party,10.86
Jaipur,Diesel,Sedan,106311,Manual,2nd Owner,Tata,2012,244000,Comprehensive,19
Jaipur,Petrol,Hatchback,66328,Manual,1st Owner,Honda,2018,350000,Third Party,18.5
Jaipur,Petrol,Sedan,132528,Manual,1st Owner,Honda,1999,100000,Zero Dep,13
Jaipur,Diesel,Sedan,62285,Automatic,1st Owner,Jaguar,2019,3100000,Third Party,19.33
Jaipur,Diesel,Hatchback,183619,Manual,1st Owner,Hyundai,2011,179000,Third Party,21.9
Jaipur,Diesel,SUV,27019,Manual,1st Owner,Mahindra,2019,900000,Third Party,16.5
Jaipur,Petrol,Hatchback,46848,Manual,1st Owner,Hyundai,2011,190000,Comprehensive,20.36
Jaipur,Petrol,SUV,16424,Manual,1st Owner,Renault,2021,547000,Third Party,20.5
Jaipur,Petrol,Sedan,89525,Manual,2nd Owner,Maruti,2015,510000,Third Party,20.73
Jaipur,Diesel,SUV,39657,Automatic,1st Owner,Hyundai,2020,1650000,Third Party,18.5
Jaipur,Petrol,SUV,44516,Manual,1st Owner,Skoda,2021,1000000,Comprehensive,19.2
Jaipur,Diesel,Sedan,129267,Manual,1st Owner,Maruti,2016,580000,Third Party,26.59
Jaipur,Petrol,Hatchback,77497,Manual,1st Owner,Hyundai,2017,250000,Third Party,21.1
Jaipur,Diesel,Hatchback,74953,Manual,4th Owner,Maruti,2015,310000,Third Party,25.2
Jaipur,Diesel,Sedan,153007,Manual,2nd Owner,Maruti,2016,400000,Third Party,28.09
Jaipur,Petrol,Hatchback,75415,Manual,2nd Owner,Maruti,2008,94723,Third Party,19.7
Jaipur,Petrol,MUV,32516,Manual,1st Owner,Maruti,2022,602000,Third Party,20.51
Jaipur,Petrol,Hatchback,110833,Manual,2nd Owner,Hyundai,2005,70000,Third Party,10.86
Jaipur,Petrol,SUV,49972,Manual,1st Owner,Kia,2022,900000,Third Party,18.4
Jaipur,Petrol,Hatchback,174077,Manual,1st Owner,Maruti,2006,54000,Third Party,19.7
Jaipur,Petrol,Hatchback,72434,Manual,3rd Owner,Maruti,2011,110000,Third Party,19.7
Jaipur,Petrol,Sedan,34185,Manual,3rd Owner,Ford,2015,300000,Third Party,18.16
Jaipur,Petrol,SUV,29336,Manual,2nd Owner,Nissan,2021,417000,Third Party,18.75
Jaipur,Petrol,Hatchback,71501,Manual,1st Owner,Hyundai,2015,325000,Third Party,18.9
Jaipur,Petrol,SUV,68279,Manual,1st Owner,Kia,2019,1200000,Third Party,16.5
Jaipur,Diesel,Sedan,99761,Manual,2nd Owner,Maruti,2012,211000,Third Party,23.4
Jaipur,Petrol,SUV,46865,Automatic,1st Owner,Kia,2021,1450000,Third Party,16.5
Jaipur,Diesel,Hatchback,158924,Manual,1st Owner,Hyundai,2014,270000,Third Party,24
Jaipur,Diesel,Hatchback,94905,Manual,1st Owner,Hyundai,2014,300000,Third Party,21.9
Jaipur,Diesel,Sedan,80607,Manual,2nd Owner,Honda,2014,442000,Third Party,26
Jaipur,Petrol,Hatchback,33055,Automatic,2nd Owner,Maruti,2020,508000,Third Party,21.21
Jaipur,Diesel,SUV,91873,Manual,2nd Owner,Mahindra,2012,400000,Third Party,15.1
Jaipur,Petrol,Sedan,72117,Manual,1st Owner,Chevrolet,2007,62000,Third Party,12.9
Jaipur,Diesel,SUV,160351,Manual,1st Owner,Mahindra,2012,415000,Third Party,15.1
Jaipur,Diesel,SUV,68280,Manual,1st Owner,Maruti,2018,755000,Third Party,24.3
Jaipur,Petrol,Hatchback,47008,Manual,1st Owner,Maruti,2018,340000,Third Party,23.95
Jaipur,Diesel,Sedan,104782,Manual,1st Owner,Hyundai,2018,900000,Third Party,22
Jaipur,Petrol,MUV,107598,Automatic,2nd Owner,Maruti,2017,381000,Third Party,17.03
Jaipur,Diesel,SUV,90150,Manual,1st Owner,Hyundai,2019,950000,Third Party,22.1
Jaipur,Diesel,Sedan,77074,Manual,2nd Owner,Maruti,2016,500000,Third Party,28.09
Jaipur,Petrol,Sedan,32293,Automatic,1st Owner,Honda,2021,731000,Third Party,18.3
Jaipur,Petrol,SUV,69510,Automatic,1st Owner,Jeep,2018,1200000,Third Party,16
Jaipur,Diesel,SUV,131511,Manual,1st Owner,Jeep,2018,1000000,Third Party,17.1
Jaipur,Diesel,Hatchback,145716,Manual,2nd Owner,Maruti,2012,300000,Third Party,22.9
Jaipur,Petrol,Sedan,38943,Manual,1st Owner,Maruti,2017,607000,Third Party,20.73
Jaipur,Petrol,Hatchback,96598,Manual,2nd Owner,Maruti,2005,69000,Third Party,17.3
Jaipur,Petrol,SUV,28807,Automatic,1st Owner,Hyundai,2021,1600000,Third Party,14.97
Jaipur,Diesel,Sedan,107000,Automatic,1st Owner,BMW,2012,1275000,Comprehensive,16.73
Jaipur,Diesel,SUV,79331,Automatic,2nd Owner,Land Rover,2016,3675000,Comprehensive,12.7
Jaipur,Diesel,SUV,49503,Manual,1st Owner,Kia,2020,995000,Third Party,14.93
Jaipur,Diesel,MUV,137029,Manual,1st Owner,Toyota,2014,1350000,Third Party,12.99
Jaipur,Petrol,SUV,34576,Automatic,1st Owner,Jeep,2018,1490000,Third Party,16
Jaipur,Diesel,SUV,40220,Manual,1st Owner,Mahindra,2016,750000,Third Party,18.49
Jaipur,Diesel,Hatchback,83083,Manual,1st Owner,Maruti,2018,675000,Comprehensive,27.39
Jaipur,Diesel,SUV,139208,Manual,1st Owner,Toyota,2010,1050000,Third Party,11.5
Jaipur,Petrol,Hatchback,40000,Manual,1st Owner,Maruti,2023,276000,Third Party,24.39
Jaipur,Petrol,Hatchback,50000,Manual,1st Owner,Maruti,2016,182000,Third Party,20.51
Jaipur,Petrol,Sedan,60000,Manual,1st Owner,Maruti,2005,50000,Third Party,15.9
Jaipur,Petrol,MUV,50000,Manual,1st Owner,Renault,2023,600000,Third Party,20
Jaipur,Petrol,Hatchback,100000,Manual,1st Owner,Hyundai,2011,130000,Third Party,21.1
Jaipur,Petrol,Hatchback,120000,Manual,1st Owner,Hyundai,2012,130000,Third Party,21.1
Jaipur,Petrol,Hatchback,70000,Manual,2nd Owner,Ford,2011,110000,Third Party,15.6
Jaipur,Petrol,Hatchback,50000,Manual,2nd Owner,Maruti,2008,55000,Third Party,18.2
Jaipur,Petrol,Hatchback,120000,Manual,1st Owner,Hyundai,2011,130000,Third Party,21.1
Jaipur,Petrol,SUV,20000,Manual,1st Owner,Nissan,2022,650000,Third Party,18.75
Jaipur,Petrol,Hatchback,40000,Manual,1st Owner,Renault,2016,250000,Third Party,25.17
Jaipur,Petrol,Hatchback,100000,Manual,1st Owner,Maruti,2010,110000,Third Party,19
Jaipur,Petrol,SUV,10000,Manual,1st Owner,Nissan,2021,730000,Third Party,20
Jaipur,Cng,Hatchback,60000,Manual,1st Owner,Maruti,2012,130000,Third Party,26.83
Jaipur,Petrol,Hatchback,20000,Manual,1st Owner,Maruti,2021,330000,Third Party,22.05
Jaipur,Petrol,Sedan,30000,Manual,1st Owner,Maruti,2020,600000,Third Party,21.21
Jaipur,Petrol,MUV,70000,Manual,1st Owner,Renault,2020,600000,Third Party,20
Jaipur,Petrol,MUV,70000,Manual,1st Owner,Renault,2020,600000,Third Party,20
Jaipur,Petrol,Hatchback,50000,Manual,2nd Owner,Maruti,2009,100000,Third Party,17.3
Jaipur,Petrol,Hatchback,70000,Manual,1st Owner,Maruti,2013,335000,Third Party,18.6
Jaipur,Diesel,SUV,30000,Manual,1st Owner,Mahindra,2023,1100000,Third Party,17.29
Jaipur,Petrol,SUV,50000,Automatic,3rd Owner,Ford,2014,400000,Third Party,16.5
Jaipur,Petrol,Hatchback,30000,Manual,1st Owner,Hyundai,2011,300000,Third Party,17
Jaipur,Petrol,Hatchback,20000,Manual,1st Owner,Hyundai,2011,180000,Third Party,17.92
Jaipur,Diesel,SUV,20000,Manual,1st Owner,Mahindra,2022,1100000,Third Party,20
Jaipur,Petrol,SUV,50000,Manual,1st Owner,MG,2019,900000,Third Party,15.81
Jaipur,Petrol,Hatchback,90000,Manual,1st Owner,Hyundai,2012,230000,Third Party,17
Jaipur,Diesel,Hatchback,60000,Manual,3rd Owner,Ford,2011,150000,Third Party,20
Jaipur,Petrol,Hatchback,100000,Automatic,1st Owner,Maruti,2018,400000,Third Party,23.1
Jaipur,Petrol,Hatchback,10000,Manual,1st Owner,Citroen,2022,700000,Third Party,19.3
Jaipur,Diesel,SUV,60000,Manual,1st Owner,Ford,2017,600000,Third Party,23
Jaipur,Petrol,SUV,40000,Manual,1st Owner,Maruti,2021,745000,Third Party,17.03
Jaipur,Diesel,Hatchback,120000,Manual,2nd Owner,Ford,2013,150000,Third Party,20
Jaipur,Diesel,Hatchback,120000,Manual,2nd Owner,Ford,2013,150000,Third Party,20
Jaipur,Diesel,SUV,70000,Manual,1st Owner,Kia,2020,1166000,Third Party,20.8
Jaipur,Petrol,Hatchback,10000,Manual,1st Owner,Maruti,2021,500000,Third Party,21.79
Jaipur,Petrol,Hatchback,50000,Automatic,2nd Owner,Maruti,2018,350000,Third Party,23.95
Jaipur,Diesel,SUV,50000,Manual,2nd Owner,Tata,2018,600000,Third Party,21.5
Jaipur,Petrol,Hatchback,50000,Manual,1st Owner,Datsun,2016,225000,Third Party,20.63
Jaipur,Diesel,SUV,30000,Manual,1st Owner,Mahindra,2021,1000000,Third Party,16
Jaipur,Diesel,Sedan,150000,Manual,2nd Owner,Maruti,2010,190000,Third Party,19.3
Jaipur,Petrol,Coupe,30000,Automatic,2nd Owner,Porsche,2020,15000000,Third Party,9
Jaipur,Diesel,SUV,70000,Manual,1st Owner,Mahindra,2021,950000,Third Party,17.29
Jaipur,Petrol,Hatchback,90000,Manual,1st Owner,Maruti,2010,150000,Third Party,19
Jaipur,Petrol,Hatchback,50000,Manual,1st Owner,Maruti,2010,185000,Third Party,19.7
Jaipur,Petrol,Hatchback,80000,Manual,4th Owner,Maruti,1998,50000,Zero Dep,16.1
Jaipur,Diesel,Hatchback,120000,Manual,2nd Owner,Chevrolet,2014,150000,Third Party,25.44
Jaipur,Petrol,Sedan,20000,Manual,1st Owner,Honda,2021,800000,Third Party,18.6
Jaipur,Diesel,SUV,60000,Manual,4th Owner,Mahindra,2017,450000,Third Party,16.55
Jaipur,Diesel,Sedan,60000,Manual,2nd Owner,Honda,2016,430000,Third Party,25.8
Jaipur,Petrol,Sedan,70000,Manual,2nd Owner,Maruti,2011,225000,Third Party,17.5
Jaipur,Petrol,Hatchback,150000,Manual,3rd Owner,Maruti,2008,70000,Third Party,19.7
Jaipur,Petrol,Hatchback,30000,Manual,2nd Owner,Hyundai,2010,175000,Third Party,20.36
Jaipur,Petrol,Sedan,60000,Manual,1st Owner,Hyundai,2008,100000,Third Party,13.2
Jaipur,Diesel,MUV,120000,Manual,2nd Owner,Maruti,2017,600000,Third Party,24.52
Jaipur,Petrol,Sedan,100000,Manual,1st Owner,Maruti,2011,200000,Third Party,17.5
Jaipur,Diesel,SUV,50000,Manual,1st Owner,Mahindra,2020,1600000,Third Party,15.4
Jaipur,Petrol,Hatchback,70000,Manual,1st Owner,Hyundai,2007,100000,Third Party,17.8
Jaipur,Petrol,SUV,10000,Manual,1st Owner,Mahindra,2022,1200000,Third Party,16.82
Jaipur,Petrol,SUV,50000,Manual,1st Owner,Mahindra,2020,1070000,Third Party,16.82
Jaipur,Petrol,Hatchback,80000,Manual,1st Owner,Hyundai,2015,248000,Third Party,21.1
Jaipur,Petrol,Hatchback,40000,Manual,1st Owner,Maruti,2020,400000,Third Party,22.05
Jaipur,Petrol,Hatchback,70000,Manual,2nd Owner,Maruti,2007,125000,Third Party,19.7
Jaipur,Diesel,Hatchback,150000,Manual,1st Owner,Honda,2016,400000,Third Party,27.3
Jaipur,Diesel,Sedan,40000,Automatic,1st Owner,Honda,2021,900000,Third Party,21
Jaipur,Petrol,Hatchback,30000,Manual,1st Owner,Maruti,2020,310000,Third Party,22.05
Jaipur,Petrol,Sedan,80000,Manual,1st Owner,Maruti,2014,350000,Third Party,19.1
Jaipur,Diesel,SUV,80000,Manual,1st Owner,Jeep,2017,1300000,Third Party,17.1
Jaipur,Petrol,SUV,20000,Manual,1st Owner,Honda,2021,850000,Third Party,16.5
Jaipur,Petrol,Hatchback,70000,Manual,2nd Owner,Chevrolet,2009,90000,Third Party,18
Jaipur,Diesel,SUV,120000,Manual,1st Owner,Mahindra,2012,500000,Third Party,15.1
Jaipur,Petrol,SUV,20000,Manual,1st Owner,Honda,2022,950000,Third Party,16.5
Jaipur,Diesel,SUV,150000,Manual,1st Owner,Jeep,2018,1214000,Third Party,17.1
Jaipur,Petrol,Sedan,20000,Manual,1st Owner,Hyundai,2021,670000,Third Party,20.5
Jaipur,Petrol,Hatchback,80000,Manual,2nd Owner,Maruti,2004,50000,Third Party,16.1
Jaipur,Diesel,SUV,90000,Manual,1st Owner,Maruti,2017,850000,Third Party,24.3
Jaipur,Petrol,Hatchback,30000,Manual,1st Owner,Renault,2017,300000,Third Party,25.17
Jaipur,Petrol,Hatchback,30000,Manual,1st Owner,Maruti,2020,330000,Third Party,22.05
Jaipur,Diesel,SUV,40000,Manual,3rd Owner,Maruti,2018,750000,Third Party,24.3
Jaipur,Petrol,Sedan,120000,Manual,4th Owner,Hyundai,2005,70000,Third Party,13.2
Jaipur,Petrol,Hatchback,120000,Manual,4th Owner,Maruti,2006,80000,Third Party,18.9
Jaipur,Petrol,Hatchback,60000,Manual,2nd Owner,Maruti,2009,125000,Third Party,18.9
Jaipur,Diesel,Sedan,150000,Manual,2nd Owner,Maruti,2009,250000,Third Party,19.3
Jaipur,Petrol,Hatchback,60000,Manual,1st Owner,Maruti,2019,370000,Third Party,24.7
Jaipur,Diesel,SUV,150000,Manual,1st Owner,Renault,2013,325000,Third Party,19.01
Jaipur,Petrol,Hatchback,80000,Manual,2nd Owner,Maruti,2006,45000,Third Party,16.1
Jaipur,Diesel,SUV,100000,Manual,2nd Owner,Tata,2009,170000,Third Party,13.93
Jaipur,Diesel,SUV,50000,Manual,1st Owner,Mahindra,2019,800000,Third Party,16.5
Jaipur,Diesel,Hatchback,50000,Manual,3rd Owner,Chevrolet,2012,122000,Third Party,25.44
Jaipur,Petrol,Hatchback,60000,Manual,2nd Owner,Hyundai,2008,150000,Third Party,20.36
Jaipur,Petrol,Hatchback,30000,Manual,1st Owner,Maruti,2020,325000,Third Party,22.05
Jaipur,Petrol,Hatchback,80000,Manual,4th Owner,Maruti,2003,50000,Third Party,16.1
Jaipur,Petrol,SUV,10000,Manual,2nd Owner,Hyundai,2022,1100000,Third Party,18
Jaipur,Lpg,Sedan,150000,Manual,2nd Owner,Hyundai,2009,100000,Third Party,13.2
Jaipur,Petrol,Coupe,40000,Automatic,4th Owner,BMW,2006,700000,Third Party,7.94
Jaipur,Petrol,Hatchback,150000,Manual,2nd Owner,Maruti,2009,125000,Third Party,18.9
Jaipur,Petrol,SUV,60000,Manual,1st Owner,Tata,2019,800000,Third Party,17
Jaipur,Petrol,MUV,30000,Manual,1st Owner,Renault,2021,780000,Third Party,20
Jaipur,Petrol,Sedan,120000,Manual,2nd Owner,Honda,2009,225000,Third Party,17
Jaipur,Petrol,SUV,50000,Automatic,1st Owner,Tata,2021,950000,Third Party,17.05
Jaipur,Diesel,Hatchback,150000,Manual,2nd Owner,Maruti,2014,380000,Third Party,25.2
Jaipur,Petrol,Hatchback,150000,Manual,2nd Owner,Maruti,2007,90000,Third Party,18.2
Jaipur,Petrol,Hatchback,10000,Manual,1st Owner,Maruti,2022,425000,Third Party,22.05
Jaipur,Petrol,SUV,30000,Manual,1st Owner,Kia,2021,1450000,Third Party,16.8
Jaipur,Petrol,Hatchback,60000,Manual,2nd Owner,Maruti,2018,590000,Third Party,21.4
Jaipur,Petrol,Hatchback,60000,Manual,2nd Owner,Maruti,2018,590000,Third Party,21.4
Jaipur,Petrol,Hatchback,50000,Manual,1st Owner,Maruti,2018,280000,Third Party,24.7
Jaipur,Petrol,Hatchback,120000,Manual,2nd Owner,Maruti,2014,250000,Third Party,23.1
Jaipur,Diesel,SUV,70000,Manual,1st Owner,Mahindra,2013,500000,Third Party,15.1
Jaipur,Diesel,SUV,150000,Manual,1st Owner,Maruti,2017,500000,Third Party,25.1
Jaipur,Petrol,Hatchback,50000,Manual,1st Owner,Tata,2016,142000,Third Party,25.4
Jaipur,Petrol,SUV,70000,Manual,1st Owner,Mahindra,2016,300000,Third Party,18.15
Jaipur,Petrol,Hatchback,40000,Manual,1st Owner,Maruti,2021,650000,Third Party,22.38
Jaipur,Petrol,Hatchback,120000,Manual,3rd Owner,Maruti,2006,150000,Third Party,16.1
Jaipur,Petrol,Sedan,60000,Manual,2nd Owner,Tata,2019,500000,Third Party,20.3
Jaipur,Petrol,Hatchback,150000,Automatic,4th Owner,Maruti,2010,150000,Third Party,16.98
Jaipur,Diesel,Sedan,90000,Manual,2nd Owner,Tata,2011,161000,Third Party,23.57
Jaipur,Petrol,SUV,10000,Manual,2nd Owner,Honda,2023,1000000,Third Party,16.5
Jaipur,Petrol,Hatchback,50000,Manual,1st Owner,Tata,2020,520000,Third Party,20.09
Jaipur,Diesel,SUV,90000,Manual,2nd Owner,Mahindra,2016,725000,Third Party,18.49
Jaipur,Petrol,MUV,30000,Manual,1st Owner,Renault,2021,750000,Third Party,20
Jaipur,Petrol,Hatchback,40000,Manual,1st Owner,Maruti,2013,250000,Third Party,20.92
Jaipur,Diesel,SUV,150000,Manual,1st Owner,Renault,2013,350000,Third Party,19.01
Jaipur,Lpg,Hatchback,120000,Manual,1st Owner,Hyundai,2017,400000,Third Party,19.2
Jaipur,Petrol,Hatchback,100000,Manual,3rd Owner,Maruti,2012,150000,Third Party,19.7
Jaipur,Diesel,Sedan,90000,Manual,1st Owner,Maruti,2016,460000,Third Party,26.59
Jaipur,Petrol,Hatchback,70000,Manual,4th Owner,Maruti,2004,40000,Third Party,16.1
Jaipur,Diesel,Sedan,150000,Manual,1st Owner,Chevrolet,2017,425000,Third Party,22.1
Jaipur,Petrol,Hatchback,120000,Manual,2nd Owner,Maruti,2005,100000,Third Party,18.9
Jaipur,Petrol,Hatchback,60000,Manual,1st Owner,Maruti,2019,650000,Third Party,21.1
Jaipur,Diesel,MUV,100000,Manual,2nd Owner,Maruti,2017,750000,Third Party,24.52
Jaipur,Petrol,Hatchback,10000,Manual,1st Owner,Maruti,2022,456000,Third Party,22.05
Jaipur,Diesel,SUV,120000,Manual,1st Owner,Renault,2013,350000,Third Party,19.01
Jaipur,Diesel,Sedan,150000,Manual,1st Owner,Maruti,2015,375000,Third Party,26.59
Jaipur,Diesel,SUV,120000,Manual,2nd Owner,Mahindra,2005,305000,Third Party,15.96
Jaipur,Diesel,Sedan,150000,Manual,2nd Owner,Hyundai,2012,400000,Third Party,22.32
Jaipur,Diesel,Sedan,150000,Manual,1st Owner,Honda,2016,400000,Third Party,25.8
Jaipur,Petrol,Hatchback,120000,Manual,2nd Owner,Hyundai,2017,230000,Third Party,21.1
Jaipur,Petrol,Hatchback,20000,Manual,2nd Owner,Tata,2021,725000,Third Party,19.33
Jaipur,Diesel,MUV,100000,Manual,2nd Owner,Toyota,2009,425000,Third Party,12.8
Jaipur,Petrol,Sedan,30000,Manual,1st Owner,Volkswagen,2014,450000,Third Party,15.04
Jaipur,Diesel,Hatchback,120000,Manual,2nd Owner,Nissan,2016,300000,Third Party,23.08
Jaipur,Petrol,Hatchback,90000,Manual,3rd Owner,Chevrolet,2011,160000,Third Party,18.6
Jaipur,Petrol,Hatchback,10000,Manual,1st Owner,Maruti,2023,640000,Third Party,22.38
Jaipur,Petrol,Sedan,30000,Manual,1st Owner,Hyundai,2021,675000,Third Party,20.5
Jaipur,Diesel,SUV,150000,Manual,1st Owner,Renault,2012,300000,Third Party,20.45
Jaipur,Petrol,Hatchback,40000,Manual,2nd Owner,Maruti,2015,250000,Third Party,22.74
Jaipur,Diesel,Sedan,120000,Manual,3rd Owner,Tata,2017,450000,Third Party,22.95
Jaipur,Petrol,Hatchback,60000,Manual,1st Owner,Hyundai,2017,260000,Third Party,21.1
Jaipur,Petrol,Hatchback,10000,Manual,1st Owner,Hyundai,2023,850000,Third Party,21
Jaipur,Diesel,SUV,150000,Manual,1st Owner,Ford,2014,450000,Third Party,22.7
Jaipur,Diesel,Sedan,70000,Manual,2nd Owner,Chevrolet,2013,380000,Third Party,17.3
Jaipur,Diesel,Sedan,80000,Manual,1st Owner,Honda,2015,450000,Third Party,26
Jaipur,Petrol,Hatchback,60000,Manual,1st Owner,Renault,2017,300000,Third Party,25.17
Jaipur,Diesel,Hatchback,120000,Manual,1st Owner,Tata,2011,225000,Third Party,18
Jaipur,Petrol,Hatchback,70000,Manual,3rd Owner,Maruti,2009,150000,Third Party,19.7
Jaipur,Petrol,Hatchback,90000,Manual,2nd Owner,Hyundai,2012,200000,Third Party,20.36
Jaipur,Petrol,Hatchback,120000,Manual,1st Owner,Maruti,2001,40000,Zero Dep,17.3
Jaipur,Petrol,Hatchback,40000,Manual,1st Owner,Maruti,2017,400000,Third Party,20.51
Jaipur,Petrol,Hatchback,70000,Automatic,1st Owner,Maruti,2015,350000,Third Party,20.51
Jaipur,Petrol,Hatchback,60000,Manual,1st Owner,Hyundai,2015,250000,Third Party,21.1
Jaipur,Petrol,Sedan,80000,Manual,1st Owner,Toyota,2011,350000,Third Party,17.6
Jaipur,Petrol,Hatchback,50000,Manual,1st Owner,Maruti,2012,300000,Third Party,18.9
Jaipur,Diesel,Hatchback,120000,Manual,4th Owner,Ford,2011,200000,Third Party,20
Jaipur,Diesel,Hatchback,150000,Manual,3rd Owner,Maruti,2009,300000,Third Party,21.1
Jaipur,Diesel,Hatchback,120000,Manual,2nd Owner,Maruti,2013,300000,Third Party,23.2
Jaipur,Petrol,Hatchback,40000,Manual,2nd Owner,Maruti,2015,250000,Third Party,22.74
Jaipur,Petrol,Hatchback,40000,Manual,2nd Owner,Datsun,2020,300000,Third Party,20.71
Jaipur,Petrol,SUV,40000,Manual,1st Owner,Hyundai,2021,1000000,Third Party,18.27
Jaipur,Petrol,Hatchback,70000,Manual,2nd Owner,Nissan,2013,200000,Third Party,19.49
Jaipur,Petrol,Sedan,120000,Automatic,2nd Owner,Honda,2013,350000,Third Party,16.8
Jaipur,Petrol,Hatchback,150000,Manual,2nd Owner,Maruti,2010,100000,Third Party,19
Jaipur,Diesel,Sedan,100000,Manual,3rd Owner,Honda,2015,500000,Third Party,26
Jaipur,Diesel,Sedan,80000,Automatic,1st Owner,Maruti,2017,700000,Third Party,28.4
Jaipur,Petrol,Sedan,40000,Automatic,1st Owner,Honda,2021,800000,Third Party,18.3
Jaipur,Cng,Sedan,30000,Manual,1st Owner,Tata,2022,820000,Third Party,26.49
Jaipur,Petrol,Hatchback,90000,Manual,1st Owner,Tata,2020,675000,Third Party,18.53
Jaipur,Diesel,MUV,100000,Manual,3rd Owner,Maruti,2019,1100000,Third Party,25.47
Jaipur,Diesel,SUV,70000,Manual,1st Owner,Mahindra,2014,350000,Third Party,17.21
Jaipur,Diesel,Sedan,150000,Manual,1st Owner,Honda,2015,500000,Third Party,26
Jaipur,Diesel,SUV,30000,Manual,3rd Owner,Mahindra,2013,500000,Third Party,15.96
Jaipur,Petrol,Hatchback,40000,Manual,1st Owner,Maruti,2018,320000,Third Party,24.7
Jaipur,Diesel,Sedan,120000,Manual,4th Owner,Volkswagen,2013,420000,Third Party,20.54
Jaipur,Diesel,Sedan,150000,Manual,1st Owner,Honda,2014,325000,Third Party,25.8
Jaipur,Petrol,SUV,30000,Manual,1st Owner,Maruti,2020,950000,Third Party,17.03
Jaipur,Petrol,SUV,30000,Manual,1st Owner,Maruti,2020,950000,Third Party,17.03
Jaipur,Petrol,Hatchback,120000,Manual,1st Owner,Datsun,2017,300000,Third Party,22.7
Jaipur,Diesel,Hatchback,90000,Manual,1st Owner,Hyundai,2015,400000,Third Party,24
Jaipur,Petrol,Hatchback,60000,Manual,2nd Owner,Hyundai,2014,350000,Third Party,20.36
Jaipur,Diesel,MUV,150000,Manual,2nd Owner,Mahindra,2007,280000,Third Party,13.6
Jaipur,Petrol,Sedan,120000,Automatic,1st Owner,Skoda,2012,500000,Third Party,13.7
Jaipur,Petrol,Sedan,120000,Automatic,1st Owner,Skoda,2012,500000,Third Party,13.7
Jaipur,Petrol,Sedan,120000,Automatic,1st Owner,Skoda,2012,500000,Third Party,13.7
Jaipur,Petrol,Sedan,70000,Manual,1st Owner,Maruti,2010,250000,Third Party,15.5
Jaipur,Diesel,MUV,90000,Manual,3rd Owner,Mahindra,2007,300000,Third Party,13.6
Jaipur,Diesel,Sedan,90000,Manual,1st Owner,Honda,2013,400000,Third Party,25.8
Jaipur,Diesel,Sedan,90000,Manual,4th Owner,Honda,2016,420000,Third Party,25.8
Jaipur,Diesel,SUV,150000,Manual,1st Owner,Nissan,2014,400000,Third Party,20.45
Jaipur,Petrol,Hatchback,30000,Manual,2nd Owner,Maruti,2021,800000,Third Party,21.01
Jaipur,Petrol,Hatchback,40000,Manual,1st Owner,Maruti,2019,500000,Third Party,21.79
Jaipur,Petrol,Hatchback,20000,Manual,1st Owner,Maruti,2022,725000,Third Party,22.38
Jaipur,Diesel,Sedan,120000,Manual,3rd Owner,Hyundai,2011,300000,Third Party,22.32
Jaipur,Diesel,Sedan,120000,Manual,1st Owner,Maruti,2014,400000,Third Party,23.4
Jaipur,Petrol,Hatchback,30000,Manual,1st Owner,Maruti,2021,800000,Third Party,21.01
Jaipur,Diesel,Hatchback,120000,Manual,1st Owner,Maruti,2014,450000,Third Party,22.9
Jaipur,Diesel,Sedan,121000,Manual,1st Owner,Hyundai,2013,450000,Third Party,22.7
Jaipur,Diesel,Sedan,120000,Manual,1st Owner,Maruti,2013,500000,Third Party,23.4
Jaipur,Diesel,SUV,120000,Manual,3rd Owner,Mitsubishi,2013,900000,Third Party,13.5
Jaipur,Petrol,Hatchback,150000,Manual,3rd Owner,Maruti,2011,165000,Third Party,18.5
Jaipur,Diesel,Sedan,60000,Manual,1st Owner,Maruti,2018,700000,Third Party,28.09
Jaipur,Petrol,Hatchback,60000,Manual,4th Owner,Maruti,2001,62000,Zero Dep,17.3
Jaipur,Petrol,Hatchback,20000,Manual,1st Owner,Renault,2022,550000,Third Party,21.46
Jaipur,Petrol,Sedan,30000,Automatic,1st Owner,Honda,2021,1525000,Third Party,18.3
Jaipur,Diesel,Sedan,150000,Manual,1st Owner,Honda,2014,400000,Third Party,26
Jaipur,Petrol,Hatchback,150000,Manual,2nd Owner,Maruti,2007,100000,Third Party,18.2
Jaipur,Petrol,Hatchback,120000,Manual,2nd Owner,Maruti,2015,220000,Third Party,22.74
Jaipur,Diesel,Sedan,120000,Manual,1st Owner,Maruti,2018,630000,Third Party,28.4
Jaipur,Petrol,Hatchback,90000,Manual,2nd Owner,Hyundai,2013,350000,Third Party,20.36
Jaipur,Diesel,Hatchback,150000,Manual,3rd Owner,Maruti,2012,350000,Third Party,22.9
Jaipur,Diesel,Sedan,90000,Manual,2nd Owner,Maruti,2014,450000,Third Party,23.4
Jaipur,Diesel,Sedan,90000,Manual,2nd Owner,Maruti,2014,450000,Third Party,23.4
Jaipur,Petrol,Hatchback,150000,Manual,1st Owner,Hyundai,2011,200000,Third Party,20.36
Jaipur,Petrol,Hatchback,120000,Manual,2nd Owner,Maruti,2015,225000,Third Party,22.74
Jaipur,Diesel,Sedan,100000,Manual,1st Owner,Maruti,2013,370000,Third Party,23.4
Jaipur,Petrol,Hatchback,90000,Manual,2nd Owner,Citroen,2023,730000,Third Party,19.3
Jaipur,Petrol,Sedan,60000,Manual,2nd Owner,Maruti,2017,610000,Third Party,20.73
Jaipur,Diesel,Sedan,90000,Manual,4th Owner,Maruti,2018,670000,Third Party,28.4
Jaipur,Diesel,SUV,150000,Automatic,1st Owner,Volvo,2019,4000000,Third Party,11.2
Jaipur,Diesel,SUV,150000,Manual,1st Owner,Maruti,2019,800000,Third Party,25.1
Jaipur,Diesel,SUV,80000,Manual,3rd Owner,Mahindra,2017,700000,Third Party,15.96
Jaipur,Diesel,SUV,120000,Manual,2nd Owner,Renault,2013,400000,Third Party,19.64
Jaipur,Petrol,Hatchback,120000,Manual,3rd Owner,Maruti,2009,150000,Third Party,19.7
Jaipur,Petrol,Hatchback,120000,Manual,1st Owner,Hyundai,2016,300000,Third Party,19.81
Jaipur,Petrol,Sedan,70000,Manual,1st Owner,Maruti,2020,700000,Third Party,22.41
Jaipur,Petrol,Sedan,30000,Manual,1st Owner,Hyundai,2020,650000,Third Party,20.5
Jaipur,Diesel,MUV,150000,Manual,1st Owner,Mahindra,2019,800000,Third Party,17.3
Jaipur,Diesel,SUV,80000,Manual,1st Owner,Mahindra,2017,800000,Third Party,15.96
Jaipur,Petrol,Hatchback,100000,Manual,2nd Owner,Maruti,2012,200000,Third Party,18.9
Jaipur,Petrol,Hatchback,40000,Manual,1st Owner,Tata,2020,700000,Third Party,19.33
Jaipur,Petrol,Hatchback,100000,Manual,2nd Owner,Hyundai,2016,340000,Third Party,18.9
Jaipur,Diesel,Sedan,120000,Manual,2nd Owner,Maruti,2018,420000,Third Party,19.95
Jaipur,Diesel,MUV,150000,Manual,2nd Owner,Toyota,2012,500000,Third Party,11.4
Jaipur,Petrol,Hatchback,40000,Manual,1st Owner,Hyundai,2020,750000,Third Party,21
Jaipur,Diesel,SUV,150000,Manual,1st Owner,Maruti,2018,900000,Third Party,24.3
Jaipur,Petrol,Sedan,150000,Automatic,1st Owner,Maruti,2019,730000,Third Party,20.28
Jaipur,Petrol,Sedan,150000,Automatic,1st Owner,Maruti,2019,730000,Third Party,20.28
Jaipur,Petrol,Hatchback,20000,Manual,1st Owner,Maruti,2022,810000,Third Party,22.38
Jaipur,Petrol,Sedan,150000,Manual,1st Owner,Maruti,2016,500000,Third Party,20.85
Jaipur,Diesel,Hatchback,60000,Manual,2nd Owner,Hyundai,2016,500000,Third Party,24
Jaipur,Diesel,Sedan,60000,Automatic,1st Owner,Jaguar,2019,3200000,Third Party,13.5
Jaipur,Petrol,Hatchback,150000,Manual,2nd Owner,Maruti,2011,150000,Third Party,16.1
Jaipur,Petrol,Hatchback,90000,Manual,2nd Owner,Maruti,2014,250000,Third Party,20.92
Jaipur,Diesel,Hatchback,120000,Manual,1st Owner,Renault,2012,200000,Third Party,23.08
Jaipur,Cng,Hatchback,60000,Manual,1st Owner,Maruti,2021,600000,Third Party,9.98
Jaipur,Petrol,Sedan,120000,Manual,1st Owner,Tata,2014,400000,Third Party,17.57
Jaipur,Petrol,Hatchback,90000,Manual,2nd Owner,Maruti,2011,200000,Third Party,19.7
Jaipur,Diesel,Sedan,30000,Automatic,5th Owner,Hyundai,2021,2000000,Third Party,14.62
Jaipur,Diesel,Hatchback,120000,Manual,1st Owner,Fiat,2015,350000,Third Party,20.5
Jaipur,Diesel,SUV,120000,Manual,1st Owner,Mahindra,2013,700000,Third Party,15.1
Jaipur,Diesel,Sedan,120000,Manual,1st Owner,Honda,2015,450000,Third Party,26
Jaipur,Diesel,Sedan,120000,Manual,1st Owner,Honda,2015,600000,Third Party,25.1
Jaipur,Petrol,Sedan,60000,Manual,1st Owner,Hyundai,2014,400000,Third Party,19.1
Jaipur,Petrol,Hatchback,60000,Manual,3rd Owner,Maruti,2016,302000,Third Party,23.95
Jaipur,Petrol,Sedan,20000,Manual,1st Owner,Hyundai,2022,830000,Third Party,20.5
Jaipur,Diesel,Sedan,150000,Manual,1st Owner,Maruti,2014,500000,Third Party,23.4
Jaipur,Diesel,Hatchback,120000,Manual,2nd Owner,Maruti,2010,180000,Third Party,21.1
Jaipur,Diesel,Hatchback,120000,Manual,4th Owner,Ford,2011,250000,Third Party,20
Jaipur,Petrol,Sedan,70000,Manual,1st Owner,Hyundai,2011,300000,Third Party,16.36
Jaipur,Petrol,Hatchback,50000,Manual,3rd Owner,Maruti,2016,320000,Third Party,23.95
Jaipur,Diesel,Sedan,120000,Manual,1st Owner,Hyundai,2013,450000,Third Party,22.32
Jaipur,Diesel,Hatchback,150000,Manual,2nd Owner,Hyundai,2010,225000,Third Party,23
Jaipur,Diesel,Hatchback,150000,Manual,2nd Owner,Hyundai,2010,225000,Third Party,23
Jaipur,Petrol,Hatchback,70000,Manual,1st Owner,Maruti,2020,450000,Third Party,23.95
Jaipur,Petrol,Hatchback,60000,Manual,3rd Owner,Maruti,2016,320000,Third Party,23.95
Jaipur,Petrol,Hatchback,50000,Manual,1st Owner,Hyundai,2011,300000,Third Party,17
Jaipur,Petrol,Hatchback,120000,Manual,3rd Owner,Ford,2011,200000,Third Party,15.6
Jaipur,Diesel,Sedan,150000,Manual,1st Owner,Volkswagen,2013,680000,Third Party,18.33
Jaipur,Petrol,Sedan,120000,Manual,4th Owner,Toyota,2008,350000,Third Party,14.53
Jaipur,Diesel,Hatchback,150000,Manual,2nd Owner,Volkswagen,2014,350000,Third Party,22.07
Jaipur,Diesel,Hatchback,150000,Manual,1st Owner,Maruti,2011,350000,Third Party,22.9
Jaipur,Petrol,Hatchback,150000,Manual,2nd Owner,Maruti,2008,200000,Third Party,19.7
Jaipur,Petrol,Sedan,80000,Manual,1st Owner,Honda,2011,450000,Third Party,17
Jaipur,Petrol,Hatchback,100000,Manual,3rd Owner,Maruti,2014,350000,Third Party,22
Jaipur,Diesel,Hatchback,120000,Manual,1st Owner,Maruti,2013,525000,Third Party,22.9
Jaipur,Petrol,Hatchback,60000,Manual,2nd Owner,Hyundai,2011,520000,Third Party,18.5
Jaipur,Diesel,Hatchback,120000,Manual,2nd Owner,Maruti,2013,450000,Third Party,22.9
Jaipur,Diesel,Hatchback,80000,Manual,1st Owner,Fiat,2015,600000,Third Party,20.5
Jaipur,Petrol,Hatchback,50000,Manual,1st Owner,Hyundai,2010,79000,Third Party,20.36
Jaipur,Petrol,Sedan,10000,Manual,1st Owner,Maruti,2023,500000,Third Party,22.41
Jaipur,Petrol,SUV,50000,Automatic,2nd Owner,Maruti,2023,800000,Third Party,16.39
Jaipur,Petrol,Hatchback,80000,Manual,2nd Owner,Maruti,2012,160000,Third Party,18.6
Jaipur,Petrol,Hatchback,90000,Automatic,2nd Owner,Renault,2016,220000,Third Party,23.01
Jaipur,Petrol,SUV,30000,Manual,1st Owner,Tata,2022,700000,Third Party,20.09
Jaipur,Petrol,Hatchback,70000,Manual,1st Owner,Maruti,2014,200000,Third Party,23.95
Jaipur,Petrol,Hatchback,70000,Manual,1st Owner,Maruti,2014,200000,Third Party,23.95
Jaipur,Petrol,Sedan,100000,Manual,2nd Owner,Maruti,2010,150000,Third Party,17.5
Jaipur,Petrol,MUV,70000,Manual,1st Owner,Renault,2020,600000,Third Party,20
Jaipur,Petrol,Hatchback,70000,Manual,1st Owner,Maruti,2012,130000,Third Party,19.7
Jaipur,Petrol,Hatchback,60000,Manual,1st Owner,Maruti,2012,150000,Third Party,19.7
Jaipur,Petrol,Hatchback,150000,Manual,1st Owner,Maruti,2008,72000,Third Party,18.9
Jaipur,Petrol,Hatchback,150000,Manual,1st Owner,Hyundai,2014,160000,Third Party,21.1
Jaipur,Diesel,Hatchback,120000,Manual,2nd Owner,Volkswagen,2012,200000,Third Party,22.07
Jaipur,Petrol,Hatchback,150000,Manual,1st Owner,Maruti,2002,40000,Third Party,19.7
Jaipur,Diesel,SUV,100000,Manual,1st Owner,Ford,2014,350000,Third Party,22.7
Jaipur,Petrol,Hatchback,120000,Manual,1st Owner,Chevrolet,2011,108000,Third Party,18.6
Jaipur,Petrol,Hatchback,70000,Manual,1st Owner,Maruti,2007,105000,Third Party,19.7
Jaipur,Petrol,SUV,20000,Manual,1st Owner,Renault,2022,850000,Third Party,19.17
Jaipur,Petrol,Hatchback,40000,Manual,1st Owner,Maruti,2009,100000,Third Party,19.7
Jaipur,Petrol,Hatchback,80000,Manual,1st Owner,Maruti,2018,500000,Third Party,21.4
Kolkata,Petrol,Sedan,70000,Automatic,3rd Owner,Toyota,2014,975000,Third Party,19.16
Kolkata,Petrol,Hatchback,23981,Manual,1st Owner,Datsun,2017,266000,Comprehensive,22.7
Kolkata,Petrol,SUV,7100,Automatic,1st Owner,Renault,2021,595000,Comprehensive,19.03
Kolkata,Petrol,Hatchback,71574,Manual,2nd Owner,Hyundai,2011,223000,Third Party,17
Kolkata,Diesel,SUV,50000,Automatic,2nd Owner,Audi,2014,1200000,Third Party,15.73
Kolkata,Petrol,Hatchback,35629,Automatic,1st Owner,Maruti,2018,425000,Comprehensive,20.52
Kolkata,Petrol,Hatchback,11476,Automatic,2nd Owner,Hyundai,2020,596000,Comprehensive,20.3
Kolkata,Petrol,Hatchback,31000,Manual,1st Owner,Renault,2018,250000,Third Party,25.17
Kolkata,Petrol,Sedan,41005,Manual,2nd Owner,Maruti,2011,221000,Comprehensive,17.5
Kolkata,Petrol,Hatchback,60055,Manual,1st Owner,Maruti,2010,208000,Third Party,18.9
Kolkata,Petrol,Hatchback,65005,Manual,1st Owner,Maruti,2013,311000,Comprehensive,18.6
Kolkata,Petrol,Hatchback,2657,Manual,1st Owner,Renault,2022,464000,Third Party,22.3
Kolkata,Petrol,Hatchback,16000,Manual,1st Owner,Hyundai,2011,205000,Comprehensive,19.81
Kolkata,Diesel,SUV,7426,Automatic,1st Owner,Tata,2023,2175000,Comprehensive,14.6
Kolkata,Petrol,Hatchback,27046,Automatic,1st Owner,Maruti,2018,643000,Comprehensive,21.4
Kolkata,Diesel,SUV,30100,Automatic,1st Owner,Toyota,2021,3750000,Third Party,15.04
Kolkata,Petrol,Hatchback,9000,Manual,1st Owner,Maruti,2022,545000,Comprehensive,24.35
Kolkata,Petrol,Hatchback,17000,Manual,1st Owner,Hyundai,2022,750000,Third Party,21
Kolkata,Diesel,SUV,49200,Automatic,1st Owner,Jeep,2021,1650000,Comprehensive,17.1
Kolkata,Petrol,Hatchback,35000,Manual,2nd Owner,Hyundai,2009,225000,Comprehensive,19.81
Kolkata,Diesel,SUV,30000,Automatic,2nd Owner,Land Rover,2020,5990000,Third Party,19.99
Kolkata,Petrol,Hatchback,54044,Manual,1st Owner,Maruti,2017,315000,Third Party,23.95
Kolkata,Petrol,SUV,6500,Manual,1st Owner,Tata,2021,799000,Third Party,17.33
Kolkata,Petrol,Sedan,29159,Manual,1st Owner,Maruti,2017,526000,Zero Dep,20.73
Kolkata,Diesel,SUV,30000,Automatic,2nd Owner,Land Rover,2020,5990000,Third Party,19.99
Kolkata,Petrol,Sedan,31968,Automatic,1st Owner,Honda,2016,675000,Comprehensive,18
Kolkata,Petrol,Hatchback,44150,Manual,2nd Owner,Hyundai,2019,612000,Third Party,20.7
Kolkata,Petrol,Hatchback,60000,Manual,1st Owner,Hyundai,2010,189000,Third Party,17
Kolkata,Petrol,SUV,25009,Automatic,1st Owner,Hyundai,2018,990000,Comprehensive,14.8
Kolkata,Petrol,Hatchback,46469,Manual,1st Owner,Maruti,2020,534000,Zero Dep,22.38
Kolkata,Petrol,SUV,45000,Manual,1st Owner,Hyundai,2018,800000,Third Party,13
Kolkata,Petrol,Sedan,31577,Manual,1st Owner,Hyundai,2020,983000,Third Party,17.7
Kolkata,Petrol,Hatchback,56005,Automatic,1st Owner,Maruti,2014,281000,Comprehensive,23.1
Kolkata,Petrol,Hatchback,10005,Manual,1st Owner,Maruti,2021,535000,Comprehensive,21.79
Kolkata,Petrol,Hatchback,41163,Manual,1st Owner,Hyundai,2017,475000,Comprehensive,18.9
Kolkata,Diesel,Sedan,17839,Automatic,1st Owner,Mercedes-Benz,2020,5300000,Comprehensive,16.1
Kolkata,Petrol,Sedan,3800,Manual,1st Owner,Toyota,2019,695000,Comprehensive,17.1
Kolkata,Petrol,Hatchback,34124,Manual,1st Owner,Maruti,2018,395000,Comprehensive,21.79
Kolkata,Diesel,Hatchback,50000,Manual,2nd Owner,Hyundai,2012,200000,Third Party,21.9
Kolkata,Petrol,Sedan,48168,Manual,1st Owner,Honda,2018,750000,Comprehensive,17.4
Kolkata,Diesel,MUV,20000,Manual,3rd Owner,Mahindra,2019,975000,Third Party,17.3
Kolkata,Petrol,Sedan,56357,Manual,1st Owner,Maruti,2018,480000,Third Party,19
Kolkata,Petrol,Sedan,60000,Manual,1st Owner,Maruti,2010,245000,Third Party,17.5
Kolkata,Petrol,Hatchback,10585,Manual,1st Owner,Maruti,2022,719000,Comprehensive,21.01
Kolkata,Petrol,Sedan,50000,Automatic,2nd Owner,Honda,2012,375000,Third Party,13.1
Kolkata,Petrol,Sedan,60000,Manual,1st Owner,Maruti,2010,245000,Third Party,17.5
Kolkata,Petrol,SUV,17642,Manual,1st Owner,Hyundai,2020,1214000,Zero Dep,14.97
Kolkata,Diesel,Hatchback,20000,Manual,1st Owner,Tata,2018,439000,Third Party,27.28
Kolkata,Petrol,Hatchback,9157,Manual,1st Owner,Hyundai,2021,753000,Third Party,20.7
Kolkata,Petrol,Sedan,65979,Manual,2nd Owner,Honda,2016,362000,Comprehensive,18
Kolkata,Diesel,Sedan,65000,Manual,1st Owner,Skoda,2014,300000,Third Party,20.5
Kolkata,Petrol,Hatchback,7940,Manual,2nd Owner,Datsun,2020,389000,Comprehensive,22.5
Kolkata,Petrol,Hatchback,100000,Manual,4th Owner,Hyundai,2010,115000,Third Party,10.86
Kolkata,Diesel,Sedan,40000,Automatic,1st Owner,BMW,2011,865000,Comprehensive,16.07
Kolkata,Petrol,Sedan,60000,Manual,2nd Owner,Fiat,2011,185000,Third Party,14.6
Kolkata,Diesel,Sedan,19859,Automatic,1st Owner,BMW,2019,3950000,Comprehensive,20.37
Kolkata,Petrol,SUV,7405,Automatic,1st Owner,Jeep,2023,6250000,Comprehensive,12.1
Kolkata,Petrol,SUV,52922,Manual,1st Owner,Honda,2016,620000,Comprehensive,15.4
Kolkata,Petrol,SUV,60000,Manual,1st Owner,Ford,2015,350000,Third Party,15.85
Kolkata,Petrol,Hatchback,32000,Manual,1st Owner,Hyundai,2019,464000,Comprehensive,18.9
Kolkata,Petrol,Hatchback,47739,Manual,2nd Owner,Honda,2017,412000,Comprehensive,18.7
Kolkata,Petrol,Hatchback,10717,Automatic,2nd Owner,Maruti,2019,375000,Third Party,23.95
Kolkata,Diesel,Sedan,41000,Manual,1st Owner,Honda,2015,621000,Comprehensive,25.1
Kolkata,Petrol,Hatchback,17619,Manual,2nd Owner,Hyundai,2020,443000,Comprehensive,20.3
Kolkata,Petrol,Hatchback,9221,Manual,1st Owner,Renault,2021,422000,Comprehensive,21.74
Kolkata,Petrol,SUV,70000,Manual,1st Owner,Honda,2019,550000,Third Party,17.5
Kolkata,Petrol,Hatchback,10519,Manual,1st Owner,Maruti,2019,545000,Third Party,22.38
Kolkata,Petrol,Sedan,50000,Manual,2nd Owner,Hyundai,2014,450000,Third Party,17.1
Kolkata,Cng,Hatchback,19907,Manual,1st Owner,Maruti,2022,597000,Comprehensive,35.6
Kolkata,Petrol,Hatchback,84771,Manual,2nd Owner,Maruti,2015,330000,Comprehensive,22.38
Kolkata,Petrol,Hatchback,7000,Automatic,2nd Owner,Honda,2015,595000,Comprehensive,16.5
Kolkata,Petrol,Sedan,50000,Manual,1st Owner,Honda,2017,500000,Third Party,17.4
Kolkata,Diesel,Sedan,52000,Automatic,1st Owner,Audi,2013,1075000,Comprehensive,17.68
Kolkata,Petrol,SUV,15407,Manual,1st Owner,Tata,2021,835000,Comprehensive,17.33
Kolkata,Petrol,Hatchback,50000,Manual,2nd Owner,Hyundai,2009,175000,Third Party,20.36
Kolkata,Petrol,Sedan,80000,Manual,1st Owner,Hindustan Motors,1985,495000,Comprehensive,12.8
Kolkata,Petrol,Sedan,58000,Manual,1st Owner,Honda,2017,550000,Third Party,17.4
Kolkata,Petrol,Sedan,14000,Manual,1st Owner,Hyundai,2021,1025000,Third Party,17.7
Kolkata,Petrol,Sedan,80000,Manual,3rd Owner,Hyundai,2014,350000,Third Party,16.3
Kolkata,Petrol,Sedan,45000,Manual,1st Owner,Hyundai,2017,775000,Third Party,14.59
Kolkata,Petrol,Sedan,119236,Manual,1st Owner,Maruti,2014,306000,Third Party,22.41
Kolkata,Petrol,Hatchback,98074,Manual,1st Owner,Maruti,2016,432000,Comprehensive,21.4
Kolkata,Diesel,Sedan,40330,Automatic,1st Owner,Mercedes-Benz,2013,1080000,Comprehensive,14.84
Kolkata,Petrol,Sedan,84989,Manual,2nd Owner,Maruti,2014,314000,Comprehensive,22.41
Kolkata,Petrol,Hatchback,72017,Manual,2nd Owner,Maruti,2014,269000,Comprehensive,20.51
Kolkata,Diesel,MUV,65002,Manual,1st Owner,Maruti,2015,521000,Comprehensive,20.77
Kolkata,Petrol,Sedan,85862,Manual,1st Owner,Maruti,2015,342000,Comprehensive,22.41
Kolkata,Petrol,Hatchback,70000,Manual,2nd Owner,Maruti,2011,150000,Third Party,19.7
Kolkata,Petrol,Hatchback,48005,Manual,1st Owner,Mahindra,2017,407000,Third Party,18.15
Kolkata,Petrol,Hatchback,8625,Manual,1st Owner,Hyundai,2019,460000,Comprehensive,20.3
Kolkata,Petrol,Hatchback,10000,Manual,1st Owner,Tata,2020,725000,Third Party,19.33
Kolkata,Diesel,Sedan,67000,Manual,1st Owner,Skoda,2012,340000,Third Party,20
Kolkata,Petrol,Hatchback,10000,Manual,1st Owner,Tata,2020,735000,Third Party,19.33
Kolkata,Diesel,SUV,50000,Manual,1st Owner,Hyundai,2018,1200000,Third Party,19.67
Kolkata,Petrol,Hatchback,60000,Manual,3rd Owner,Maruti,2011,145000,Third Party,19
Kolkata,Petrol,Hatchback,60000,Manual,3rd Owner,Maruti,2017,350000,Third Party,23.1
Kolkata,Diesel,SUV,34000,Automatic,1st Owner,Audi,2014,1950000,Comprehensive,14.16
Kolkata,Petrol,Hatchback,60000,Manual,1st Owner,Maruti,2012,300000,Third Party,19
Kolkata,Diesel,MUV,152000,Manual,1st Owner,Toyota,2014,695000,Comprehensive,12.99
Kolkata,Diesel,SUV,45000,Automatic,1st Owner,Land Rover,2014,5600000,Third Party,12.65
Kolkata,Petrol,Sedan,56766,Manual,3rd Owner,Toyota,2013,399000,Third Party,14.53
Kolkata,Diesel,SUV,7114,Automatic,1st Owner,Tata,2022,2109000,Third Party,14.08
Kolkata,Diesel,SUV,25508,Automatic,1st Owner,Tata,2021,2000000,Comprehensive,14.08
Kolkata,Petrol,Hatchback,39369,Manual,1st Owner,Maruti,2012,217000,Comprehensive,18.9
Kolkata,Diesel,SUV,96707,Manual,1st Owner,Mahindra,2018,886000,Comprehensive,21.79
Kolkata,Petrol,Hatchback,50000,Manual,1st Owner,Hyundai,2016,550000,Third Party,17.19
Kolkata,Petrol,Hatchback,30345,Manual,1st Owner,Renault,2019,327000,Third Party,22.25
Kolkata,Diesel,SUV,128232,Automatic,1st Owner,Toyota,2016,1775000,Comprehensive,12.55
Kolkata,Petrol,SUV,54018,Manual,1st Owner,Honda,2017,487000,Third Party,17.5
Kolkata,Diesel,Sedan,32007,Manual,1st Owner,Hyundai,2016,612000,Zero Dep,23.9
Kolkata,Petrol,Hatchback,100000,Manual,1st Owner,Hyundai,2015,310000,Third Party,19.81
Kolkata,Petrol,Hatchback,30000,Manual,2nd Owner,Hyundai,2014,245000,Third Party,17.92
Kolkata,Diesel,Sedan,66452,Automatic,1st Owner,Volvo,2018,1980000,Comprehensive,19.6
Kolkata,Diesel,SUV,38706,Automatic,1st Owner,Volvo,2021,4500000,Comprehensive,11.2
Kolkata,Petrol,Sedan,80000,Manual,1st Owner,Honda,2018,650000,Third Party,17.4
Kolkata,Petrol,Sedan,60000,Manual,1st Owner,Hyundai,2015,750000,Third Party,17.01
Kolkata,Petrol,Hatchback,120000,Manual,1st Owner,Hyundai,2016,500000,Third Party,17.19
Kolkata,Diesel,MUV,150000,Manual,2nd Owner,Chevrolet,2012,720000,Third Party,12.2
Kolkata,Diesel,Sedan,19000,Manual,1st Owner,Honda,2017,790000,Third Party,26
Kolkata,Diesel,MUV,260000,Manual,1st Owner,Toyota,2012,645000,Comprehensive,12.8
Kolkata,Petrol,Sedan,71552,Manual,1st Owner,Honda,2014,403000,Comprehensive,17.4
Kolkata,Petrol,Hatchback,65039,Manual,2nd Owner,Hyundai,2015,301000,Third Party,18.9
Kolkata,Petrol,Hatchback,60000,Manual,2nd Owner,Hyundai,2007,40000,Third Party,17.92
Kolkata,Petrol,Hatchback,73578,Manual,1st Owner,Renault,2019,359000,Zero Dep,23.01
Kolkata,Petrol,Hatchback,27160,Automatic,1st Owner,Hyundai,2021,511000,Third Party,20.3
Kolkata,Petrol,Hatchback,36000,Manual,1st Owner,Hyundai,2017,425000,Comprehensive,18.6
Kolkata,Petrol,Hatchback,84367,Manual,1st Owner,Hyundai,2014,277000,Comprehensive,18.9
Kolkata,Petrol,MUV,32599,Manual,1st Owner,Maruti,2019,750000,Third Party,19.01
Kolkata,Petrol,SUV,47530,Manual,1st Owner,Renault,2017,551000,Third Party,13.06
Kolkata,Petrol,Hatchback,35457,Manual,1st Owner,Honda,2014,254000,Comprehensive,19.4
Kolkata,Petrol,SUV,28134,Automatic,1st Owner,Kia,2020,1275000,Comprehensive,14.97
Kolkata,Petrol,SUV,5000,Automatic,0th Owner,Mahindra,2022,1320000,Zero Dep,16.5
Kolkata,Petrol,Hatchback,28000,Automatic,1st Owner,Hyundai,2011,270000,Comprehensive,16.95
Kolkata,Diesel,SUV,20000,Automatic,1st Owner,Jeep,2023,2000000,Third Party,19.98
Kolkata,Petrol,SUV,33582,Automatic,2nd Owner,Land Rover,2020,7900000,Comprehensive,15.8
Kolkata,Petrol,Hatchback,46005,Manual,1st Owner,Hyundai,2014,255000,Comprehensive,20.36
Kolkata,Diesel,SUV,2565,Automatic,1st Owner,MG,2021,3450000,Comprehensive,12.4
Kolkata,Petrol,Hatchback,28000,Automatic,1st Owner,Maruti,2018,535000,Comprehensive,22
Kolkata,Petrol,Hatchback,32000,Automatic,1st Owner,Honda,2015,440000,Comprehensive,18.2
Kolkata,Petrol,Sedan,45000,Manual,1st Owner,Maruti,2009,225000,Comprehensive,17.5
Kolkata,Diesel,SUV,78565,Manual,1st Owner,Mahindra,2019,1295000,Comprehensive,15.1
Kolkata,Petrol,SUV,10197,Automatic,1st Owner,MG,2022,1792000,Third Party,14.51
Kolkata,Petrol,Hatchback,60000,Manual,2nd Owner,Hyundai,2014,180000,Third Party,21.1
Kolkata,Petrol,Sedan,32844,Manual,1st Owner,Honda,2017,602000,Comprehensive,17.8
Kolkata,Cng,Hatchback,5198,Manual,1st Owner,Tata,2022,743000,Comprehensive,26.49
Kolkata,Petrol,Hatchback,40000,Manual,1st Owner,Hyundai,2013,335000,Comprehensive,18.5
Kolkata,Petrol,Sedan,19355,Automatic,1st Owner,Skoda,2019,750000,Comprehensive,14.84
Kolkata,Petrol,Sedan,60000,Manual,1st Owner,Maruti,2010,240000,Third Party,17.5
Kolkata,Petrol,Hatchback,31197,Manual,1st Owner,Maruti,2019,474000,Third Party,21.79
Kolkata,Petrol,Hatchback,6651,Manual,1st Owner,Datsun,2021,346000,Third Party,21.7
Kolkata,Petrol,Hatchback,60000,Manual,3rd Owner,Chevrolet,2009,70000,Third Party,18
Kolkata,Petrol,SUV,35000,Manual,1st Owner,Honda,2018,745000,Comprehensive,15.4
Kolkata,Petrol,Sedan,57000,Manual,1st Owner,Honda,2013,335000,Comprehensive,16.8
Kolkata,Petrol,Sedan,50469,Automatic,1st Owner,Honda,2016,550000,Third Party,18
Kolkata,Petrol,Hatchback,32000,Manual,1st Owner,Maruti,2018,524000,Comprehensive,22
Kolkata,Petrol,Sedan,36000,Automatic,1st Owner,Toyota,2016,850000,Comprehensive,14.28
Kolkata,Petrol,Hatchback,30000,Manual,1st Owner,Datsun,2018,210000,Third Party,22.7
Kolkata,Diesel,SUV,68042,Automatic,1st Owner,Mahindra,2018,999000,Comprehensive,16
Kolkata,Petrol,Hatchback,65000,Manual,2nd Owner,Hyundai,2014,230000,Comprehensive,20.36
Kolkata,Petrol,Hatchback,24000,Manual,1st Owner,Maruti,2020,549000,Comprehensive,20.4
Kolkata,Diesel,Sedan,82948,Manual,1st Owner,Maruti,2016,520000,Comprehensive,28.09
Kolkata,Petrol,Hatchback,23162,Manual,2nd Owner,Maruti,2010,141000,Comprehensive,19
Kolkata,Petrol,Hatchback,45000,Manual,1st Owner,Maruti,2010,129000,Comprehensive,18.5
Kolkata,Petrol,SUV,7281,Manual,2nd Owner,Honda,2020,641000,Comprehensive,17.5
Kolkata,Petrol,Hatchback,29428,Manual,1st Owner,Hyundai,2016,466000,Third Party,17.19
Kolkata,Petrol,SUV,64000,Manual,1st Owner,Hyundai,2018,845000,Comprehensive,15.8
Kolkata,Petrol,Hatchback,62202,Manual,1st Owner,Maruti,2016,215000,Comprehensive,22.05
Kolkata,Petrol,Sedan,47000,Manual,1st Owner,Honda,2018,725000,Third Party,17.4
Kolkata,Cng,Sedan,13145,Manual,1st Owner,Tata,2022,772000,Comprehensive,26.49
Kolkata,Petrol,Hatchback,119490,Manual,1st Owner,Hyundai,2017,255000,Third Party,21.1
Kolkata,Diesel,SUV,8000,Manual,1st Owner,Mahindra,2021,1674000,Comprehensive,15.1
Kolkata,Diesel,Sedan,45000,Manual,1st Owner,Honda,2015,525000,Third Party,25.1
Kolkata,Petrol,Hatchback,46422,Manual,1st Owner,Maruti,2016,295000,Comprehensive,20.51
Kolkata,Petrol,Hatchback,64000,Manual,3rd Owner,Hyundai,2014,235000,Comprehensive,20.36
Kolkata,Diesel,Sedan,52000,Manual,1st Owner,Volkswagen,2020,495000,Comprehensive,21.66
Kolkata,Petrol,Sedan,25000,Manual,1st Owner,Honda,2019,685000,Comprehensive,16.8
Kolkata,Petrol,Hatchback,15000,Manual,2nd Owner,Hyundai,2013,186000,Third Party,21.1
Kolkata,Petrol,SUV,45000,Manual,1st Owner,Kia,2020,1265000,Comprehensive,16.5
Kolkata,Petrol,SUV,65000,Automatic,1st Owner,Hyundai,2018,895000,Comprehensive,14.8
Kolkata,Diesel,SUV,65000,Manual,1st Owner,Jeep,2018,950000,Third Party,17.1
Kolkata,Petrol,Sedan,21628,Manual,1st Owner,Honda,2019,727000,Comprehensive,17.4
Kolkata,Petrol,Hatchback,8347,Manual,1st Owner,Maruti,2016,427000,Third Party,22.38
Kolkata,Diesel,SUV,72057,Manual,2nd Owner,Mahindra,2016,875000,Comprehensive,15.4
Kolkata,Petrol,Hatchback,52549,Manual,1st Owner,Hyundai,2017,349000,Third Party,18.9
Kolkata,Petrol,Sedan,44540,Automatic,2nd Owner,Honda,2014,450000,Third Party,18
Kolkata,Petrol,Hatchback,44000,Manual,2nd Owner,Maruti,2014,320000,Comprehensive,18.6
Kolkata,Diesel,Hatchback,53084,Manual,1st Owner,Hyundai,2019,646000,Third Party,26.2
Kolkata,Petrol,MUV,10000,Manual,2nd Owner,Maruti,2021,950000,Third Party,19.01
Kolkata,Petrol,Sedan,34339,Automatic,2nd Owner,Toyota,2018,1124000,Comprehensive,14.28
Kolkata,Petrol,SUV,15456,Manual,1st Owner,Kia,2020,1057000,Third Party,16.8
Kolkata,Petrol,MUV,10000,Manual,2nd Owner,Maruti,2021,950000,Third Party,19.01
Kolkata,Petrol,Hatchback,68000,Manual,1st Owner,Hyundai,2018,385000,Comprehensive,20.3
Kolkata,Petrol,SUV,10000,Manual,1st Owner,Maruti,2021,875000,Third Party,18.55
Kolkata,Diesel,SUV,100000,Manual,1st Owner,Mahindra,2017,520000,Third Party,18.49
Kolkata,Diesel,SUV,59639,Manual,1st Owner,Mahindra,2019,675000,Comprehensive,18.49
Kolkata,Petrol,Hatchback,50000,Manual,1st Owner,Maruti,2017,360000,Third Party,23.1
Kolkata,Petrol,Sedan,37000,Automatic,1st Owner,Audi,2016,1795000,Comprehensive,15.26
Kolkata,Petrol,Sedan,60000,Manual,2nd Owner,Renault,2013,235000,Third Party,16.95
Kolkata,Petrol,Hatchback,8000,Manual,1st Owner,Hyundai,2022,900000,Third Party,20
Kolkata,Diesel,MUV,31000,Manual,1st Owner,Maruti,2017,800000,Third Party,24.52
Kolkata,Petrol,Sedan,44890,Manual,1st Owner,Honda,2016,357000,Comprehensive,18
Kolkata,Diesel,SUV,48752,Manual,2nd Owner,Hyundai,2017,620000,Comprehensive,22.1
Kolkata,Diesel,SUV,10000,Automatic,1st Owner,Tata,2022,2350000,Third Party,14.08
Kolkata,Petrol,SUV,5151,Manual,1st Owner,Mahindra,2017,372000,Third Party,18.15
Kolkata,Petrol,Hatchback,28807,Manual,1st Owner,Maruti,2017,275000,Zero Dep,22.05
Kolkata,Petrol,Hatchback,30000,Manual,2nd Owner,Hyundai,2014,220000,Third Party,17.92
Kolkata,Petrol,Sedan,20593,Manual,1st Owner,Honda,2019,763000,Third Party,17.4
Kolkata,Petrol,Hatchback,10000,Manual,1st Owner,Tata,2020,735000,Third Party,19.33
Kolkata,Petrol,Sedan,82879,Manual,2nd Owner,Honda,2015,260000,Third Party,18
Kolkata,Petrol,Sedan,13407,Manual,1st Owner,Honda,2022,1015000,Comprehensive,18.6
Kolkata,Petrol,Hatchback,100000,Manual,1st Owner,Maruti,2019,410000,Third Party,20.89
Kolkata,Diesel,MUV,66000,Manual,1st Owner,Maruti,2018,791000,Comprehensive,25.47
Kolkata,Diesel,MUV,177000,Manual,1st Owner,Toyota,2015,745000,Comprehensive,12.99
Kolkata,Diesel,MUV,21100,Manual,1st Owner,Toyota,2021,1850000,Third Party,12
Kolkata,Diesel,MUV,120000,Manual,1st Owner,Tata,2005,110000,Third Party,12.2
Kolkata,Petrol,Hatchback,100000,Manual,1st Owner,Hyundai,2015,310000,Third Party,19.81
Kolkata,Diesel,Sedan,44227,Automatic,1st Owner,BMW,2018,3900000,Comprehensive,17.09
Kolkata,Diesel,SUV,70000,Automatic,3rd Owner,Toyota,2015,1350000,Third Party,12.55
Kolkata,Petrol,SUV,45000,Manual,1st Owner,Honda,2019,650000,Third Party,17.5
Kolkata,Petrol,SUV,50000,Manual,1st Owner,Hyundai,2021,1600000,Third Party,14.5
Kolkata,Petrol,Hatchback,77042,Manual,1st Owner,Maruti,2019,449000,Comprehensive,22.38
Kolkata,Petrol,Sedan,42325,Manual,1st Owner,Tata,2021,517000,Third Party,19.28
Kolkata,Petrol,Hatchback,50000,Manual,1st Owner,Volkswagen,2017,500000,Third Party,16.2
Kolkata,Petrol,Hatchback,37196,Manual,1st Owner,Maruti,2015,400000,Comprehensive,22.38
Kolkata,Diesel,Hatchback,61530,Manual,1st Owner,Maruti,2017,460000,Third Party,27.39
Kolkata,Petrol,Hatchback,48000,Manual,1st Owner,Hyundai,2016,580000,Third Party,17.19
Kolkata,Diesel,SUV,74444,Manual,1st Owner,Maruti,2017,643000,Comprehensive,24.3
Kolkata,Petrol,Hatchback,120000,Manual,1st Owner,Skoda,2011,200000,Third Party,16.25
Kolkata,Petrol,Hatchback,11768,Manual,1st Owner,Maruti,2020,411000,Comprehensive,21.7
Kolkata,Petrol,Hatchback,19715,Manual,2nd Owner,Renault,2020,384000,Third Party,22.3
Kolkata,Petrol,SUV,54581,Manual,1st Owner,Honda,2018,500000,Third Party,17.5
Kolkata,Diesel,Sedan,34000,Automatic,1st Owner,Audi,2014,1475000,Comprehensive,17.68
Kolkata,Petrol,Hatchback,50000,Manual,2nd Owner,Hyundai,2016,500000,Third Party,18.6
Kolkata,Petrol,Hatchback,40000,Manual,2nd Owner,Volkswagen,2014,360000,Third Party,16.47
Kolkata,Diesel,SUV,70000,Automatic,4th Owner,Toyota,2015,1450000,Third Party,12.55
Kolkata,Petrol,SUV,19600,Automatic,3rd Owner,Porsche,2016,4200000,Third Party,13.6
Kolkata,Diesel,MUV,120000,Manual,1st Owner,Chevrolet,2011,350000,Third Party,14.8
Kolkata,Diesel,SUV,68000,Automatic,1st Owner,BMW,2012,1199000,Comprehensive,16.09
Kolkata,Diesel,Sedan,70000,Manual,2nd Owner,Tata,2014,220000,Third Party,21.02
Kolkata,Diesel,Hatchback,50000,Manual,4th Owner,Hyundai,2016,330000,Third Party,24
Kolkata,Petrol,Sedan,70179,Manual,1st Owner,Tata,2021,518000,Third Party,19.28
Kolkata,Petrol,Hatchback,54501,Manual,1st Owner,Maruti,2010,141000,Comprehensive,19
Kolkata,Diesel,SUV,20000,Manual,1st Owner,Renault,2018,800000,Third Party,20.37
Kolkata,Petrol,Hatchback,28651,Manual,1st Owner,Maruti,2016,227000,Third Party,22.05
Kolkata,Petrol,Sedan,64787,Manual,2nd Owner,Honda,2014,372000,Third Party,17.4
Kolkata,Diesel,SUV,138726,Manual,1st Owner,Toyota,2014,1300000,Comprehensive,13
Kolkata,Petrol,Hatchback,24147,Manual,1st Owner,Maruti,2019,437000,Comprehensive,21.79
Kolkata,Petrol,Sedan,65000,Automatic,1st Owner,Toyota,2017,950000,Third Party,14.28
Kolkata,Petrol,Sedan,79513,Manual,1st Owner,Honda,2015,421000,Comprehensive,17.4
Kolkata,Petrol,Hatchback,87845,Manual,1st Owner,Hyundai,2010,193000,Third Party,18.5
Kolkata,Petrol,MUV,20000,Manual,1st Owner,Maruti,2015,750000,Third Party,16.02
Kolkata,Petrol,Sedan,55000,Manual,1st Owner,Volkswagen,2015,599000,Third Party,14.69
Kolkata,Petrol,Hatchback,60000,Manual,2nd Owner,Mahindra,2020,470000,Third Party,18.15
Kolkata,Petrol,Hatchback,47183,Manual,1st Owner,Honda,2014,335000,Third Party,19.4
Kolkata,Diesel,MUV,150000,Manual,1st Owner,Toyota,2015,1050000,Third Party,12.99
Kolkata,Diesel,Sedan,41510,Automatic,2nd Owner,Mercedes-Benz,2015,2199000,Comprehensive,14.21
Kolkata,Diesel,Sedan,54600,Manual,1st Owner,Hyundai,2017,843000,Comprehensive,22.54
Kolkata,Petrol,Hatchback,20000,Manual,1st Owner,Hyundai,2007,50000,Third Party,10.86
Kolkata,Petrol,MUV,4000,Manual,1st Owner,Renault,2022,650000,Comprehensive,20
Kolkata,Petrol,Sedan,70000,Manual,1st Owner,Chevrolet,2015,180000,Third Party,18.2
Kolkata,Petrol,SUV,29882,Manual,1st Owner,Maruti,2021,673000,Zero Dep,17.03
Kolkata,Petrol,Hatchback,55314,Manual,1st Owner,Toyota,2011,198000,Third Party,18.3
Kolkata,Diesel,Sedan,69000,Manual,1st Owner,Hyundai,2013,250000,Third Party,22.32
Kolkata,Petrol,Sedan,41565,Manual,2nd Owner,Maruti,2015,338000,Comprehensive,22.41
Kolkata,Petrol,Hatchback,46624,Manual,2nd Owner,Hyundai,2011,198000,Comprehensive,18.5
Kolkata,Diesel,SUV,56312,Automatic,1st Owner,Kia,2021,1400000,Comprehensive,18
Kolkata,Petrol,Hatchback,22950,Manual,1st Owner,Maruti,2019,283000,Third Party,22.05
Kolkata,Petrol,Hatchback,42000,Manual,2nd Owner,Hyundai,2014,214000,Comprehensive,19.81
Kolkata,Petrol,Hatchback,26135,Manual,1st Owner,Hyundai,2014,215000,Third Party,21.1
Kolkata,Petrol,Hatchback,20913,Manual,1st Owner,Volkswagen,2020,749000,Comprehensive,18.78
Kolkata,Petrol,Hatchback,14000,Manual,2nd Owner,Hyundai,2013,185000,Comprehensive,21.1
Kolkata,Petrol,Hatchback,3000,Manual,1st Owner,Maruti,2020,421000,Comprehensive,24.76
Kolkata,Diesel,Hatchback,52002,Manual,1st Owner,Maruti,2018,465000,Comprehensive,27.39
Kolkata,Petrol,Hatchback,60000,Manual,2nd Owner,Hyundai,2010,200000,Third Party,18.5
Kolkata,Diesel,SUV,50000,Manual,1st Owner,Kia,2021,1321000,Third Party,20.8
Kolkata,Petrol,Sedan,59000,Manual,1st Owner,Toyota,2014,450000,Third Party,14.28
Kolkata,Diesel,SUV,15000,Manual,1st Owner,Kia,2022,1199000,Comprehensive,14.93
Kolkata,Petrol,Hatchback,22393,Manual,2nd Owner,Hyundai,2014,210000,Comprehensive,21.1
Kolkata,Diesel,Sedan,53483,Manual,1st Owner,Honda,2016,345000,Comprehensive,25.8
Kolkata,Petrol,Sedan,49000,Automatic,1st Owner,Honda,2011,421000,Third Party,11.7
Kolkata,Petrol,Hatchback,38420,Manual,1st Owner,Maruti,2011,171000,Comprehensive,24.39
Kolkata,Petrol,Hatchback,60585,Manual,1st Owner,Hyundai,2010,172000,Comprehensive,20.36
Kolkata,Petrol,Sedan,12809,Automatic,1st Owner,Mercedes-Benz,2021,6600000,Comprehensive,15
Kolkata,Diesel,Sedan,37243,Automatic,1st Owner,Skoda,2019,794000,Zero Dep,21.72
Kolkata,Petrol,SUV,25796,Manual,1st Owner,Toyota,2022,881000,Comprehensive,17.03
Kolkata,Diesel,MUV,34000,Manual,1st Owner,Toyota,2018,1735000,Comprehensive,13.68
Kolkata,Petrol,SUV,29717,Automatic,1st Owner,Hyundai,2019,853000,Comprehensive,18.15
Kolkata,Petrol,Hatchback,42000,Manual,1st Owner,Nissan,2018,325000,Comprehensive,19.49
Kolkata,Petrol,Hatchback,24425,Manual,1st Owner,Maruti,2014,284000,Comprehensive,20.51
Kolkata,Petrol,Sedan,14323,Automatic,1st Owner,Skoda,2020,936000,Comprehensive,16.24
Kolkata,Diesel,SUV,9700,Manual,1st Owner,Mahindra,2019,800000,Comprehensive,18.49
Kolkata,Petrol,Sedan,50000,Manual,2nd Owner,Hyundai,2011,250000,Third Party,17.01
Kolkata,Petrol,Sedan,51097,Automatic,1st Owner,Honda,2017,650000,Third Party,18
Kolkata,Petrol,Hatchback,60000,Manual,2nd Owner,Hyundai,2010,165000,Third Party,19.81
Kolkata,Petrol,Sedan,23684,Manual,1st Owner,Maruti,2022,850000,Comprehensive,22.41
Kolkata,Petrol,Hatchback,40000,Manual,1st Owner,Hyundai,2009,161000,Third Party,19.81
Kolkata,Diesel,SUV,60002,Automatic,1st Owner,Mercedes-Benz,2017,2750000,Comprehensive,17.9
Kolkata,Petrol,SUV,39000,Manual,1st Owner,Honda,2018,795000,Third Party,15.4
Kolkata,Petrol,MUV,40000,Manual,1st Owner,Maruti,2020,900000,Third Party,19.01
Kolkata,Diesel,Hatchback,16001,Automatic,1st Owner,Volvo,2017,1800000,Comprehensive,16.8
Kolkata,Petrol,Sedan,51000,Manual,2nd Owner,Hyundai,2014,361000,Comprehensive,17.01
Kolkata,Petrol,Hatchback,10143,Manual,1st Owner,Maruti,2021,510000,Comprehensive,21.79
Kolkata,Petrol,Hatchback,53657,Manual,2nd Owner,Maruti,2019,415000,Third Party,21.7
Kolkata,Petrol,Hatchback,88532,Manual,1st Owner,Maruti,2014,266000,Comprehensive,25.24
Kolkata,Petrol,Hatchback,60000,Manual,1st Owner,Maruti,2013,150000,Third Party,20.51
Kolkata,Petrol,SUV,12059,Manual,1st Owner,Skoda,2021,1375000,Comprehensive,19.2
Kolkata,Petrol,Hatchback,10000,Manual,1st Owner,Tata,2021,520000,Third Party,19.01
Kolkata,Diesel,SUV,47000,Manual,1st Owner,Mahindra,2018,925000,Third Party,15.4
Kolkata,Diesel,SUV,20000,Manual,1st Owner,Renault,2018,650000,Comprehensive,19.6
Kolkata,Petrol,Sedan,37000,Manual,1st Owner,Maruti,2013,285000,Comprehensive,19.1
Kolkata,Petrol,Hatchback,9520,Manual,1st Owner,Hyundai,2022,728000,Comprehensive,20.7
Kolkata,Petrol,Sedan,100000,Manual,1st Owner,Chevrolet,2016,210000,Third Party,18.2
Kolkata,Cng,Hatchback,22577,Manual,1st Owner,Hyundai,2022,535000,Comprehensive,30.48
Kolkata,Petrol,Hatchback,9902,Manual,1st Owner,Hyundai,2021,824000,Comprehensive,20
Kolkata,Petrol,SUV,70000,Manual,1st Owner,Ford,2016,500000,Third Party,17
Kolkata,Petrol,Hatchback,20101,Manual,1st Owner,Hyundai,2020,526000,Comprehensive,18.9
Kolkata,Petrol,Hatchback,120000,Manual,1st Owner,Skoda,2011,180000,Third Party,16.25
Kolkata,Petrol,SUV,15258,Manual,1st Owner,Tata,2021,970000,Comprehensive,17.33
Kolkata,Petrol,SUV,36397,Automatic,1st Owner,Hyundai,2020,951000,Third Party,18.15
Kolkata,Petrol,Hatchback,120000,Manual,1st Owner,Skoda,2011,180000,Third Party,16.25
Kolkata,Diesel,Sedan,52000,Automatic,1st Owner,BMW,2012,975000,Comprehensive,16.07
Kolkata,Diesel,SUV,51900,Automatic,1st Owner,Mercedes-Benz,2019,2250000,Third Party,17.9
Kolkata,Petrol,Sedan,70000,Automatic,1st Owner,Honda,2017,750000,Third Party,18
Kolkata,Petrol,SUV,10000,Automatic,1st Owner,Jeep,2022,2650000,Third Party,14.1
Kolkata,Diesel,SUV,30000,Automatic,1st Owner,BMW,2016,1950000,Third Party,17.05
Kolkata,Petrol,SUV,23303,Manual,2nd Owner,Hyundai,2019,930000,Comprehensive,13
Kolkata,Petrol,SUV,30000,Automatic,2nd Owner,MG,2020,1499000,Third Party,13.96
Kolkata,Diesel,SUV,70000,Manual,2nd Owner,Mahindra,2017,850000,Third Party,16
Kolkata,Petrol,SUV,50000,Manual,2nd Owner,Hyundai,2019,1020000,Third Party,13
Kolkata,Petrol,Hatchback,11326,Manual,1st Owner,Maruti,2019,614000,Comprehensive,21.21
Kolkata,Petrol,Hatchback,23609,Manual,1st Owner,Maruti,2020,630000,Comprehensive,21.21
Kolkata,Petrol,Hatchback,30000,Manual,2nd Owner,Maruti,2016,320000,Third Party,23.1
Kolkata,Petrol,Hatchback,60533,Manual,1st Owner,Hyundai,2014,241000,Third Party,17.92
Kolkata,Petrol,Sedan,46328,Manual,1st Owner,Maruti,2016,513000,Third Party,20.73
Kolkata,Petrol,SUV,60000,Automatic,1st Owner,MG,2020,1550000,Third Party,11.67
Kolkata,Petrol,SUV,31745,Automatic,1st Owner,Hyundai,2019,1006000,Zero Dep,18.15
Kolkata,Diesel,SUV,78668,Automatic,3rd Owner,Toyota,2012,1075000,Comprehensive,12.55
Kolkata,Petrol,SUV,3115,Manual,1st Owner,Renault,2021,718000,Comprehensive,19.17
Kolkata,Petrol,Hatchback,8940,Automatic,1st Owner,Maruti,2022,635000,Comprehensive,26
Kolkata,Petrol,Hatchback,10000,Manual,1st Owner,Hyundai,2015,475000,Third Party,18.9
Kolkata,Petrol,Sedan,40000,Manual,3rd Owner,Hyundai,2014,305000,Third Party,19.1
Kolkata,Petrol,Sedan,45652,Manual,1st Owner,Honda,2018,755000,Comprehensive,17.8
Kolkata,Petrol,Sedan,30000,Manual,1st Owner,Maruti,2019,800000,Third Party,21.56
Kolkata,Petrol,Sedan,85033,Automatic,4th Owner,Jaguar,2015,1800000,Comprehensive,9.4
Kolkata,Petrol,Hatchback,30000,Manual,1st Owner,Hyundai,2017,450000,Third Party,18.9
Kolkata,Petrol,Hatchback,70000,Manual,1st Owner,Hyundai,2011,290000,Third Party,18.5
Kolkata,Petrol,Hatchback,17200,Manual,1st Owner,Maruti,2019,580000,Comprehensive,22
Kolkata,Petrol,Sedan,18255,Manual,1st Owner,Honda,2015,600000,Third Party,17.4
Kolkata,Petrol,Sedan,80000,Manual,2nd Owner,Toyota,2015,595000,Third Party,14.28
Kolkata,Petrol,Hatchback,6398,Manual,1st Owner,Maruti,2022,546000,Comprehensive,25.24
Kolkata,Petrol,Hatchback,45739,Automatic,1st Owner,Hyundai,2020,588000,Comprehensive,20.7
Kolkata,Diesel,SUV,46000,Manual,1st Owner,Toyota,2016,2300000,Third Party,12.55
Kolkata,Petrol,SUV,35254,Manual,1st Owner,Honda,2016,499000,Comprehensive,15.4
Kolkata,Petrol,Sedan,41334,Manual,1st Owner,Toyota,2018,623000,Comprehensive,17.1
Kolkata,Petrol,Hatchback,51463,Manual,1st Owner,Honda,2014,300000,Third Party,19.4
Kolkata,Petrol,Hatchback,29478,Manual,1st Owner,Maruti,2019,338000,Comprehensive,24.7
Kolkata,Diesel,MUV,85101,Manual,1st Owner,Toyota,2019,1750000,Comprehensive,13.68
Kolkata,Petrol,Hatchback,6903,Manual,1st Owner,Maruti,2022,443000,Comprehensive,21.7
Kolkata,Petrol,Hatchback,57602,Manual,2nd Owner,Hyundai,2013,213000,Comprehensive,20.36
Kolkata,Diesel,Sedan,52047,Automatic,2nd Owner,Porsche,2013,3150000,Third Party,7.5
Kolkata,Diesel,SUV,71742,Automatic,1st Owner,Mercedes-Benz,2017,3700000,Comprehensive,17.9
Kolkata,Petrol,SUV,413,Automatic,1st Owner,Volvo,2023,4450000,Comprehensive,12.18
Kolkata,Petrol,Hatchback,10000,Manual,1st Owner,Maruti,2015,234000,Comprehensive,22.74
Kolkata,Petrol,Hatchback,50000,Manual,1st Owner,Hyundai,2009,140000,Third Party,19.81
Kolkata,Petrol,Hatchback,18000,Automatic,1st Owner,Maruti,2018,534000,Comprehensive,21.4
Kolkata,Petrol,Hatchback,32000,Automatic,1st Owner,Maruti,2018,380000,Comprehensive,20.51
Kolkata,Diesel,SUV,42000,Manual,1st Owner,Ford,2018,565000,Third Party,23
Kolkata,Petrol,Sedan,45000,Manual,1st Owner,Honda,2014,381000,Comprehensive,17.4
Kolkata,Petrol,Sedan,29000,Automatic,1st Owner,Honda,2018,749000,Third Party,18.4
Kolkata,Petrol,MUV,19675,Manual,2nd Owner,Maruti,2012,426000,Third Party,20.51
Kolkata,Petrol,Hatchback,20378,Automatic,1st Owner,Hyundai,2021,877000,Comprehensive,20.28
Kolkata,Petrol,SUV,10000,Automatic,1st Owner,Skoda,2022,1400000,Third Party,17.2
Kolkata,Petrol,Hatchback,33683,Manual,1st Owner,Hyundai,2015,335000,Comprehensive,19.81
Kolkata,Petrol,Hatchback,18518,Manual,1st Owner,Maruti,2021,414000,Comprehensive,21.7
Kolkata,Petrol,Hatchback,36000,Manual,1st Owner,Maruti,2016,321000,Comprehensive,18.9
Kolkata,Petrol,Hatchback,30791,Manual,2nd Owner,Maruti,2019,323000,Comprehensive,23.95
Kolkata,Petrol,MUV,18000,Manual,1st Owner,Maruti,2021,925000,Comprehensive,19.01
Kolkata,Petrol,Hatchback,14447,Manual,1st Owner,Maruti,2020,345000,Comprehensive,22.05
Kolkata,Petrol,Hatchback,19991,Manual,2nd Owner,Hyundai,2019,454000,Comprehensive,18.9
Kolkata,Petrol,Hatchback,24000,Manual,1st Owner,Hyundai,2016,259000,Comprehensive,21.1
Kolkata,Diesel,SUV,41000,Manual,1st Owner,Mahindra,2019,675000,Comprehensive,15.96
Kolkata,Diesel,SUV,45000,Manual,1st Owner,Audi,2015,1095000,Comprehensive,17.32
Kolkata,Petrol,SUV,10177,Automatic,1st Owner,Hyundai,2021,1875000,Comprehensive,14.2
Kolkata,Petrol,Hatchback,35444,Manual,1st Owner,Hyundai,2013,325000,Third Party,18.9
Kolkata,Petrol,Hatchback,35000,Manual,1st Owner,Hyundai,2017,415000,Third Party,18.9
Kolkata,Diesel,MUV,40000,Manual,1st Owner,Toyota,2019,1695000,Comprehensive,13.68
Kolkata,Diesel,Hatchback,49040,Manual,1st Owner,Hyundai,2016,365000,Comprehensive,24
Kolkata,Petrol,Hatchback,40000,Manual,2nd Owner,Maruti,2007,98000,Third Party,19.7
Kolkata,Petrol,Hatchback,49546,Manual,1st Owner,Maruti,2019,333000,Comprehensive,23.95
Kolkata,Petrol,Sedan,38698,Manual,1st Owner,Maruti,2014,406000,Comprehensive,22.41
Kolkata,Petrol,Sedan,32814,Manual,1st Owner,Honda,2018,675000,Comprehensive,17.4
Kolkata,Petrol,Sedan,14642,Manual,1st Owner,Hyundai,2015,329000,Third Party,19.1
Kolkata,Petrol,Hatchback,33429,Manual,1st Owner,Maruti,2017,279000,Comprehensive,24.7
Kolkata,Petrol,Sedan,36448,Manual,2nd Owner,Hyundai,2012,299000,Comprehensive,13.44
Kolkata,Petrol,Hatchback,30739,Manual,1st Owner,Hyundai,2022,622000,Comprehensive,20.7
Kolkata,Petrol,Hatchback,21300,Manual,1st Owner,Hyundai,2021,798000,Comprehensive,21
Kolkata,Petrol,Hatchback,13463,Manual,1st Owner,Hyundai,2020,618000,Comprehensive,20.7
Kolkata,Petrol,Hatchback,15477,Automatic,1st Owner,Maruti,2019,431000,Third Party,21.7
Kolkata,Petrol,Hatchback,33000,Automatic,1st Owner,Maruti,2018,415000,Third Party,20.51
Kolkata,Petrol,Hatchback,50000,Manual,2nd Owner,Hyundai,2010,180000,Third Party,20.36
Kolkata,Petrol,SUV,15766,Automatic,1st Owner,Audi,2021,3700000,Comprehensive,19.84
Kolkata,Diesel,SUV,28895,Automatic,1st Owner,Hyundai,2021,1675000,Comprehensive,18.1
Kolkata,Petrol,Hatchback,10000,Manual,1st Owner,Maruti,2019,620000,Third Party,21.4
Kolkata,Diesel,Sedan,50000,Manual,1st Owner,Volkswagen,2015,380000,Third Party,20.34
Kolkata,Diesel,SUV,70000,Automatic,2nd Owner,Mahindra,2016,840000,Third Party,16
Kolkata,Diesel,Sedan,24600,Automatic,1st Owner,Mercedes-Benz,2020,3500000,Third Party,12.6
Kolkata,Diesel,SUV,10711,Manual,1st Owner,Mahindra,2023,1550000,Comprehensive,15.2
Kolkata,Petrol,MUV,90000,Manual,1st Owner,Maruti,2018,600000,Third Party,17.5
Kolkata,Petrol,SUV,19712,Manual,1st Owner,Hyundai,2020,868000,Comprehensive,18.27
Kolkata,Petrol,Sedan,31772,Automatic,1st Owner,Honda,2019,917000,Comprehensive,18
Kolkata,Diesel,Sedan,150000,Manual,1st Owner,Hindustan Motors,2013,100000,Third Party,12.8
Kolkata,Petrol,Sedan,31055,Manual,1st Owner,Hyundai,2019,867000,Third Party,17
Kolkata,Petrol,SUV,25695,Manual,1st Owner,Renault,2021,827000,Comprehensive,16.42
Kolkata,Petrol,Hatchback,20000,Manual,1st Owner,Maruti,2021,420000,Third Party,21.7
Kolkata,Diesel,SUV,24181,Manual,1st Owner,Mahindra,2019,942000,Comprehensive,20
Kolkata,Diesel,SUV,70000,Automatic,1st Owner,Kia,2020,1300000,Third Party,18
Kolkata,Petrol,SUV,42970,Manual,1st Owner,Renault,2020,804000,Comprehensive,16.42
Kolkata,Petrol,Hatchback,12541,Manual,2nd Owner,Maruti,2012,179000,Comprehensive,19.7
Kolkata,Petrol,Hatchback,10000,Manual,1st Owner,Hyundai,2019,550000,Third Party,18.6
Kolkata,Petrol,Hatchback,10000,Manual,2nd Owner,Hyundai,2021,650000,Third Party,20.7
Kolkata,Petrol,Sedan,49817,Manual,1st Owner,Honda,2015,449000,Comprehensive,16.8
Kolkata,Petrol,Hatchback,10000,Manual,2nd Owner,Hyundai,2021,650000,Third Party,20.7
Kolkata,Petrol,Hatchback,30000,Manual,2nd Owner,Renault,2016,250000,Third Party,23.01
Kolkata,Petrol,SUV,10000,Manual,2nd Owner,Tata,2022,821000,Third Party,17.33
Kolkata,Diesel,Hatchback,20000,Manual,1st Owner,Hyundai,2013,300000,Third Party,24
Kolkata,Petrol,MUV,10000,Manual,2nd Owner,Maruti,2021,950000,Third Party,19.01
Kolkata,Diesel,SUV,80000,Manual,2nd Owner,Mahindra,2015,700000,Third Party,16
Kolkata,Diesel,Sedan,70000,Manual,2nd Owner,Hyundai,2014,280000,Third Party,24.4
Kolkata,Petrol,Hatchback,6347,Manual,1st Owner,Maruti,2020,663000,Comprehensive,21.21
Kolkata,Petrol,Hatchback,19437,Automatic,2nd Owner,Maruti,2019,559000,Comprehensive,20.89
Kolkata,Diesel,Hatchback,61262,Manual,1st Owner,Maruti,2019,500000,Third Party,28.4
Kolkata,Petrol,SUV,6059,Manual,1st Owner,Tata,2021,934000,Comprehensive,17.33
Kolkata,Diesel,Hatchback,9134,Manual,1st Owner,Tata,2022,914000,Comprehensive,23.64
Kolkata,Petrol,Hatchback,23092,Manual,1st Owner,Maruti,2022,840000,Comprehensive,21.4
Kolkata,Diesel,Hatchback,33937,Manual,1st Owner,Tata,2020,684000,Comprehensive,23.64
Kolkata,Petrol,Sedan,20000,Manual,1st Owner,Maruti,2015,524000,Third Party,20.73
Kolkata,Petrol,Hatchback,49134,Manual,1st Owner,Toyota,2017,442000,Comprehensive,17.71
Kolkata,Petrol,Hatchback,71900,Manual,2nd Owner,Maruti,2010,192000,Comprehensive,21.1
Kolkata,Petrol,Hatchback,20000,Manual,1st Owner,Maruti,2020,580000,Third Party,21.79
Kolkata,Diesel,Sedan,20000,Automatic,1st Owner,BMW,2019,3800000,Third Party,18.12
Kolkata,Petrol,Sedan,10000,Automatic,1st Owner,Honda,2021,829000,Third Party,18.3
Kolkata,Diesel,SUV,22336,Automatic,1st Owner,Ford,2017,2649000,Comprehensive,10.91
Kolkata,Diesel,SUV,30000,Automatic,1st Owner,BMW,2016,1950000,Third Party,20.68
Kolkata,Petrol,Hatchback,10000,Manual,2nd Owner,Hyundai,2019,600000,Third Party,18.6
Kolkata,Petrol,Sedan,48384,Manual,1st Owner,Honda,2019,775000,Comprehensive,17.4
Kolkata,Petrol,SUV,32000,Automatic,1st Owner,MG,2019,1365000,Third Party,13.96
Kolkata,Petrol,Sedan,20000,Manual,1st Owner,Skoda,2020,850000,Third Party,14.3
Kolkata,Petrol,Sedan,56023,Manual,1st Owner,Toyota,2015,435000,Comprehensive,16.78
Kolkata,Diesel,Sedan,60840,Manual,2nd Owner,Hyundai,2019,956000,Comprehensive,22.54
Kolkata,Petrol,Hatchback,18984,Automatic,1st Owner,Nissan,2017,431000,Comprehensive,19.34
Kolkata,Petrol,MUV,50000,Manual,1st Owner,Maruti,2014,575000,Third Party,16.02
Kolkata,Diesel,Sedan,115173,Manual,1st Owner,Tata,2017,432000,Comprehensive,22.95
Kolkata,Petrol,Hatchback,26251,Manual,1st Owner,Maruti,2014,255000,Third Party,20.92
Kolkata,Diesel,SUV,35700,Automatic,2nd Owner,Mercedes-Benz,2015,1675000,Third Party,17.9
Kolkata,Petrol,Hatchback,6230,Automatic,2nd Owner,Maruti,2021,479000,Comprehensive,21.7
Kolkata,Petrol,SUV,30000,Manual,1st Owner,Tata,2020,763000,Third Party,17.33
Kolkata,Petrol,Sedan,25228,Automatic,1st Owner,Honda,2022,846000,Third Party,18.3
Kolkata,Petrol,SUV,46717,Manual,1st Owner,Hyundai,2019,999000,Comprehensive,15.8
Kolkata,Petrol,Hatchback,20000,Manual,1st Owner,Hyundai,2013,280000,Third Party,20.36
Kolkata,Petrol,MUV,120000,Automatic,1st Owner,Maruti,2018,775000,Third Party,18.69
Kolkata,Diesel,Sedan,65000,Manual,1st Owner,Skoda,2014,350000,Third Party,20.5
Kolkata,Petrol,Sedan,91000,Manual,1st Owner,Honda,2018,445000,Comprehensive,19.5
Kolkata,Petrol,Hatchback,45000,Manual,1st Owner,Hyundai,2017,500000,Third Party,17.19
Kolkata,Petrol,Coupe,30000,Automatic,1st Owner,Mercedes-Benz,2016,21000000,Third Party,12.65
Kolkata,Petrol,Sedan,30000,Manual,1st Owner,Maruti,2019,825000,Third Party,21.56
Kolkata,Petrol,Hatchback,60000,Manual,1st Owner,Maruti,2017,510000,Third Party,21.4
Kolkata,Petrol,Sedan,56000,Manual,1st Owner,Toyota,2014,325000,Third Party,16.78
Kolkata,Petrol,Sedan,54419,Manual,1st Owner,Hyundai,2016,500000,Third Party,17.01
Kolkata,Petrol,MUV,22746,Automatic,1st Owner,Renault,2020,640000,Comprehensive,18.2
Kolkata,Petrol,Hatchback,5385,Manual,1st Owner,Maruti,2020,334000,Third Party,22.05
Kolkata,Diesel,Sedan,40375,Automatic,1st Owner,Audi,2014,1250000,Comprehensive,17.68
Kolkata,Petrol,Hatchback,10837,Automatic,1st Owner,Hyundai,2020,774000,Comprehensive,20.28
Kolkata,Petrol,Hatchback,4521,Manual,1st Owner,Maruti,2020,326000,Comprehensive,22.05
Kolkata,Diesel,Sedan,25990,Automatic,2nd Owner,BMW,2019,2400000,Comprehensive,22.69
Kolkata,Petrol,Sedan,6805,Manual,1st Owner,Maruti,2021,634000,Comprehensive,22.41
Kolkata,Diesel,Sedan,47000,Automatic,1st Owner,Mercedes-Benz,2011,825000,Third Party,14.94
Kolkata,Petrol,Hatchback,23733,Automatic,1st Owner,Maruti,2021,458000,Comprehensive,21.7
Kolkata,Petrol,Hatchback,9473,Manual,1st Owner,Maruti,2021,414000,Comprehensive,21.7
Kolkata,Diesel,SUV,150000,Manual,1st Owner,Renault,2013,310000,Third Party,19.01
Kolkata,Petrol,Sedan,70000,Automatic,2nd Owner,Hyundai,2015,450000,Third Party,16.9
Kolkata,Diesel,SUV,38200,Automatic,2nd Owner,Volvo,2019,4495000,Third Party,11.2
Kolkata,Diesel,SUV,76187,Automatic,1st Owner,Mahindra,2020,2025000,Comprehensive,12.05
Kolkata,Diesel,SUV,40000,Automatic,1st Owner,BMW,2016,2460000,Third Party,16.55
Kolkata,Petrol,Sedan,89398,Automatic,3rd Owner,Honda,2008,500000,Comprehensive,11.7
Kolkata,Petrol,Sedan,50000,Manual,1st Owner,Hyundai,2018,900000,Third Party,17
Kolkata,Petrol,Sedan,70000,Automatic,3rd Owner,Toyota,2014,1200000,Third Party,19.16
Kolkata,Diesel,SUV,37000,Manual,1st Owner,Mahindra,2017,400000,Third Party,18.49
Kolkata,Petrol,Hatchback,42000,Manual,2nd Owner,Ford,2011,149000,Comprehensive,15.6
Kolkata,Petrol,Hatchback,19392,Automatic,1st Owner,Maruti,2016,324000,Comprehensive,23.95
Kolkata,Petrol,Hatchback,9522,Manual,1st Owner,Maruti,2021,356000,Comprehensive,22.05
Kolkata,Petrol,Sedan,28880,Manual,1st Owner,Honda,2014,295000,Comprehensive,18
Kolkata,Petrol,Hatchback,19003,Manual,1st Owner,Chevrolet,2016,230000,Comprehensive,18.6
Kolkata,Petrol,Hatchback,28329,Manual,1st Owner,Maruti,2016,268000,Comprehensive,22.74
Kolkata,Petrol,Hatchback,9326,Manual,1st Owner,Hyundai,2022,690000,Third Party,21
Kolkata,Petrol,Hatchback,47584,Manual,1st Owner,Maruti,2020,549000,Comprehensive,21.21
Kolkata,Petrol,SUV,10000,Manual,2nd Owner,Kia,2022,1600000,Third Party,16.5
Kolkata,Petrol,Hatchback,24021,Manual,1st Owner,Hyundai,2019,487000,Comprehensive,18.9
Kolkata,Petrol,Hatchback,44094,Manual,2nd Owner,Maruti,2019,302000,Comprehensive,23.95
Kolkata,Diesel,SUV,45107,Automatic,1st Owner,Jeep,2020,1750000,Comprehensive,17.1
Kolkata,Petrol,Sedan,9470,Automatic,1st Owner,Maruti,2015,425000,Comprehensive,18.5
Kolkata,Diesel,MUV,125000,Manual,1st Owner,Toyota,2007,284000,Comprehensive,12.99
Kolkata,Petrol,Hatchback,7000,Manual,1st Owner,Maruti,2021,430000,Comprehensive,21.7
Kolkata,Diesel,Hatchback,73000,Manual,1st Owner,Maruti,2018,445000,Comprehensive,27.39
Kolkata,Petrol,SUV,11000,Manual,1st Owner,Maruti,2022,1199000,Comprehensive,19.89
Kolkata,Petrol,Hatchback,30000,Manual,1st Owner,Hyundai,2010,170000,Third Party,20.36
Kolkata,Diesel,SUV,35500,Manual,1st Owner,Nissan,2013,350000,Comprehensive,20.45
Kolkata,Petrol,Hatchback,10000,Automatic,1st Owner,Maruti,2019,525000,Third Party,22
Kolkata,Diesel,Hatchback,43000,Manual,2nd Owner,Hyundai,2017,385000,Comprehensive,24
Kolkata,Cng,Hatchback,34144,Manual,1st Owner,Maruti,2021,498000,Comprehensive,32.52
Kolkata,Petrol,Hatchback,6669,Manual,1st Owner,Hyundai,2021,625000,Third Party,20.7
Kolkata,Petrol,Hatchback,22618,Manual,1st Owner,Hyundai,2019,494000,Third Party,18.9
Kolkata,Cng,Hatchback,27042,Manual,1st Owner,Maruti,2019,462000,Comprehensive,32.52
Kolkata,Petrol,SUV,38224,Manual,1st Owner,Hyundai,2016,710000,Comprehensive,13
Kolkata,Petrol,Sedan,23379,Automatic,1st Owner,Honda,2018,889000,Comprehensive,18
Kolkata,Diesel,Sedan,47000,Automatic,1st Owner,Mercedes-Benz,2018,2099000,Comprehensive,17.9
Kolkata,Petrol,Hatchback,21388,Manual,1st Owner,Maruti,2019,304000,Comprehensive,22.05
Kolkata,Petrol,Hatchback,23005,Manual,1st Owner,Maruti,2015,308000,Comprehensive,18.9
Kolkata,Petrol,Sedan,7308,Automatic,1st Owner,Hyundai,2021,1550000,Comprehensive,14.62
Kolkata,Diesel,Sedan,90000,Automatic,1st Owner,BMW,2008,500000,Third Party,13.2
Kolkata,Petrol,Hatchback,60000,Manual,1st Owner,Chevrolet,2013,150000,Third Party,18.6
Kolkata,Petrol,Hatchback,60000,Manual,1st Owner,Volkswagen,2016,395000,Third Party,16.2
Kolkata,Petrol,SUV,36674,Automatic,1st Owner,Kia,2020,1400000,Comprehensive,16.5
Kolkata,Petrol,Hatchback,20000,Automatic,1st Owner,Maruti,2019,450000,Third Party,21.79
Kolkata,Petrol,Sedan,17153,Manual,1st Owner,Maruti,2018,495000,Comprehensive,19
Kolkata,Diesel,SUV,39000,Manual,1st Owner,Mahindra,2018,1078000,Comprehensive,16
Kolkata,Petrol,Hatchback,32165,Manual,1st Owner,Maruti,2020,460000,Comprehensive,21.79
Kolkata,Petrol,Sedan,27447,Manual,1st Owner,Skoda,2018,560000,Third Party,15.41
Kolkata,Petrol,Hatchback,26305,Manual,1st Owner,Maruti,2015,259000,Comprehensive,22.74
Kolkata,Petrol,Hatchback,20000,Manual,1st Owner,Maruti,2008,130000,Third Party,19.7
Kolkata,Petrol,Hatchback,17024,Manual,2nd Owner,Datsun,2018,272000,Comprehensive,22.7
Kolkata,Petrol,Sedan,9243,Automatic,1st Owner,Honda,2020,982000,Third Party,18.3
Kolkata,Petrol,Sedan,100000,Manual,1st Owner,Skoda,2017,425000,Comprehensive,15.41
Kolkata,Petrol,Hatchback,19280,Manual,1st Owner,Datsun,2017,297000,Comprehensive,20.63
Kolkata,Petrol,SUV,10000,Manual,1st Owner,Hyundai,2019,750000,Third Party,18.27
Kolkata,Petrol,Sedan,9646,Manual,1st Owner,Maruti,2021,658000,Comprehensive,22.41
Kolkata,Petrol,SUV,11344,Manual,1st Owner,Maruti,2020,750000,Third Party,18.55
Kolkata,Petrol,Sedan,17899,Automatic,1st Owner,BMW,2021,4600000,Comprehensive,16.13
Kolkata,Petrol,Hatchback,6000,Manual,0th Owner,Renault,2021,449000,Zero Dep,23.01
Kolkata,Petrol,Hatchback,80000,Manual,1st Owner,Chevrolet,2010,150000,Third Party,18.6
Kolkata,Diesel,Hatchback,50000,Manual,1st Owner,Tata,2006,99703,Third Party,17.88
Kolkata,Diesel,Hatchback,35000,Manual,2nd Owner,Hyundai,2014,450000,Third Party,22.54
Kolkata,Petrol,MUV,31244,Manual,2nd Owner,Maruti,2015,565000,Third Party,17.5
Kolkata,Petrol,Hatchback,40000,Manual,1st Owner,Hyundai,2017,410000,Third Party,18.9
Kolkata,Petrol,Hatchback,30000,Manual,2nd Owner,Chevrolet,2012,170000,Third Party,18.6
Kolkata,Diesel,Sedan,60000,Manual,1st Owner,Tata,2012,178000,Third Party,23.03
Kolkata,Diesel,Sedan,70000,Automatic,1st Owner,BMW,2010,895000,Comprehensive,16.73
Kolkata,Petrol,Hatchback,65440,Manual,1st Owner,Hyundai,2015,239000,Comprehensive,21.1
Kolkata,Petrol,Hatchback,35884,Manual,1st Owner,Tata,2021,652000,Comprehensive,19.33
Kolkata,Petrol,Sedan,77500,Manual,1st Owner,Toyota,2015,550000,Third Party,14.28
Kolkata,Petrol,Sedan,59729,Manual,1st Owner,Toyota,2015,599000,Comprehensive,14.28
Kolkata,Petrol,Hatchback,64854,Manual,1st Owner,Maruti,2014,199000,Comprehensive,22.74
Kolkata,Petrol,Sedan,29836,Manual,2nd Owner,Maruti,2018,575000,Comprehensive,22
Kolkata,Diesel,Sedan,74094,Manual,1st Owner,Ford,2017,445000,Comprehensive,25.83
Kolkata,Petrol,Hatchback,11590,Manual,1st Owner,Maruti,2021,620000,Comprehensive,22.38
Kolkata,Petrol,Hatchback,9461,Manual,1st Owner,Honda,2021,706000,Comprehensive,17.1
Kolkata,Diesel,Sedan,59006,Manual,3rd Owner,Renault,2014,363000,Comprehensive,21.64
Kolkata,Diesel,MUV,10000,Manual,1st Owner,Toyota,2022,2400000,Third Party,12
Kolkata,Diesel,Sedan,150000,Manual,2nd Owner,Maruti,2017,492000,Third Party,26.59
Kolkata,Petrol,Sedan,40000,Manual,3rd Owner,Honda,2016,360000,Third Party,17.8
Kolkata,Diesel,Sedan,80000,Manual,2nd Owner,Maruti,2009,280000,Third Party,19.3
Kolkata,Diesel,SUV,90000,Automatic,1st Owner,Toyota,2016,1640000,Third Party,12.55
Kolkata,Diesel,SUV,80000,Automatic,2nd Owner,Land Rover,2012,950000,Third Party,12.35
Kolkata,Diesel,SUV,73000,Manual,2nd Owner,Toyota,2014,1299000,Comprehensive,12.55
Kolkata,Petrol,Hatchback,150000,Manual,1st Owner,Maruti,2010,250000,Third Party,18.9
Kolkata,Diesel,Sedan,33600,Automatic,1st Owner,Mercedes-Benz,2018,3950000,Third Party,18
Kolkata,Diesel,Hatchback,60000,Manual,3rd Owner,Toyota,2011,250000,Third Party,23.59
Kolkata,Petrol,Hatchback,82286,Manual,1st Owner,Honda,2016,373000,Third Party,18.7
Kolkata,Petrol,SUV,59880,Manual,2nd Owner,Honda,2010,415000,Third Party,14
Kolkata,Diesel,MUV,29841,Manual,1st Owner,Toyota,2021,2200000,Comprehensive,12
Kolkata,Petrol,Hatchback,10518,Manual,1st Owner,Maruti,2022,517000,Comprehensive,25.24
Kolkata,Petrol,Hatchback,6204,Manual,1st Owner,Maruti,2020,456000,Comprehensive,23.1
Kolkata,Diesel,MUV,20000,Manual,1st Owner,Mahindra,2020,1250000,Third Party,17.3
Kolkata,Petrol,Hatchback,23696,Manual,1st Owner,Hyundai,2013,311000,Third Party,18.5
Kolkata,Diesel,MUV,112000,Manual,1st Owner,Toyota,2016,950000,Third Party,12.99
Kolkata,Petrol,Hatchback,7569,Manual,1st Owner,Maruti,2020,305000,Comprehensive,22.05
Kolkata,Petrol,Hatchback,18800,Automatic,1st Owner,Maruti,2019,583000,Comprehensive,21.21
Kolkata,Petrol,Hatchback,32147,Automatic,1st Owner,Renault,2018,250000,Third Party,24.04
Kolkata,Petrol,SUV,27000,Manual,1st Owner,Ford,2016,430000,Comprehensive,17
Kolkata,Petrol,Hatchback,35100,Manual,1st Owner,Chevrolet,2010,150000,Third Party,18.6
Kolkata,Petrol,SUV,20000,Manual,1st Owner,Tata,2022,650000,Third Party,17.33
Kolkata,Petrol,Hatchback,31458,Manual,1st Owner,Hyundai,2014,330000,Comprehensive,18.9
Kolkata,Petrol,Sedan,12000,Automatic,1st Owner,Audi,2015,1499000,Third Party,15.64
Kolkata,Petrol,Sedan,10000,Manual,1st Owner,Honda,2021,675000,Third Party,18.6
Kolkata,Diesel,SUV,32000,Automatic,1st Owner,Maruti,2018,775000,Comprehensive,24.3
Kolkata,Diesel,Hatchback,37659,Manual,1st Owner,Maruti,2012,280000,Comprehensive,22.9
Kolkata,Petrol,Sedan,31479,Automatic,1st Owner,Maruti,2020,588000,Comprehensive,22.61
Kolkata,Petrol,Hatchback,10998,Manual,1st Owner,Maruti,2019,329000,Comprehensive,22.05
Kolkata,Petrol,Hatchback,10000,Automatic,1st Owner,Renault,2021,460000,Third Party,22
Kolkata,Cng,Hatchback,27370,Manual,1st Owner,Maruti,2021,479000,Comprehensive,32.52
Kolkata,Petrol,Hatchback,39714,Manual,1st Owner,Maruti,2016,380000,Comprehensive,20.4
Kolkata,Petrol,Hatchback,34000,Manual,1st Owner,Hyundai,2015,235000,Comprehensive,21.1
Kolkata,Petrol,Hatchback,41469,Manual,2nd Owner,Hyundai,2015,309000,Comprehensive,20.36
Kolkata,Petrol,Hatchback,6033,Manual,1st Owner,Maruti,2019,670000,Comprehensive,21.4
Kolkata,Petrol,Hatchback,28036,Manual,1st Owner,Maruti,2017,269000,Comprehensive,24.7
Kolkata,Petrol,Hatchback,19631,Manual,1st Owner,Maruti,2014,248000,Comprehensive,22.74
Kolkata,Diesel,SUV,70000,Manual,1st Owner,Mahindra,2016,300000,Third Party,25.32
Kolkata,Petrol,Sedan,50000,Manual,1st Owner,Honda,2015,460000,Comprehensive,17.8
Kolkata,Diesel,SUV,33197,Manual,1st Owner,Mahindra,2020,1075000,Comprehensive,15.1
Kolkata,Petrol,Hatchback,29000,Manual,1st Owner,Maruti,2018,570000,Third Party,21.4
Kolkata,Petrol,SUV,60000,Automatic,1st Owner,Tata,2021,975000,Comprehensive,16.35
Kolkata,Petrol,Hatchback,48000,Manual,1st Owner,Maruti,2018,330000,Third Party,20.51
Kolkata,Petrol,Hatchback,10000,Manual,1st Owner,Hyundai,2013,220000,Third Party,21.1
Kolkata,Petrol,Hatchback,41000,Manual,1st Owner,Maruti,2018,495000,Comprehensive,22
Kolkata,Diesel,SUV,79955,Manual,2nd Owner,Mahindra,2017,890000,Comprehensive,15.4
Kolkata,Diesel,Sedan,25910,Automatic,1st Owner,Mercedes-Benz,2020,3500000,Comprehensive,19.27
Kolkata,Petrol,Hatchback,44446,Manual,2nd Owner,Hyundai,2018,279000,Comprehensive,21.1
Kolkata,Diesel,Hatchback,30658,Manual,1st Owner,Tata,2018,424000,Comprehensive,27.28
Kolkata,Petrol,Sedan,44000,Manual,1st Owner,Honda,2017,595000,Third Party,17.8
Kolkata,Petrol,Hatchback,55073,Manual,1st Owner,Tata,2017,352000,Third Party,23.84
Kolkata,Petrol,Sedan,43886,Automatic,1st Owner,Toyota,2012,481000,Comprehensive,14.53
Kolkata,Diesel,MUV,20000,Manual,1st Owner,Mahindra,2022,1090000,Third Party,17.3
Kolkata,Petrol,Sedan,118569,Manual,2nd Owner,Honda,2016,464000,Comprehensive,17.8
Kolkata,Diesel,Sedan,30000,Manual,1st Owner,Volkswagen,2014,340000,Third Party,20.34
Kolkata,Petrol,Hatchback,18060,Manual,1st Owner,Maruti,2019,352000,Zero Dep,24.7
Kolkata,Petrol,Sedan,94042,Manual,1st Owner,Honda,2014,319000,Comprehensive,18
Kolkata,Diesel,SUV,90438,Manual,1st Owner,Mahindra,2017,1075000,Comprehensive,15.4
Kolkata,Petrol,Hatchback,120000,Manual,2nd Owner,Maruti,2009,140000,Third Party,18.9
Kolkata,Petrol,Hatchback,80000,Manual,1st Owner,Hyundai,2009,125000,Third Party,17.92
Kolkata,Diesel,SUV,50000,Manual,1st Owner,Jeep,2018,1200000,Third Party,17.1
Kolkata,Petrol,Hatchback,60000,Manual,3rd Owner,Maruti,2010,160000,Third Party,18.5
Kolkata,Petrol,Hatchback,70000,Manual,2nd Owner,Maruti,2010,120000,Third Party,19.5
Kolkata,Petrol,SUV,30000,Automatic,2nd Owner,MG,2020,1499000,Third Party,13.96
Kolkata,Petrol,SUV,975000,Manual,1st Owner,Kia,2021,975000,Third Party,18.2
Kolkata,Diesel,SUV,55000,Manual,1st Owner,Hyundai,2018,999000,Comprehensive,19.67
Kolkata,Diesel,Sedan,30000,Automatic,1st Owner,Mercedes-Benz,2017,2500000,Third Party,19.27
Kolkata,Petrol,Hatchback,104900,Manual,1st Owner,Hyundai,2010,196000,Comprehensive,20.36
Kolkata,Petrol,Sedan,24092,Manual,2nd Owner,Toyota,2018,683000,Third Party,17.1
Kolkata,Diesel,Sedan,90000,Manual,2nd Owner,Maruti,2017,500000,Third Party,26.59
Kolkata,Petrol,Hatchback,28519,Manual,1st Owner,Tata,2020,649000,Comprehensive,19.33
Kolkata,Petrol,Hatchback,88785,Manual,1st Owner,Honda,2016,386000,Third Party,18.7
Kolkata,Petrol,Hatchback,90000,Manual,2nd Owner,Volkswagen,2015,300000,Third Party,16.2
Kolkata,Diesel,MUV,79755,Manual,1st Owner,Tata,2019,888000,Comprehensive,17.6
Kolkata,Petrol,Hatchback,80000,Manual,2nd Owner,Hyundai,2017,560000,Third Party,18.6
Kolkata,Petrol,Hatchback,68832,Manual,2nd Owner,Mahindra,2017,436000,Third Party,18.15
Kolkata,Diesel,SUV,70857,Manual,2nd Owner,Jeep,2017,1032000,Comprehensive,16.3
Kolkata,Petrol,Sedan,50000,Manual,3rd Owner,Honda,2010,270000,Third Party,17
Kolkata,Diesel,Sedan,80000,Manual,1st Owner,Maruti,2015,475000,Third Party,26.21
Kolkata,Diesel,Hatchback,110000,Manual,2nd Owner,Maruti,2010,140000,Third Party,21.1
Kolkata,Petrol,Hatchback,60000,Manual,1st Owner,Maruti,2013,320000,Third Party,20.51
Kolkata,Petrol,Hatchback,70000,Manual,2nd Owner,Hyundai,2014,340000,Third Party,18.9
Kolkata,Petrol,Sedan,100000,Manual,2nd Owner,Maruti,2011,250000,Third Party,17.5
Kolkata,Petrol,Sedan,38000,Manual,1st Owner,Hyundai,2014,325000,Comprehensive,19.1
Kolkata,Petrol,Hatchback,60000,Manual,5th Owner,Hyundai,2013,260000,Third Party,18.5
Kolkata,Diesel,MUV,55000,Manual,2nd Owner,Toyota,2014,799000,Comprehensive,12.99
Kolkata,Petrol,Sedan,60000,Manual,1st Owner,Hyundai,2015,400000,Third Party,19.1
Kolkata,Petrol,SUV,4034,Manual,1st Owner,Hyundai,2022,956000,Comprehensive,18.27
Kolkata,Diesel,Hatchback,28614,Manual,2nd Owner,Chevrolet,2014,210000,Comprehensive,25.44
Kolkata,Petrol,Hatchback,60000,Manual,1st Owner,Maruti,2010,240000,Third Party,18.9
Kolkata,Petrol,Hatchback,34895,Manual,1st Owner,Maruti,2015,239000,Comprehensive,22.74
Kolkata,Petrol,Hatchback,5891,Automatic,1st Owner,Maruti,2021,861000,Comprehensive,19.56
Kolkata,Petrol,Sedan,28204,Automatic,2nd Owner,Mercedes-Benz,2017,3500000,Comprehensive,12
Kolkata,Petrol,Hatchback,17776,Automatic,2nd Owner,Maruti,2020,598000,Comprehensive,20.89
Kolkata,Diesel,Sedan,66000,Manual,1st Owner,Honda,2017,750000,Third Party,26
Kolkata,Petrol,Hatchback,10667,Automatic,1st Owner,Maruti,2020,559000,Comprehensive,20.52
Kolkata,Diesel,SUV,27218,Manual,1st Owner,Kia,2021,1035000,Comprehensive,18.4
Kolkata,Petrol,Coupe,170,Automatic,1st Owner,BMW,2023,5895000,Third Party,15.39
Kolkata,Petrol,Hatchback,28000,Manual,1st Owner,Ford,2015,259000,Comprehensive,18.16
Kolkata,Petrol,Coupe,12300,Automatic,2nd Owner,Audi,2021,5950000,Third Party,29.94
Kolkata,Petrol,SUV,10372,Automatic,2nd Owner,Kia,2020,1300000,Comprehensive,14.97
Kolkata,Petrol,Hatchback,6000,Manual,1st Owner,Maruti,2019,650000,Comprehensive,21.4
Kolkata,Petrol,SUV,30022,Automatic,1st Owner,Jeep,2018,1099000,Comprehensive,14.1
Kolkata,Petrol,SUV,47000,Automatic,1st Owner,Jeep,2018,999000,Third Party,16
Kolkata,Diesel,SUV,50247,Automatic,2nd Owner,Land Rover,2021,5400000,Comprehensive,19.97
Kolkata,Petrol,Hatchback,2704,Manual,1st Owner,Maruti,2022,553000,Zero Dep,21.7
Kolkata,Petrol,Hatchback,14425,Manual,1st Owner,Maruti,2022,632000,Zero Dep,24.97
Kolkata,Petrol,Hatchback,40000,Manual,1st Owner,Maruti,2018,330000,Third Party,20.89
Kolkata,Petrol,Sedan,32488,Automatic,2nd Owner,Volkswagen,2017,690000,Third Party,18.19
Kolkata,Petrol,Hatchback,73949,Manual,2nd Owner,Honda,2012,219000,Comprehensive,19.4
Kolkata,Petrol,Hatchback,40000,Automatic,1st Owner,Maruti,2018,350000,Third Party,23.1
Kolkata,Petrol,Hatchback,55920,Manual,2nd Owner,Hyundai,2014,338000,Comprehensive,18.9
Kolkata,Petrol,SUV,30000,Manual,1st Owner,Ford,2017,500000,Third Party,17
Kolkata,Petrol,Hatchback,33805,Manual,1st Owner,Maruti,2014,408000,Comprehensive,22.38
Kolkata,Petrol,Sedan,73781,Manual,1st Owner,Hyundai,2014,289000,Comprehensive,19.1
Kolkata,Petrol,Hatchback,50000,Manual,2nd Owner,Maruti,2015,230000,Third Party,22.74
Kolkata,Petrol,Hatchback,65000,Manual,1st Owner,Hyundai,2014,395000,Third Party,18.6
Kolkata,Petrol,Hatchback,48072,Manual,2nd Owner,Hyundai,2011,220000,Third Party,18.5
Kolkata,Petrol,SUV,75420,Automatic,1st Owner,Kia,2020,1200000,Third Party,16.5
Kolkata,Diesel,Sedan,16100,Automatic,2nd Owner,Mercedes-Benz,2019,3050000,Third Party,12.6
Kolkata,Diesel,SUV,40722,Manual,1st Owner,Maruti,2018,725000,Comprehensive,24.3
Kolkata,Petrol,Hatchback,40000,Manual,1st Owner,Maruti,2015,430000,Third Party,21.21
Kolkata,Petrol,Hatchback,50000,Manual,1st Owner,Maruti,2008,200000,Third Party,16.1
Kolkata,Petrol,Hatchback,50000,Manual,2nd Owner,Maruti,2009,120000,Third Party,19.5
Kolkata,Petrol,Sedan,40000,Manual,3rd Owner,Volkswagen,2017,470000,Third Party,17
Kolkata,Petrol,Hatchback,3188,Manual,1st Owner,Maruti,2017,296000,Comprehensive,22.05
Kolkata,Petrol,Hatchback,34233,Manual,1st Owner,Hyundai,2019,527000,Comprehensive,18.6
Kolkata,Petrol,Hatchback,50000,Manual,2nd Owner,Hyundai,2010,140000,Third Party,10.86
Kolkata,Petrol,Sedan,51767,Automatic,1st Owner,Honda,2016,591000,Third Party,18
Kolkata,Petrol,Hatchback,40965,Manual,1st Owner,Hyundai,2018,480000,Comprehensive,18.6
Kolkata,Petrol,Sedan,70000,Manual,2nd Owner,Hyundai,2011,250000,Third Party,17.01
Kolkata,Petrol,SUV,8176,Manual,2nd Owner,Tata,2022,822000,Third Party,17.33
Kolkata,Petrol,Hatchback,10000,Manual,1st Owner,Renault,2022,510000,Third Party,21.74
Kolkata,Petrol,Sedan,13327,Manual,2nd Owner,Toyota,2018,681000,Comprehensive,17.1
Kolkata,Petrol,SUV,57167,Automatic,2nd Owner,Ford,2019,735000,Comprehensive,14.8
Kolkata,Petrol,Sedan,35100,Manual,1st Owner,Volkswagen,2018,590000,Third Party,16.09
Kolkata,Petrol,Hatchback,120000,Manual,1st Owner,Hyundai,2010,170000,Third Party,20.36
Kolkata,Petrol,Hatchback,60000,Manual,2nd Owner,Hyundai,2010,130000,Third Party,10.86
Kolkata,Petrol,Sedan,60000,Manual,1st Owner,Chevrolet,2008,170000,Third Party,14.4
Kolkata,Diesel,Sedan,30000,Automatic,1st Owner,Mercedes-Benz,2020,3980000,Third Party,12.6
Kolkata,Diesel,SUV,14000,Manual,0th Owner,Mahindra,2022,2220000,Comprehensive,21.98
Kolkata,Petrol,Hatchback,10000,Manual,1st Owner,Maruti,2018,450000,Third Party,20.51
Kolkata,Diesel,SUV,19500,Automatic,2nd Owner,Volvo,2020,4700000,Third Party,11.2
Kolkata,Diesel,Sedan,55000,Manual,1st Owner,Maruti,2015,450000,Third Party,26.21
Kolkata,Petrol,Sedan,50000,Manual,1st Owner,Hyundai,2011,190000,Third Party,16.36
Kolkata,Diesel,Sedan,46980,Manual,2nd Owner,Hyundai,2015,494000,Third Party,23.9
Kolkata,Petrol,Hatchback,40535,Manual,1st Owner,Maruti,2019,535000,Third Party,22.38
Kolkata,Petrol,Hatchback,60020,Manual,1st Owner,Hyundai,2010,155000,Third Party,17.92
Kolkata,Petrol,Hatchback,787,Automatic,1st Owner,Renault,2022,557000,Comprehensive,22.3
Kolkata,Cng,Hatchback,5870,Manual,1st Owner,Maruti,2022,674000,Third Party,34.05
Kolkata,Diesel,Hatchback,50000,Manual,1st Owner,Renault,2013,180000,Third Party,23.08
Kolkata,Petrol,Hatchback,50714,Automatic,1st Owner,Maruti,2014,318000,Comprehensive,26.68
Kolkata,Petrol,Sedan,40000,Manual,1st Owner,Hyundai,2019,500000,Third Party,20.14
Kolkata,Petrol,Hatchback,4187,Manual,1st Owner,Maruti,2020,403000,Comprehensive,22.05
Kolkata,Petrol,SUV,10164,Automatic,1st Owner,MG,2020,1513000,Zero Dep,13.96
Kolkata,Petrol,Sedan,13269,Manual,1st Owner,Hyundai,2022,1030000,Comprehensive,17.7
Kolkata,Diesel,SUV,90000,Manual,1st Owner,Mahindra,2020,1530000,Third Party,15.4
Kolkata,Petrol,Sedan,16000,Manual,1st Owner,Hyundai,2021,1050000,Comprehensive,17.7
Kolkata,Petrol,Sedan,60000,Manual,1st Owner,Honda,2021,810000,Third Party,17.4
Kolkata,Petrol,Sedan,47114,Manual,2nd Owner,Honda,2010,235000,Comprehensive,17
Kolkata,Petrol,Sedan,50000,Manual,2nd Owner,Honda,2014,439000,Third Party,17.4
Kolkata,Petrol,Sedan,50000,Manual,2nd Owner,Honda,2014,439000,Third Party,17.4
Kolkata,Petrol,Hatchback,50000,Manual,2nd Owner,Ford,2011,200000,Third Party,15.6
Kolkata,Petrol,Hatchback,20000,Manual,1st Owner,Chevrolet,2012,210000,Third Party,16.2
Kolkata,Petrol,Hatchback,41424,Manual,2nd Owner,Honda,2013,225000,Third Party,19.4
Kolkata,Petrol,Hatchback,23829,Manual,2nd Owner,Maruti,2020,378000,Comprehensive,22.05
Kolkata,Petrol,Sedan,44199,Manual,1st Owner,Honda,2019,684000,Third Party,17.4
Kolkata,Petrol,Sedan,40000,Manual,1st Owner,Hyundai,2018,800000,Third Party,17
Kolkata,Petrol,SUV,55625,Manual,1st Owner,Ford,2015,419000,Third Party,18.88
Kolkata,Petrol,Hatchback,29230,Manual,1st Owner,Maruti,2015,309000,Comprehensive,20.51
Kolkata,Petrol,Sedan,30000,Manual,1st Owner,Maruti,2017,525000,Third Party,22
Kolkata,Petrol,Hatchback,25152,Manual,1st Owner,Volkswagen,2019,510000,Comprehensive,17.74
Kolkata,Diesel,Sedan,52224,Automatic,1st Owner,Audi,2020,2000000,Comprehensive,20.38
Kolkata,Petrol,Sedan,62665,Manual,1st Owner,Maruti,2012,289000,Comprehensive,22.41
Kolkata,Petrol,Hatchback,76800,Manual,1st Owner,Maruti,2014,273000,Comprehensive,20.51
Kolkata,Petrol,SUV,80000,Manual,1st Owner,Honda,2017,600000,Third Party,17.5
Kolkata,Petrol,SUV,37833,Manual,2nd Owner,Ford,2016,510000,Comprehensive,15.9
Kolkata,Petrol,Hatchback,40000,Manual,1st Owner,Maruti,2015,300000,Third Party,22.74
Kolkata,Diesel,SUV,72000,Automatic,2nd Owner,Land Rover,2012,970000,Third Party,12.35
Kolkata,Petrol,Sedan,30000,Automatic,1st Owner,Hyundai,2018,1400000,Third Party,14.62
Kolkata,Diesel,Sedan,80000,Manual,2nd Owner,Hyundai,2014,300000,Third Party,24.4
Kolkata,Petrol,Sedan,30000,Automatic,1st Owner,Hyundai,2018,1500000,Third Party,14.62
Kolkata,Petrol,Hatchback,90000,Manual,2nd Owner,Volkswagen,2014,290000,Third Party,16.47
Kolkata,Diesel,MUV,113000,Manual,1st Owner,Toyota,2014,750000,Third Party,12.99
Kolkata,Petrol,Sedan,90000,Manual,2nd Owner,Honda,2012,350000,Third Party,14.8
Kolkata,Diesel,Hatchback,92202,Manual,1st Owner,Maruti,2013,296000,Third Party,22.9
Kolkata,Petrol,Hatchback,79783,Manual,2nd Owner,Hyundai,2018,376000,Third Party,18.9
Kolkata,Petrol,Sedan,10000,Manual,1st Owner,Honda,2022,1399000,Third Party,18.6
Kolkata,Petrol,Sedan,23227,Manual,2nd Owner,Maruti,2021,690000,Third Party,22.41
Kolkata,Petrol,Sedan,3089,Manual,3rd Owner,Maruti,2019,714000,Third Party,21.56
Kolkata,Petrol,Sedan,28546,Manual,1st Owner,Honda,2019,600000,Third Party,18.6
Kolkata,Petrol,Hatchback,85435,Manual,1st Owner,Hyundai,2016,342000,Third Party,18.9
Kolkata,Diesel,Sedan,20000,Automatic,2nd Owner,Porsche,2016,5000000,Third Party,17.85
Kolkata,Petrol,Hatchback,83124,Manual,2nd Owner,Honda,2012,208000,Comprehensive,19.4
Kolkata,Petrol,Sedan,87859,Manual,2nd Owner,Toyota,2014,279000,Third Party,16.78
Kolkata,Diesel,Sedan,65000,Manual,1st Owner,Honda,2017,600000,Third Party,26
Kolkata,Diesel,SUV,50000,Automatic,1st Owner,Mahindra Ssangyong,2018,1450000,Third Party,11.18
Kolkata,Petrol,Sedan,80000,Manual,3rd Owner,Toyota,2012,225000,Third Party,17.6
Kolkata,Petrol,Hatchback,25000,Manual,1st Owner,Hyundai,2018,400000,Comprehensive,18.9
Kolkata,Diesel,Sedan,120000,Manual,1st Owner,Hindustan Motors,2014,120000,Third Party,12.8
Kolkata,Petrol,Hatchback,3000,Manual,1st Owner,Hyundai,2019,625000,Comprehensive,18.6
Kolkata,Petrol,Hatchback,37001,Manual,1st Owner,Hyundai,2018,385000,Comprehensive,18.9
Kolkata,Petrol,Hatchback,39000,Manual,1st Owner,Maruti,2013,335000,Comprehensive,18.6
Kolkata,Petrol,Sedan,20000,Automatic,1st Owner,Honda,2020,985000,Third Party,17.4
Kolkata,Diesel,Sedan,103033,Manual,3rd Owner,Hyundai,2015,271000,Third Party,24.4
Kolkata,Petrol,Hatchback,25968,Manual,1st Owner,Hyundai,2017,481000,Comprehensive,18.9
Kolkata,Petrol,Hatchback,150000,Manual,2nd Owner,Maruti,2004,75000,Third Party,18.9
Kolkata,Petrol,Hatchback,11798,Manual,1st Owner,Maruti,2020,555000,Third Party,20.52
Kolkata,Petrol,Sedan,65814,Manual,1st Owner,Volkswagen,2017,430000,Third Party,17
Kolkata,Petrol,SUV,69007,Manual,1st Owner,Kia,2021,1200000,Comprehensive,16.8
Kolkata,Diesel,Hatchback,71420,Manual,1st Owner,Maruti,2012,286000,Comprehensive,22.9
Kolkata,Petrol,Hatchback,10000,Manual,1st Owner,Hyundai,2021,680000,Third Party,20.7
Kolkata,Petrol,Hatchback,9817,Manual,1st Owner,Datsun,2020,349000,Comprehensive,20.71
Kolkata,Petrol,Hatchback,124206,Manual,2nd Owner,Maruti,2018,347000,Comprehensive,25.24
Kolkata,Petrol,Hatchback,50000,Manual,2nd Owner,Maruti,2002,48000,Third Party,17.3
Kolkata,Petrol,Hatchback,50000,Manual,2nd Owner,Maruti,2009,125000,Third Party,18.9
Kolkata,Petrol,SUV,1062,Automatic,1st Owner,Renault,2023,785000,Comprehensive,19.03
Kolkata,Petrol,Hatchback,10000,Manual,1st Owner,Hyundai,2018,490000,Third Party,18.9
Kolkata,Diesel,MUV,10000,Manual,1st Owner,Toyota,2019,1700000,Third Party,13.68
Kolkata,Petrol,Hatchback,20000,Manual,1st Owner,Hyundai,2015,350000,Third Party,18.9
Kolkata,Diesel,Sedan,68000,Manual,1st Owner,Honda,2015,400000,Third Party,26
Kolkata,Petrol,Hatchback,65000,Manual,1st Owner,Volkswagen,2016,365000,Third Party,16.2
Kolkata,Petrol,Hatchback,30000,Manual,2nd Owner,Maruti,2016,400000,Third Party,20.4
Kolkata,Petrol,Hatchback,60000,Manual,2nd Owner,Hyundai,2016,255000,Third Party,21.1
Kolkata,Petrol,Sedan,45699,Automatic,2nd Owner,Maruti,2017,601000,Third Party,21.21
Kolkata,Petrol,Hatchback,81575,Manual,1st Owner,Hyundai,2011,216000,Comprehensive,20.36
Kolkata,Petrol,Sedan,42000,Automatic,1st Owner,Honda,2017,670000,Comprehensive,18
Kolkata,Petrol,Sedan,32092,Manual,1st Owner,Hyundai,2018,719000,Comprehensive,19.1
Kolkata,Petrol,Hatchback,65916,Manual,3rd Owner,Hyundai,2010,142000,Third Party,10.86
Kolkata,Diesel,Sedan,30000,Automatic,1st Owner,Mercedes-Benz,2019,3200000,Third Party,12.6
Kolkata,Diesel,SUV,8559,Manual,1st Owner,MG,2023,1820000,Comprehensive,19.56
Kolkata,Diesel,MUV,50000,Manual,1st Owner,Maruti,2017,750000,Third Party,24.52
Kolkata,Petrol,SUV,9169,Manual,1st Owner,Tata,2022,827000,Third Party,20.09
Kolkata,Petrol,Sedan,45275,Manual,1st Owner,Maruti,2018,475000,Comprehensive,21.21
Kolkata,Petrol,Hatchback,70000,Manual,2nd Owner,Hyundai,2010,120000,Third Party,10.86
Kolkata,Petrol,Hatchback,90000,Manual,4th Owner,Maruti,2011,145000,Third Party,18.9
Kolkata,Petrol,Hatchback,70000,Manual,2nd Owner,Maruti,2015,210000,Third Party,22.74
Kolkata,Diesel,Sedan,50000,Automatic,1st Owner,BMW,2017,2490000,Third Party,21.76
Kolkata,Petrol,Hatchback,30000,Manual,1st Owner,Maruti,2019,330000,Third Party,22.05
Kolkata,Petrol,Sedan,10000,Automatic,1st Owner,Honda,2021,1400000,Third Party,18.3
Kolkata,Diesel,SUV,80000,Manual,2nd Owner,Ford,2017,525000,Third Party,22.77
Kolkata,Petrol,Hatchback,40000,Manual,1st Owner,Hyundai,2012,280000,Third Party,20.36
Kolkata,Petrol,Hatchback,30000,Manual,1st Owner,Hyundai,2017,430000,Third Party,18.9
Kolkata,Diesel,Sedan,80000,Manual,1st Owner,Tata,2009,115000,Third Party,19.61
Kolkata,Petrol,Hatchback,65180,Manual,2nd Owner,Hyundai,2019,598000,Comprehensive,18.6
Kolkata,Petrol,Hatchback,110190,Manual,1st Owner,Hyundai,2015,271000,Comprehensive,18.9
Kolkata,Petrol,Hatchback,50000,Manual,2nd Owner,Maruti,2019,276000,Third Party,24.7
Kolkata,Petrol,Hatchback,45550,Manual,2nd Owner,Maruti,2014,248000,Comprehensive,18.5
Kolkata,Petrol,Hatchback,14756,Manual,1st Owner,Maruti,2021,592000,Comprehensive,22.38
Kolkata,Petrol,Hatchback,30000,Manual,2nd Owner,Maruti,2017,290000,Third Party,23.95
Kolkata,Petrol,Hatchback,63179,Manual,1st Owner,Hyundai,2015,341000,Comprehensive,18.9
Kolkata,Diesel,Sedan,32344,Automatic,1st Owner,BMW,2017,3600000,Comprehensive,20.37
Kolkata,Petrol,Hatchback,17436,Manual,1st Owner,Volkswagen,2019,547000,Third Party,17.74
Kolkata,Petrol,Sedan,52130,Manual,1st Owner,Maruti,2018,566000,Third Party,21.56
Kolkata,Petrol,Hatchback,60000,Manual,1st Owner,Maruti,2018,280000,Third Party,24.7
Kolkata,Diesel,Sedan,46315,Manual,1st Owner,Ford,2014,285000,Comprehensive,25.01
Kolkata,Petrol,Sedan,65000,Manual,1st Owner,Hyundai,2015,299000,Third Party,19.1
Kolkata,Diesel,Hatchback,90000,Manual,1st Owner,Hyundai,2014,270000,Third Party,24
Kolkata,Petrol,Sedan,32395,Manual,1st Owner,Honda,2017,699000,Comprehensive,17.4
Kolkata,Diesel,SUV,89331,Manual,1st Owner,Mahindra,2016,850000,Third Party,16
Kolkata,Petrol,Sedan,10000,Automatic,1st Owner,Honda,2020,1250000,Third Party,17.4
Kolkata,Petrol,SUV,20000,Manual,1st Owner,Mahindra,2016,400000,Third Party,18.15
Kolkata,Petrol,Hatchback,10000,Manual,1st Owner,Datsun,2020,354000,Third Party,21.7
Kolkata,Diesel,SUV,36374,Manual,1st Owner,Hyundai,2019,850000,Third Party,23.7
Kolkata,Petrol,SUV,20801,Manual,1st Owner,Nissan,2021,669000,Comprehensive,20
Kolkata,Petrol,Hatchback,43214,Manual,1st Owner,Hyundai,2019,481000,Comprehensive,18.6
Kolkata,Diesel,SUV,20000,Manual,1st Owner,Jeep,2021,2400000,Third Party,17.1
Kolkata,Diesel,SUV,31584,Manual,1st Owner,Mahindra,2021,1170000,Third Party,21.79
Kolkata,Diesel,SUV,88755,Manual,1st Owner,Hyundai,2016,619000,Comprehensive,21.38
Kolkata,Petrol,MUV,50000,Automatic,1st Owner,Maruti,2018,875000,Third Party,17.03
Kolkata,Petrol,Hatchback,7277,Automatic,1st Owner,Renault,2020,518000,Third Party,22
Kolkata,Diesel,Sedan,44200,Manual,1st Owner,Honda,2014,450000,Third Party,26
Kolkata,Petrol,Hatchback,36920,Manual,3rd Owner,Honda,2014,235000,Comprehensive,19.4
Kolkata,Petrol,Hatchback,14567,Manual,1st Owner,Maruti,2021,620000,Third Party,22.38
Kolkata,Diesel,Sedan,19858,Automatic,1st Owner,BMW,2019,3950000,Comprehensive,18.12
Kolkata,Diesel,Hatchback,40000,Manual,1st Owner,Mahindra,2018,450000,Third Party,25.32
Kolkata,Petrol,Hatchback,30000,Manual,2nd Owner,Maruti,2012,250000,Third Party,18.9
Kolkata,Petrol,Sedan,50000,Manual,1st Owner,Hyundai,2018,880000,Third Party,17
Kolkata,Petrol,Hatchback,19000,Manual,1st Owner,Maruti,2018,425000,Comprehensive,21.63
Kolkata,Diesel,SUV,86331,Automatic,2nd Owner,Audi,2014,1100000,Comprehensive,12.8
Kolkata,Diesel,SUV,15215,Automatic,1st Owner,Land Rover,2021,6200000,Comprehensive,19.97
Kolkata,Diesel,Sedan,5700,Automatic,2nd Owner,BMW,2022,5799000,Third Party,20.37
Kolkata,Petrol,SUV,22887,Automatic,1st Owner,Mahindra,2022,1950000,Comprehensive,19.99
Kolkata,Petrol,Hatchback,10000,Manual,1st Owner,Tata,2022,580000,Third Party,20.09
Kolkata,Petrol,SUV,4603,Manual,1st Owner,Tata,2021,890000,Zero Dep,17.33
Kolkata,Petrol,Hatchback,7291,Manual,1st Owner,Maruti,2022,626000,Third Party,24.97
Kolkata,Petrol,Hatchback,2179,Manual,1st Owner,Hyundai,2022,753000,Comprehensive,20.7
Kolkata,Petrol,Hatchback,26226,Manual,1st Owner,Hyundai,2017,355000,Third Party,18.9
Kolkata,Diesel,Hatchback,35000,Manual,1st Owner,Volkswagen,2016,399000,Comprehensive,20.14
Kolkata,Petrol,Hatchback,24622,Manual,3rd Owner,Hyundai,2014,209000,Third Party,21.1
Kolkata,Diesel,Sedan,60000,Manual,1st Owner,Mahindra Renault,2009,125000,Third Party,19.2
Kolkata,Petrol,Hatchback,37647,Manual,1st Owner,Hyundai,2011,199000,Third Party,20.36
Kolkata,Diesel,SUV,57321,Manual,1st Owner,Renault,2014,354000,Third Party,20.45
Kolkata,Diesel,MUV,67020,Automatic,1st Owner,Tata,2017,725000,Comprehensive,17.6
Kolkata,Petrol,SUV,20000,Automatic,1st Owner,Renault,2022,1050000,Third Party,18.24
Kolkata,Diesel,SUV,65000,Manual,1st Owner,Hyundai,2015,500000,Third Party,19.67
Kolkata,Petrol,SUV,60000,Manual,1st Owner,Hyundai,2015,550000,Third Party,15.29
Kolkata,Petrol,Hatchback,30000,Manual,1st Owner,Hyundai,2014,225000,Third Party,21.1
Kolkata,Petrol,Hatchback,70000,Manual,1st Owner,Maruti,2014,180000,Third Party,22.74
Kolkata,Petrol,Hatchback,50000,Manual,1st Owner,Ford,2010,165000,Third Party,15.6
Kolkata,Petrol,MUV,24000,Manual,1st Owner,Honda,2016,499000,Third Party,17.3
Kolkata,Petrol,Hatchback,50000,Manual,2nd Owner,Hyundai,2010,170000,Third Party,20.36
Kolkata,Petrol,SUV,40000,Manual,1st Owner,Honda,2017,570000,Third Party,17.5
Kolkata,Petrol,SUV,71521,Manual,1st Owner,Hyundai,2016,627000,Third Party,15.29
Kolkata,Petrol,Hatchback,42267,Manual,1st Owner,Tata,2020,471000,Third Party,19.33
Kolkata,Petrol,Hatchback,80000,Manual,4th Owner,Maruti,2010,165000,Third Party,16.1
Kolkata,Petrol,Sedan,57986,Automatic,1st Owner,Maruti,2018,728000,Comprehensive,19.12
Kolkata,Petrol,Hatchback,17252,Automatic,1st Owner,Tata,2022,659000,Comprehensive,20.09
Kolkata,Petrol,Hatchback,70000,Manual,2nd Owner,Maruti,2010,120000,Third Party,19
Kolkata,Diesel,SUV,20817,Manual,1st Owner,Mahindra,2017,820000,Third Party,16
Kolkata,Petrol,SUV,10000,Automatic,1st Owner,Jeep,2022,2600000,Third Party,14.1
Kolkata,Petrol,Sedan,39579,Manual,1st Owner,Maruti,2010,222000,Comprehensive,22.41
Kolkata,Petrol,Hatchback,21477,Manual,3rd Owner,Hyundai,2014,206000,Comprehensive,21.1
Kolkata,Diesel,Sedan,36899,Automatic,1st Owner,Mercedes-Benz,2017,1850000,Comprehensive,17.9
Kolkata,Diesel,MUV,55000,Manual,1st Owner,Maruti,2016,625000,Third Party,24.52
Kolkata,Petrol,Hatchback,9000,Manual,1st Owner,Hyundai,2021,650000,Third Party,20.7
Kolkata,Petrol,Hatchback,40000,Manual,1st Owner,Ford,2010,175000,Third Party,15.6
Kolkata,Petrol,Sedan,20000,Manual,1st Owner,Hyundai,2019,899000,Comprehensive,17
Kolkata,Diesel,SUV,120000,Manual,2nd Owner,Mahindra,2016,850000,Third Party,15.4
Kolkata,Petrol,Hatchback,30000,Manual,2nd Owner,Maruti,2017,280000,Third Party,23.95
Kolkata,Petrol,SUV,60000,Automatic,1st Owner,Tata,2021,900000,Third Party,16.35
Kolkata,Diesel,SUV,10000,Manual,1st Owner,Jeep,2021,2550000,Third Party,17.1
Kolkata,Diesel,SUV,55330,Manual,1st Owner,Jeep,2017,1170000,Comprehensive,16.3
Kolkata,Petrol,Sedan,32152,Manual,1st Owner,Maruti,2015,384000,Comprehensive,22.41
Kolkata,Petrol,Hatchback,66906,Manual,2nd Owner,Hyundai,2014,292000,Third Party,18.9
Kolkata,Diesel,SUV,56000,Manual,1st Owner,Hyundai,2016,700000,Third Party,19.67
Kolkata,Petrol,Hatchback,23055,Manual,1st Owner,Volkswagen,2020,647000,Third Party,18.24
Kolkata,Diesel,SUV,68132,Manual,1st Owner,Renault,2018,686000,Comprehensive,20.37
Kolkata,Diesel,Hatchback,60000,Manual,2nd Owner,Tata,2011,140000,Third Party,18.4
Kolkata,Petrol,Sedan,76932,Manual,1st Owner,Maruti,2014,375000,Third Party,22.41
Kolkata,Petrol,SUV,60000,Automatic,1st Owner,MG,2020,1400000,Third Party,13.96
Kolkata,Diesel,SUV,89912,Automatic,1st Owner,Maruti,2019,703000,Comprehensive,24.3
Kolkata,Diesel,Sedan,102813,Manual,1st Owner,Honda,2014,364000,Comprehensive,26
Kolkata,Diesel,Sedan,55155,Manual,1st Owner,Honda,2015,450000,Third Party,26
Kolkata,Petrol,SUV,20000,Manual,1st Owner,Mahindra,2016,400000,Third Party,18.15
Kolkata,Petrol,Hatchback,70000,Manual,1st Owner,Hyundai,2018,392000,Third Party,18.9
Kolkata,Diesel,SUV,123153,Automatic,2nd Owner,Toyota,2018,2700000,Comprehensive,15.04
Kolkata,Petrol,Hatchback,40000,Manual,2nd Owner,Hyundai,2013,300000,Third Party,20.36
Kolkata,Diesel,SUV,10830,Manual,1st Owner,Jeep,2021,2475000,Comprehensive,17.1
Kolkata,Petrol,Sedan,50000,Manual,1st Owner,Hyundai,2018,860000,Third Party,17
Kolkata,Diesel,Sedan,64846,Automatic,2nd Owner,Audi,2017,2000000,Comprehensive,18.25
Kolkata,Diesel,Sedan,49100,Automatic,1st Owner,Audi,2018,2850000,Comprehensive,18.53
Kolkata,Diesel,SUV,90089,Automatic,1st Owner,Mercedes-Benz,2014,2500000,Comprehensive,11.3
Kolkata,Petrol,Sedan,63950,Manual,1st Owner,Honda,2014,372000,Comprehensive,17.4
Kolkata,Petrol,Sedan,22990,Automatic,2nd Owner,Honda,2018,915000,Comprehensive,18
Kolkata,Diesel,Sedan,15077,Automatic,2nd Owner,Mercedes-Benz,2016,2749000,Comprehensive,13
Kolkata,Petrol,Sedan,69273,Manual,1st Owner,Maruti,2014,323000,Comprehensive,22.41
Kolkata,Petrol,SUV,75865,Manual,1st Owner,Ford,2014,422000,Comprehensive,18.88
Kolkata,Petrol,MUV,4066,Manual,1st Owner,Kia,2022,1299000,Comprehensive,13.53
Kolkata,Petrol,SUV,67092,Manual,1st Owner,Kia,2019,1052000,Third Party,16.8
Kolkata,Petrol,Hatchback,38000,Manual,1st Owner,Hyundai,2012,228000,Comprehensive,18.6
Kolkata,Diesel,Sedan,78121,Manual,1st Owner,Hyundai,2012,312000,Third Party,22.32
Kolkata,Diesel,Sedan,99103,Manual,1st Owner,Honda,2014,276000,Third Party,25.8
Kolkata,Petrol,Hatchback,40000,Manual,1st Owner,Tata,2016,300000,Third Party,23.84
Kolkata,Diesel,SUV,9000,Manual,1st Owner,Hyundai,2022,1599000,Comprehensive,14.93
Kolkata,Diesel,SUV,10100,Automatic,1st Owner,BMW,2020,3499000,Third Party,17.05
Kolkata,Petrol,Hatchback,27119,Manual,1st Owner,Hyundai,2018,425000,Comprehensive,18.9
Kolkata,Petrol,SUV,10000,Automatic,1st Owner,Hyundai,2022,1000000,Third Party,18.15
Kolkata,Diesel,MUV,57000,Manual,1st Owner,Honda,2014,399000,Comprehensive,24.2
Kolkata,Petrol,Hatchback,38000,Manual,1st Owner,Hyundai,2017,395000,Comprehensive,18.9
Kolkata,Diesel,SUV,50000,Automatic,1st Owner,Mahindra,2019,1350000,Third Party,15.1
Kolkata,Petrol,Hatchback,70000,Manual,1st Owner,Ford,2010,168000,Third Party,15.6
Kolkata,Petrol,SUV,40000,Automatic,2nd Owner,Kia,2020,1600000,Third Party,16.5
Kolkata,Diesel,SUV,10891,Manual,1st Owner,Mahindra,2022,978000,Zero Dep,17.29
Kolkata,Petrol,Hatchback,29558,Manual,1st Owner,Tata,2021,415000,Third Party,19.01
Kolkata,Diesel,SUV,18000,Automatic,1st Owner,Jeep,2020,1700000,Third Party,17.1
Kolkata,Petrol,Hatchback,29412,Manual,1st Owner,Maruti,2018,489000,Third Party,21.4
Kolkata,Diesel,Hatchback,59037,Manual,1st Owner,Hyundai,2015,287000,Third Party,24
Kolkata,Diesel,Sedan,10000,Automatic,2nd Owner,Mercedes-Benz,2022,5300000,Third Party,23
Kolkata,Diesel,SUV,73072,Automatic,1st Owner,Tata,2020,951000,Third Party,22.07
Kolkata,Petrol,Hatchback,37100,Manual,2nd Owner,Maruti,2014,255000,Comprehensive,21.79
Kolkata,Petrol,Hatchback,61113,Automatic,1st Owner,Maruti,2019,663000,Zero Dep,21.4
Kolkata,Petrol,Hatchback,47606,Manual,1st Owner,Maruti,2013,179000,Third Party,22.05
Kolkata,Diesel,SUV,30000,Manual,1st Owner,Hyundai,2019,1350000,Third Party,19.67
Kolkata,Petrol,Hatchback,80000,Automatic,1st Owner,Maruti,2015,300000,Third Party,23.1
Kolkata,Diesel,Sedan,40000,Automatic,1st Owner,Mercedes-Benz,2013,900000,Third Party,19.27
Kolkata,Diesel,SUV,27000,Manual,1st Owner,Jeep,2019,1550000,Third Party,17.1
Kolkata,Diesel,SUV,80000,Manual,1st Owner,Mahindra,2019,1350000,Third Party,15.1
Kolkata,Petrol,Sedan,30000,Manual,1st Owner,Tata,2015,325000,Third Party,17.57
Kolkata,Diesel,SUV,70000,Manual,1st Owner,Mahindra,2018,1250000,Third Party,15.1
Kolkata,Diesel,Hatchback,90000,Manual,1st Owner,Hyundai,2014,270000,Third Party,24
Kolkata,Petrol,Sedan,20000,Manual,1st Owner,Maruti,2021,760000,Third Party,22.41
Kolkata,Diesel,Sedan,86947,Automatic,2nd Owner,Audi,2014,1000000,Comprehensive,16.55
Kolkata,Petrol,SUV,17466,Manual,1st Owner,Tata,2020,754000,Third Party,17
Kolkata,Petrol,SUV,32844,Manual,2nd Owner,Honda,2017,591000,Third Party,17.5
Kolkata,Petrol,MUV,30000,Manual,1st Owner,Maruti,2020,1050000,Third Party,19.01
Kolkata,Petrol,Hatchback,78075,Manual,1st Owner,Toyota,2011,192000,Comprehensive,18.3
Kolkata,Petrol,Sedan,36937,Manual,1st Owner,Honda,2019,679000,Comprehensive,17.4
Kolkata,Petrol,SUV,50000,Manual,1st Owner,Honda,2017,600000,Third Party,17.5
Kolkata,Petrol,Sedan,25314,Automatic,2nd Owner,Hyundai,2018,810000,Third Party,17
Kolkata,Diesel,SUV,51620,Automatic,2nd Owner,Land Rover,2018,3400000,Third Party,15.68
Kolkata,Petrol,Sedan,93097,Manual,1st Owner,Volkswagen,2012,287000,Third Party,15.04
Kolkata,Petrol,Hatchback,76672,Manual,3rd Owner,Maruti,2010,140000,Third Party,18.9
Kolkata,Diesel,Sedan,42000,Manual,2nd Owner,Honda,2015,525000,Third Party,25.1
Kolkata,Diesel,Sedan,44226,Automatic,3rd Owner,BMW,2018,3900000,Comprehensive,17.09
Kolkata,Petrol,Sedan,30000,Manual,2nd Owner,Ford,2009,120000,Third Party,15.3
Kolkata,Petrol,Hatchback,40000,Manual,1st Owner,Volkswagen,2013,200000,Third Party,16.47
Kolkata,Diesel,SUV,13400,Automatic,1st Owner,Jeep,2022,3250000,Third Party,15.7
Kolkata,Petrol,Hatchback,19720,Manual,1st Owner,Renault,2019,340000,Comprehensive,23.01
Kolkata,Petrol,SUV,4732,Automatic,1st Owner,Maruti,2023,1900000,Comprehensive,27.97
Kolkata,Petrol,SUV,38380,Automatic,1st Owner,MG,2021,1500000,Comprehensive,11.67
Kolkata,Diesel,SUV,67357,Manual,1st Owner,Mahindra,2010,295000,Comprehensive,12.05
Kolkata,Petrol,Hatchback,40000,Manual,1st Owner,Maruti,2010,99000,Third Party,19
Kolkata,Petrol,Hatchback,35912,Manual,1st Owner,Tata,2019,357000,Third Party,23.84
Kolkata,Petrol,Hatchback,22343,Manual,1st Owner,Maruti,2019,544000,Third Party,21.4
Kolkata,Petrol,Hatchback,10000,Manual,1st Owner,Hyundai,2013,210000,Third Party,21.1
Kolkata,Diesel,SUV,85735,Manual,2nd Owner,Renault,2015,413000,Third Party,19.64
Kolkata,Petrol,Hatchback,42792,Manual,1st Owner,Maruti,2011,140000,Comprehensive,24.39
Kolkata,Diesel,SUV,42503,Manual,1st Owner,Mahindra,2020,1195000,Comprehensive,21.79
Kolkata,Petrol,Hatchback,96609,Manual,2nd Owner,Maruti,2011,140000,Comprehensive,18.5
Kolkata,Diesel,Hatchback,78990,Manual,1st Owner,Honda,2015,250000,Third Party,27.3
Kolkata,Petrol,Sedan,51618,Manual,2nd Owner,Honda,2016,429000,Comprehensive,17.8
Kolkata,Diesel,SUV,83508,Manual,2nd Owner,Mahindra,2019,1111000,Third Party,15.1
Kolkata,Petrol,Hatchback,40000,Manual,1st Owner,Hyundai,2007,100000,Third Party,17.92
Kolkata,Petrol,Sedan,60000,Automatic,2nd Owner,Skoda,2010,265000,Third Party,12.6
Kolkata,Petrol,SUV,25000,Automatic,1st Owner,Mahindra,2021,1025000,Third Party,16.5
Kolkata,Petrol,Hatchback,14636,Manual,1st Owner,Hyundai,2022,855000,Comprehensive,21
Kolkata,Diesel,SUV,80000,Manual,2nd Owner,Mahindra,2016,700000,Third Party,16
Kolkata,Petrol,Sedan,20000,Automatic,1st Owner,Honda,2021,830000,Third Party,18.3
Kolkata,Petrol,Sedan,20000,Manual,1st Owner,Hyundai,2020,691000,Third Party,20.5
Kolkata,Petrol,Sedan,13000,Manual,1st Owner,Hyundai,2018,799000,Third Party,17
Kolkata,Diesel,SUV,22000,Manual,1st Owner,Jeep,2019,1550000,Third Party,17.1
Kolkata,Petrol,Sedan,20000,Manual,1st Owner,Maruti,2021,750000,Third Party,22.41
Kolkata,Petrol,Hatchback,59005,Manual,1st Owner,Hyundai,2014,178000,Third Party,17.92
Kolkata,Petrol,Hatchback,71156,Manual,2nd Owner,Maruti,2010,163000,Third Party,22.38
Kolkata,Petrol,Sedan,50000,Manual,1st Owner,Honda,2018,662000,Comprehensive,17.4
Kolkata,Petrol,Hatchback,2707,Manual,1st Owner,Maruti,2019,280000,Third Party,22.05
Kolkata,Petrol,Hatchback,78211,Manual,1st Owner,Hyundai,2020,372000,Third Party,20.3
Kolkata,Diesel,Sedan,67793,Manual,1st Owner,Hyundai,2017,600000,Third Party,22
Kolkata,Diesel,Hatchback,48548,Manual,1st Owner,Tata,2017,311000,Third Party,27.28
Kolkata,Diesel,Sedan,150000,Manual,1st Owner,Ford,2013,200000,Third Party,19.68
Kolkata,Petrol,Hatchback,46559,Manual,1st Owner,Maruti,2010,162000,Third Party,19
Kolkata,Petrol,SUV,93177,Manual,1st Owner,Hyundai,2015,527000,Comprehensive,15.29
Kolkata,Diesel,Sedan,60000,Automatic,3rd Owner,Hyundai,2017,800000,Third Party,18.23
Kolkata,Diesel,SUV,60001,Automatic,1st Owner,Mercedes-Benz,2017,2750000,Comprehensive,17.9
Kolkata,Petrol,Hatchback,45000,Manual,1st Owner,Maruti,2014,299000,Comprehensive,18.6
Kolkata,Petrol,Sedan,10000,Automatic,1st Owner,Hyundai,2022,725000,Third Party,20.1
Kolkata,Petrol,Sedan,40000,Manual,3rd Owner,Hyundai,2018,600000,Third Party,19.1
Kolkata,Diesel,Sedan,38506,Automatic,1st Owner,Hyundai,2019,900000,Third Party,22
Kolkata,Petrol,Sedan,60000,Manual,1st Owner,Honda,2015,275000,Third Party,18
Kolkata,Petrol,Hatchback,10000,Automatic,1st Owner,Renault,2021,480000,Third Party,22
Kolkata,Petrol,Hatchback,50000,Manual,1st Owner,Hyundai,2008,130000,Third Party,19.81
Kolkata,Petrol,Hatchback,28000,Manual,1st Owner,Maruti,2017,325000,Comprehensive,23.1
Kolkata,Petrol,Hatchback,49342,Manual,2nd Owner,Hyundai,2011,157000,Third Party,19.81
Kolkata,Petrol,Hatchback,76725,Manual,2nd Owner,Hyundai,2010,177000,Third Party,20.36
Kolkata,Petrol,Hatchback,80000,Manual,2nd Owner,Maruti,2009,100000,Third Party,19
Kolkata,Diesel,SUV,83234,Manual,1st Owner,Tata,2018,510000,Third Party,21.5
Kolkata,Petrol,SUV,9595,Manual,1st Owner,Renault,2021,712000,Third Party,19.17
Kolkata,Petrol,Hatchback,30000,Manual,1st Owner,Maruti,2018,500000,Third Party,21.4
Kolkata,Petrol,SUV,6948,Manual,1st Owner,Renault,2021,811000,Comprehensive,20.5
Kolkata,Petrol,SUV,45000,Manual,1st Owner,Ford,2015,425000,Comprehensive,18.88
Kolkata,Petrol,Hatchback,9943,Automatic,1st Owner,Hyundai,2022,694000,Comprehensive,20.7
Kolkata,Petrol,Hatchback,31062,Manual,3rd Owner,Maruti,2013,170000,Comprehensive,22.74
Kolkata,Petrol,Hatchback,40000,Manual,2nd Owner,Renault,2017,255000,Third Party,23.01
Kolkata,Petrol,Hatchback,57000,Manual,2nd Owner,Hyundai,2010,185000,Third Party,20.36
Kolkata,Diesel,Sedan,60000,Automatic,1st Owner,Chevrolet,2011,350000,Third Party,18.1
Kolkata,Petrol,SUV,23000,Manual,1st Owner,Hyundai,2019,1025000,Comprehensive,15.29
Kolkata,Diesel,Hatchback,50000,Manual,1st Owner,Hyundai,2018,430000,Third Party,24
Kolkata,Petrol,Sedan,30000,Automatic,2nd Owner,Honda,2020,850000,Third Party,17.4
Kolkata,Diesel,SUV,55000,Manual,1st Owner,Mahindra,2018,1049000,Comprehensive,16
Kolkata,Petrol,Hatchback,20000,Manual,1st Owner,Hyundai,2021,900000,Third Party,21
Kolkata,Petrol,Hatchback,50000,Manual,1st Owner,Toyota,2015,300000,Third Party,17.71
Kolkata,Diesel,Sedan,46940,Manual,1st Owner,Honda,2016,392000,Comprehensive,27.4
Kolkata,Petrol,Hatchback,12315,Manual,1st Owner,Maruti,2022,578000,Comprehensive,23.56
Kolkata,Petrol,Hatchback,15584,Manual,1st Owner,Maruti,2013,210000,Comprehensive,22.74
Kolkata,Diesel,Sedan,64400,Manual,1st Owner,Honda,2014,410000,Comprehensive,26
Kolkata,Petrol,Hatchback,13067,Automatic,1st Owner,Maruti,2018,616000,Comprehensive,21.21
Kolkata,Petrol,Hatchback,15264,Manual,1st Owner,Maruti,2021,332000,Comprehensive,22.05
Kolkata,Diesel,SUV,11853,Automatic,1st Owner,Kia,2022,1825000,Comprehensive,18
Kolkata,Petrol,Hatchback,7843,Manual,1st Owner,Maruti,2019,379000,Comprehensive,23.95
Kolkata,Petrol,Hatchback,2501,Automatic,1st Owner,Hyundai,2021,850000,Third Party,19.65
Kolkata,Petrol,Hatchback,9285,Manual,1st Owner,Maruti,2022,379000,Comprehensive,22.05
Kolkata,Petrol,Hatchback,51215,Manual,1st Owner,Maruti,2014,210000,Comprehensive,22.74
Kolkata,Diesel,SUV,23400,Automatic,1st Owner,Mahindra,2022,2299000,Third Party,21.98
Kolkata,Petrol,SUV,11000,Manual,1st Owner,Kia,2021,1350000,Comprehensive,16.8
Kolkata,Diesel,SUV,10000,Manual,1st Owner,Mahindra,2021,1450000,Third Party,15.1
Kolkata,Petrol,SUV,40000,Manual,1st Owner,Hyundai,2021,650000,Third Party,17.52
Kolkata,Petrol,MUV,25000,Manual,1st Owner,Honda,2014,400000,Comprehensive,17.3
Kolkata,Diesel,SUV,55000,Manual,1st Owner,Mahindra,2021,1270000,Comprehensive,21.79
Kolkata,Petrol,Hatchback,80000,Manual,4th Owner,Maruti,2010,165000,Third Party,16.1
Kolkata,Petrol,SUV,8126,Manual,1st Owner,Hyundai,2021,970000,Comprehensive,18.27
Kolkata,Petrol,Hatchback,42000,Automatic,1st Owner,Maruti,2016,330000,Comprehensive,20.51
Kolkata,Diesel,Sedan,32000,Manual,2nd Owner,Maruti,2013,370000,Comprehensive,23.4
Kolkata,Petrol,Hatchback,11736,Manual,1st Owner,Maruti,2019,308000,Comprehensive,24.7
Kolkata,Petrol,Hatchback,21679,Manual,1st Owner,Hyundai,2014,285000,Comprehensive,20.36
Kolkata,Diesel,SUV,39000,Manual,1st Owner,Maruti,2017,700000,Third Party,24.3
Kolkata,Petrol,Hatchback,11333,Manual,1st Owner,Maruti,2021,367000,Comprehensive,22.05
Kolkata,Petrol,Hatchback,13440,Manual,1st Owner,Maruti,2019,319000,Comprehensive,22.05
Kolkata,Diesel,Sedan,46900,Automatic,2nd Owner,Skoda,2019,1695000,Third Party,18.19
Kolkata,Cng,Hatchback,18930,Manual,1st Owner,Maruti,2020,499000,Comprehensive,32.52
Kolkata,Diesel,SUV,80000,Manual,1st Owner,Mahindra,2018,1000000,Third Party,16
Kolkata,Cng,Hatchback,17851,Manual,1st Owner,Maruti,2020,470000,Comprehensive,32.52
Kolkata,Petrol,Hatchback,22392,Manual,1st Owner,Maruti,2021,340000,Comprehensive,22.05
Kolkata,Petrol,MUV,29017,Manual,1st Owner,Kia,2022,1450000,Comprehensive,16.2
Kolkata,Petrol,SUV,9000,Manual,1st Owner,Jeep,2021,1595000,Comprehensive,14.1
Kolkata,Petrol,Hatchback,30000,Manual,1st Owner,Maruti,2003,50000,Third Party,17.3
Kolkata,Petrol,Hatchback,10000,Manual,1st Owner,Hyundai,2017,270000,Third Party,21.1
Kolkata,Petrol,SUV,30559,Manual,1st Owner,Hyundai,2021,875000,Comprehensive,18.27
Kolkata,Diesel,SUV,60000,Automatic,2nd Owner,Hyundai,2018,850000,Third Party,17.6
Kolkata,Petrol,Sedan,50000,Manual,1st Owner,Ford,2016,300000,Third Party,18.16
Kolkata,Petrol,Hatchback,20000,Manual,1st Owner,Hyundai,2012,250000,Third Party,18.5
Kolkata,Petrol,Hatchback,10000,Automatic,1st Owner,Renault,2022,540000,Third Party,22
Kolkata,Petrol,Hatchback,19830,Manual,1st Owner,Toyota,2014,330000,Comprehensive,18.16
Kolkata,Petrol,Hatchback,24670,Manual,1st Owner,Maruti,2020,409000,Comprehensive,21.7
Kolkata,Petrol,Hatchback,14327,Manual,1st Owner,Hyundai,2019,484000,Comprehensive,18.9
Kolkata,Diesel,SUV,50000,Manual,1st Owner,Jeep,2018,1400000,Third Party,17.1
Kolkata,Petrol,Hatchback,18987,Manual,1st Owner,Maruti,2014,239000,Comprehensive,20.92
Kolkata,Petrol,Hatchback,55973,Manual,1st Owner,Maruti,2019,335000,Comprehensive,23.95
Kolkata,Petrol,Sedan,9000,Automatic,2nd Owner,Hyundai,2021,1065000,Comprehensive,18.45
Kolkata,Petrol,Hatchback,27094,Manual,1st Owner,Maruti,2019,315000,Comprehensive,24.7
Kolkata,Petrol,Hatchback,60000,Manual,2nd Owner,Maruti,2008,80000,Third Party,19.7
Kolkata,Petrol,Hatchback,4914,Manual,1st Owner,Hyundai,2020,614000,Comprehensive,20.7
Kolkata,Petrol,Hatchback,25171,Manual,1st Owner,Maruti,2013,251000,Comprehensive,19
Kolkata,Petrol,SUV,40000,Manual,1st Owner,Tata,2018,575000,Third Party,17
Kolkata,Diesel,SUV,42000,Manual,1st Owner,Jeep,2018,999000,Comprehensive,17.1
Kolkata,Petrol,SUV,28400,Manual,1st Owner,Hyundai,2020,699000,Third Party,18.27
Kolkata,Diesel,SUV,20857,Automatic,1st Owner,Mahindra,2021,1750000,Comprehensive,21.84
Kolkata,Diesel,Sedan,61000,Manual,1st Owner,Hyundai,2009,175000,Third Party,16.8
Kolkata,Diesel,SUV,75760,Manual,1st Owner,Mahindra,2015,599000,Comprehensive,15.1
Kolkata,Petrol,Hatchback,31000,Manual,1st Owner,Hyundai,2015,335000,Third Party,18.9
Kolkata,Diesel,Sedan,54000,Automatic,1st Owner,Hyundai,2015,450000,Third Party,19.08
Kolkata,Petrol,Hatchback,60000,Manual,2nd Owner,Volkswagen,2014,300000,Third Party,16.47
Kolkata,Petrol,Hatchback,68943,Manual,1st Owner,Honda,2013,199000,Third Party,19.4
Kolkata,Petrol,Hatchback,8582,Manual,1st Owner,Maruti,2022,399000,Comprehensive,22.05
Kolkata,Petrol,Hatchback,22868,Manual,1st Owner,Maruti,2019,329000,Comprehensive,22.05
Kolkata,Diesel,SUV,76165,Manual,1st Owner,Maruti,2016,550000,Comprehensive,24.3
Kolkata,Petrol,Hatchback,27047,Manual,1st Owner,Hyundai,2020,574000,Comprehensive,20.7
Kolkata,Petrol,Sedan,35538,Automatic,1st Owner,Maruti,2017,522000,Comprehensive,21.21
Kolkata,Diesel,SUV,8700,Automatic,1st Owner,Kia,2023,1400000,Comprehensive,14.97
Kolkata,Petrol,Hatchback,76293,Manual,1st Owner,Maruti,2016,399000,Comprehensive,22
Kolkata,Petrol,Hatchback,34000,Manual,1st Owner,Datsun,2018,185000,Comprehensive,20.63
Kolkata,Petrol,Sedan,12113,Automatic,1st Owner,Honda,2022,1299000,Comprehensive,18.3
Kolkata,Petrol,SUV,87172,Manual,1st Owner,Hyundai,2018,828000,Comprehensive,15.8
Kolkata,Petrol,Hatchback,20000,Manual,1st Owner,Maruti,2021,300000,Third Party,18.9
Kolkata,Diesel,Sedan,55000,Manual,1st Owner,Honda,2014,395000,Third Party,26
Kolkata,Diesel,Hatchback,51321,Manual,1st Owner,Hyundai,2013,280000,Comprehensive,21.9
Kolkata,Petrol,SUV,29781,Automatic,1st Owner,Land Rover,2019,4899000,Comprehensive,15.68
Kolkata,Petrol,SUV,15400,Manual,0th Owner,Skoda,2022,1250000,Zero Dep,19.2
Kolkata,Diesel,SUV,21000,Manual,2nd Owner,Ford,2021,899000,Comprehensive,21.7
Kolkata,Diesel,SUV,34000,Manual,1st Owner,Hyundai,2019,850000,Third Party,20.5
Kolkata,Diesel,SUV,19000,Automatic,1st Owner,MG,2021,3200000,Third Party,12.4
Kolkata,Petrol,Hatchback,65595,Manual,1st Owner,Hyundai,2015,246000,Comprehensive,21.1
Kolkata,Diesel,SUV,10000,Manual,1st Owner,Ford,2014,480000,Third Party,22.7
Kolkata,Diesel,SUV,51441,Manual,1st Owner,Mahindra,2018,1121000,Comprehensive,15.1
Kolkata,Diesel,SUV,70057,Manual,3rd Owner,Ford,2014,419000,Comprehensive,22.7
Kolkata,Petrol,SUV,14000,Manual,1st Owner,Kia,2020,1050000,Third Party,16.8
Kolkata,Petrol,Sedan,35984,Manual,1st Owner,Skoda,2020,734000,Comprehensive,18.97
Kolkata,Diesel,SUV,80443,Manual,1st Owner,Renault,2017,565000,Comprehensive,20.37
Kolkata,Diesel,MUV,150000,Manual,2nd Owner,Toyota,2008,200000,Third Party,12.8
Kolkata,Diesel,SUV,87893,Manual,2nd Owner,Mahindra,2014,629000,Comprehensive,15.1
Kolkata,Lpg,Hatchback,120000,Manual,2nd Owner,Maruti,2009,65000,Third Party,17.3
Kolkata,Diesel,Hatchback,49441,Manual,1st Owner,Hyundai,2015,519000,Comprehensive,21.19
Kolkata,Petrol,SUV,6015,Automatic,1st Owner,MG,2022,1607000,Comprehensive,14.34
Kolkata,Petrol,SUV,30908,Manual,2nd Owner,Hyundai,2021,1300000,Comprehensive,14.97
Kolkata,Diesel,SUV,34441,Manual,1st Owner,Jeep,2017,1100000,Third Party,17.1
Kolkata,Petrol,SUV,74000,Manual,1st Owner,Honda,2010,200000,Third Party,14
Kolkata,Petrol,MUV,30000,Manual,1st Owner,Maruti,2019,850000,Third Party,19.34
Kolkata,Diesel,SUV,68000,Automatic,1st Owner,Audi,2014,1000000,Third Party,15.73
Kolkata,Petrol,Hatchback,55000,Manual,1st Owner,Ford,2014,150000,Third Party,15.6
Kolkata,Petrol,Hatchback,37000,Manual,1st Owner,Hyundai,2014,239000,Comprehensive,20.36
Kolkata,Petrol,MUV,40000,Manual,1st Owner,Datsun,2016,280000,Third Party,20.62
Kolkata,Diesel,SUV,40300,Automatic,1st Owner,Jeep,2021,2050000,Third Party,14.9
Kolkata,Diesel,MUV,125000,Manual,1st Owner,Toyota,2011,450000,Third Party,12.8
Kolkata,Petrol,Hatchback,43317,Manual,1st Owner,Maruti,2020,316000,Comprehensive,22.05
Kolkata,Petrol,Hatchback,21298,Manual,1st Owner,Maruti,2020,336000,Comprehensive,22.05
Kolkata,Electric,SUV,10000,Automatic,1st Owner,Tata,2023,1600000,Third Party,28.56
Kolkata,Petrol,SUV,33393,Manual,1st Owner,Honda,2020,687000,Comprehensive,16.5
Kolkata,Diesel,Hatchback,34622,Manual,1st Owner,Hyundai,2014,327000,Comprehensive,24
Kolkata,Petrol,Hatchback,21166,Manual,1st Owner,Maruti,2019,395000,Comprehensive,19.71
Kolkata,Diesel,SUV,126254,Automatic,1st Owner,Hyundai,2019,895000,Comprehensive,17.6
Kolkata,Petrol,Convertibles,31828,Automatic,3rd Owner,Jaguar,2014,6400000,Comprehensive,15.15
Kolkata,Petrol,Hatchback,43595,Manual,1st Owner,Datsun,2016,274000,Comprehensive,20.63
Kolkata,Petrol,Sedan,22276,Manual,1st Owner,Maruti,2015,420000,Comprehensive,20.73
Kolkata,Electric,Sedan,10000,Automatic,1st Owner,Tata,2023,1350000,Third Party,19.01
Kolkata,Petrol,Minivans,100000,Manual,3rd Owner,Maruti,2010,150000,Third Party,15.37
Kolkata,Petrol,Minivans,60000,Manual,3rd Owner,Maruti,2010,140000,Third Party,15.37
Kolkata,Petrol,Hatchback,10415,Manual,1st Owner,Hyundai,2016,290000,Comprehensive,20.36
Kolkata,Petrol,Minivans,20000,Manual,1st Owner,Maruti,2013,160000,Third Party,15.37
Kolkata,Petrol,SUV,10000,Manual,2nd Owner,Tata,2022,590000,Third Party,20.09
Kolkata,Diesel,SUV,60000,Automatic,1st Owner,Toyota,2021,3600000,Third Party,27.55
Kolkata,Petrol,Hatchback,30000,Manual,2nd Owner,Maruti,2007,28000,Third Party,24.7
Kolkata,Petrol,Hatchback,60000,Manual,1st Owner,Maruti,2005,40000,Third Party,18.9
Kolkata,Petrol,Hatchback,90000,Manual,1st Owner,Hyundai,2016,400000,Third Party,18.9
Kolkata,Diesel,SUV,42015,Manual,1st Owner,Honda,2019,787000,Comprehensive,25.5
Kolkata,Diesel,Sedan,72456,Manual,1st Owner,Toyota,2018,899000,Comprehensive,21.43
Kolkata,Diesel,Sedan,60000,Manual,1st Owner,Mahindra Renault,2009,125000,Third Party,19.2
Kolkata,Diesel,Hatchback,116032,Manual,1st Owner,Maruti,2014,268000,Comprehensive,23.2
Kolkata,Diesel,Sedan,30000,Manual,1st Owner,Volkswagen,2014,340000,Third Party,20.34
Kolkata,Diesel,SUV,40000,Automatic,1st Owner,Ford,2019,2800000,Third Party,10.91
Kolkata,Petrol,Hatchback,40000,Manual,2nd Owner,Tata,2017,265000,Third Party,23.84
Kolkata,Diesel,Hatchback,40000,Manual,2nd Owner,Tata,2017,265000,Third Party,27.28
Kolkata,Diesel,SUV,51000,Manual,1st Owner,Mahindra,2016,700000,Third Party,16
Kolkata,Petrol,Hatchback,30000,Manual,1st Owner,Hyundai,2017,450000,Third Party,18.9
Kolkata,Petrol,MUV,15885,Manual,1st Owner,Maruti,2021,950000,Comprehensive,19.01
Kolkata,Diesel,SUV,65000,Manual,1st Owner,Renault,2013,200000,Third Party,20.45
Kolkata,Petrol,Sedan,10000,Automatic,1st Owner,Audi,2018,1800000,Third Party,19.8
Kolkata,Petrol,Hatchback,20000,Manual,1st Owner,Hyundai,2017,160000,Third Party,21.1
Kolkata,Diesel,Sedan,70000,Automatic,2nd Owner,BMW,2015,1000000,Third Party,18.88
Kolkata,Diesel,SUV,50000,Automatic,1st Owner,Ford,2016,1700000,Third Party,12.62
Kolkata,Diesel,SUV,53000,Manual,1st Owner,Mahindra,2014,500000,Third Party,15.1
Kolkata,Petrol,Sedan,10000,Automatic,1st Owner,Honda,2021,1220000,Third Party,18.3
Kolkata,Petrol,Hatchback,20000,Manual,1st Owner,Tata,2020,437000,Third Party,20.09
Kolkata,Petrol,MUV,33000,Manual,1st Owner,Kia,2022,1200000,Third Party,16.2
Kolkata,Petrol,Sedan,60000,Automatic,3rd Owner,Honda,2008,150000,Third Party,12.9
Kolkata,Petrol,Sedan,20000,Automatic,3rd Owner,BMW,2010,400000,Third Party,12.05
Kolkata,Petrol,Minivans,20000,Manual,1st Owner,Maruti,2021,420000,Third Party,16.11
Kolkata,Petrol,Hatchback,20000,Manual,2nd Owner,Hyundai,2013,190000,Third Party,18.9
Kolkata,Petrol,Minivans,50000,Manual,3rd Owner,Maruti,2010,175000,Third Party,15.37
Kolkata,Petrol,Minivans,50000,Manual,3rd Owner,Maruti,2010,175000,Third Party,15.37
Kolkata,Petrol,MUV,30000,Manual,1st Owner,Renault,2020,550000,Third Party,20
Kolkata,Petrol,SUV,10000,Manual,1st Owner,Mahindra,2022,1400000,Third Party,15.2
Kolkata,Diesel,SUV,120000,Manual,4th Owner,Mahindra,2007,120000,Third Party,10.5
Kolkata,Petrol,Hatchback,40000,Manual,1st Owner,Hyundai,2021,650000,Third Party,20.7
Kolkata,Petrol,Hatchback,10000,Manual,1st Owner,Hyundai,2019,600000,Third Party,18.6
Kolkata,Petrol,Hatchback,28689,Automatic,1st Owner,Maruti,2019,450000,Comprehensive,21.63
Kolkata,Petrol,Convertibles,42719,Automatic,3rd Owner,Mercedes-Benz,2013,2750000,Comprehensive,10.93
Kolkata,Petrol,Hatchback,30000,Manual,1st Owner,Maruti,2004,45000,Third Party,19.7
Kolkata,Electric,SUV,53700,Automatic,1st Owner,Tata,2020,1220000,Comprehensive,21.4
Kolkata,Petrol,SUV,69150,Manual,1st Owner,Hyundai,2016,599000,Comprehensive,15.29
Kolkata,Diesel,SUV,65480,Manual,1st Owner,Mahindra,2015,700000,Third Party,15.4
Kolkata,Petrol,Hatchback,42411,Manual,1st Owner,Hyundai,2018,550000,Comprehensive,18.6
Kolkata,Petrol,Sedan,72000,Manual,1st Owner,Honda,2015,335000,Third Party,17.4
Kolkata,Electric,SUV,31100,Automatic,1st Owner,Tata,2020,1275000,Third Party,25.8
Kolkata,Diesel,MUV,66000,Manual,1st Owner,Mahindra,2015,300000,Third Party,14.95
Kolkata,Electric,SUV,26000,Automatic,1st Owner,Tata,2021,1350000,Comprehensive,20.2
Kolkata,Petrol,Hatchback,11000,Manual,1st Owner,Renault,2019,350000,Third Party,23.01
Kolkata,Petrol,Sedan,23000,Manual,2nd Owner,Honda,2016,475000,Third Party,17.8
Kolkata,Petrol,Hatchback,5000,Automatic,1st Owner,Toyota,2021,765000,Third Party,19.56
Kolkata,Petrol,SUV,24000,Manual,1st Owner,Hyundai,2021,1150000,Third Party,14.97
Kolkata,Diesel,SUV,61901,Automatic,1st Owner,Mercedes-Benz,2017,2100000,Comprehensive,17.9
Kolkata,Petrol,Sedan,50000,Manual,1st Owner,Toyota,2010,250000,Third Party,14.53
Kolkata,Petrol,Hatchback,41232,Manual,1st Owner,Ford,2010,165000,Comprehensive,15.6
Kolkata,Electric,Sedan,48277,Automatic,1st Owner,Tata,2022,900000,Third Party,23.58
Kolkata,Petrol,Hatchback,37000,Automatic,1st Owner,Maruti,2017,350000,Third Party,20.51
Kolkata,Diesel,SUV,34689,Automatic,1st Owner,Audi,2017,1700000,Comprehensive,15.17
Kolkata,Petrol,SUV,32475,Manual,1st Owner,Hyundai,2019,800000,Comprehensive,15.8
Kolkata,Petrol,SUV,411,Automatic,1st Owner,Volvo,2023,4450000,Comprehensive,12.18
Kolkata,Petrol,SUV,33004,Automatic,1st Owner,Land Rover,2019,4050000,Comprehensive,12.81
Kolkata,Petrol,SUV,50245,Automatic,2nd Owner,Audi,2010,900000,Comprehensive,11.81
Kolkata,Diesel,SUV,24000,Automatic,1st Owner,Mahindra,2021,1125000,Third Party,17
Kolkata,Diesel,Hatchback,39000,Manual,1st Owner,Maruti,2013,300000,Third Party,22.9
Kolkata,Diesel,SUV,40000,Manual,1st Owner,Honda,2018,550000,Third Party,25.5
Kolkata,Diesel,Sedan,65000,Manual,1st Owner,Toyota,2012,200000,Third Party,21.43
Kolkata,Diesel,Sedan,73000,Manual,1st Owner,Maruti,2015,375000,Third Party,26.21
Kolkata,Petrol,Hatchback,29000,Manual,1st Owner,Hyundai,2020,499000,Third Party,20.7
Kolkata,Diesel,SUV,50000,Automatic,1st Owner,Renault,2017,600000,Third Party,19.6
Kolkata,Diesel,SUV,80000,Automatic,1st Owner,Mercedes-Benz,2012,775000,Third Party,11.74
Kolkata,Diesel,MUV,15000,Manual,1st Owner,Toyota,2020,1800000,Third Party,13.68
Kolkata,Diesel,SUV,56400,Manual,1st Owner,Toyota,2017,2525000,Comprehensive,14.24
Kolkata,Petrol,Hatchback,61000,Manual,1st Owner,Honda,2013,190000,Third Party,19.4
Kolkata,Diesel,SUV,28831,Manual,1st Owner,Jeep,2018,1000000,Third Party,16.3
Kolkata,Diesel,Sedan,49000,Manual,1st Owner,Honda,2018,790000,Third Party,25.6
Kolkata,Petrol,Sedan,27460,Manual,1st Owner,Honda,2016,525000,Comprehensive,17.8
Kolkata,Petrol,Hatchback,14000,Automatic,1st Owner,Maruti,2021,724000,Third Party,19.56
Kolkata,Petrol,Sedan,43985,Manual,1st Owner,Honda,2014,435000,Comprehensive,17.4
Kolkata,Petrol,Hatchback,28322,Manual,1st Owner,Hyundai,2012,295000,Comprehensive,17
Kolkata,Diesel,SUV,12000,Manual,1st Owner,Hyundai,2022,1675000,Comprehensive,14.93
Kolkata,Petrol,Hatchback,15000,Manual,1st Owner,Maruti,2022,575000,Comprehensive,20.89
Kolkata,Petrol,Sedan,71762,Manual,2nd Owner,Ford,2017,335000,Comprehensive,18.16
Kolkata,Diesel,SUV,75000,Manual,1st Owner,Mahindra,2017,599000,Comprehensive,18.49
Kolkata,Petrol,Sedan,79000,Automatic,1st Owner,Maruti,2017,650000,Comprehensive,19.12
Kolkata,Petrol,Sedan,38734,Manual,1st Owner,Honda,2016,485000,Comprehensive,17.8
Kolkata,Petrol,Hatchback,22000,Manual,1st Owner,Maruti,2022,575000,Comprehensive,24.97
Kolkata,Petrol,Sedan,54000,Automatic,1st Owner,Volkswagen,2017,650000,Comprehensive,18.19
Kolkata,Diesel,SUV,50000,Manual,1st Owner,Renault,2016,450000,Comprehensive,19.87
Kolkata,Diesel,SUV,68000,Manual,1st Owner,Honda,2016,625000,Comprehensive,21.9
Kolkata,Petrol,Sedan,54000,Automatic,1st Owner,Volkswagen,2017,650000,Comprehensive,18.19
Kolkata,Petrol,Hatchback,32337,Manual,1st Owner,Hyundai,2019,545000,Third Party,18.6
Kolkata,Petrol,MUV,21873,Manual,1st Owner,Maruti,2019,835000,Comprehensive,19.34
Kolkata,Petrol,Hatchback,17330,Manual,1st Owner,Renault,2020,415000,Comprehensive,21.74
Kolkata,Petrol,Sedan,28316,Manual,1st Owner,Honda,2020,545000,Comprehensive,17.8
Kolkata,Petrol,Sedan,19000,Automatic,1st Owner,Honda,2021,975000,Comprehensive,18
Kolkata,Petrol,SUV,22000,Automatic,1st Owner,Hyundai,2021,950000,Comprehensive,18.15
Kolkata,Diesel,SUV,49000,Manual,1st Owner,Maruti,2019,795000,Comprehensive,24.3
Kolkata,Diesel,MUV,48000,Manual,1st Owner,Maruti,2017,725000,Comprehensive,24.52
Kolkata,Petrol,SUV,65000,Manual,1st Owner,Ford,2015,475000,Comprehensive,15.9
Kolkata,Petrol,SUV,51000,Manual,1st Owner,Hyundai,2018,799000,Comprehensive,15.29
Kolkata,Petrol,Sedan,32000,Automatic,1st Owner,Honda,2020,990000,Comprehensive,17.4
Kolkata,Petrol,Sedan,34000,Manual,1st Owner,Toyota,2014,625000,Comprehensive,14.28
Kolkata,Diesel,Sedan,65000,Manual,1st Owner,Maruti,2017,550000,Comprehensive,28.09
Kolkata,Petrol,Sedan,51000,Manual,1st Owner,Maruti,2015,525000,Comprehensive,20.65
Kolkata,Petrol,SUV,17000,Manual,1st Owner,Toyota,2022,925000,Comprehensive,17.03
Kolkata,Petrol,Hatchback,6971,Manual,1st Owner,Renault,2019,325000,Comprehensive,25.17
Kolkata,Petrol,Hatchback,3000,Manual,1st Owner,Toyota,2023,899000,Comprehensive,22.35
Kolkata,Petrol,Hatchback,27447,Manual,1st Owner,Maruti,2018,289000,Comprehensive,24.7
Kolkata,Petrol,Sedan,22008,Manual,1st Owner,Maruti,2018,499000,Comprehensive,21.21
Kolkata,Petrol,SUV,9000,Manual,1st Owner,Hyundai,2021,1650000,Comprehensive,14.5
Kolkata,Petrol,Sedan,44000,Manual,1st Owner,Hyundai,2015,455000,Comprehensive,17.01
Kolkata,Petrol,SUV,46000,Automatic,1st Owner,Hyundai,2016,790000,Comprehensive,13
Kolkata,Diesel,SUV,60000,Manual,1st Owner,Ford,2018,599000,Comprehensive,22.77
Kolkata,Petrol,Sedan,37000,Automatic,1st Owner,Toyota,2018,799000,Comprehensive,17.8
Kolkata,Diesel,SUV,40000,Automatic,1st Owner,Audi,2017,2150000,Comprehensive,14.16
Kolkata,Petrol,Hatchback,9000,Manual,1st Owner,Maruti,2020,575000,Comprehensive,21.4
Kolkata,Petrol,SUV,52000,Manual,1st Owner,Hyundai,2016,599000,Comprehensive,15.29
Kolkata,Petrol,Hatchback,30400,Manual,1st Owner,Maruti,2017,465000,Comprehensive,21.4
Kolkata,Petrol,SUV,29000,Automatic,1st Owner,Hyundai,2021,950000,Comprehensive,18.15
Kolkata,Diesel,Sedan,20000,Automatic,1st Owner,Mercedes-Benz,2020,5541000,Comprehensive,16.1
Kolkata,Petrol,Sedan,32000,Automatic,1st Owner,Honda,2020,990000,Comprehensive,18.3
Kolkata,Petrol,Hatchback,45000,Manual,1st Owner,Hyundai,2014,350000,Comprehensive,18.9
Kolkata,Diesel,SUV,84000,Automatic,1st Owner,Ford,2018,2290000,Comprehensive,10.91
Kolkata,Diesel,Sedan,48000,Manual,1st Owner,Honda,2014,470000,Comprehensive,26
Kolkata,Petrol,Sedan,49000,Manual,1st Owner,Honda,2016,395000,Comprehensive,17.8
Kolkata,Petrol,Sedan,70000,Manual,1st Owner,Toyota,2010,275000,Comprehensive,14.53
Kolkata,Diesel,Sedan,65000,Manual,1st Owner,Hyundai,2012,349000,Third Party,22.32
Kolkata,Diesel,SUV,58000,Automatic,1st Owner,Tata,2019,725000,Comprehensive,21.5
Kolkata,Diesel,Hatchback,64000,Manual,1st Owner,Maruti,2018,440000,Comprehensive,27.39
Kolkata,Petrol,SUV,35000,Automatic,1st Owner,Mercedes-Benz,2016,1650000,Comprehensive,13.7
Kolkata,Petrol,Sedan,50000,Manual,1st Owner,Honda,2016,380000,Comprehensive,18
Kolkata,Petrol,Hatchback,12000,Manual,1st Owner,Hyundai,2018,475000,Comprehensive,18.9
Kolkata,Petrol,Sedan,50000,Manual,1st Owner,Maruti,2016,450000,Comprehensive,21.21
Kolkata,Diesel,SUV,58000,Manual,1st Owner,Renault,2016,465000,Comprehensive,19.87
Kolkata,Diesel,Sedan,50000,Automatic,2nd Owner,Audi,2012,950000,Comprehensive,15.2
Kolkata,Petrol,Hatchback,16000,Manual,1st Owner,Maruti,2020,325000,Third Party,22.05
Kolkata,Petrol,Hatchback,75000,Manual,2nd Owner,Volkswagen,2010,199000,Comprehensive,16.47
Kolkata,Petrol,Sedan,28000,Manual,1st Owner,Ford,2010,195000,Comprehensive,15.3
Kolkata,Petrol,SUV,55000,Manual,1st Owner,Hyundai,2018,725000,Comprehensive,15.29
Kolkata,Diesel,Hatchback,54000,Manual,1st Owner,Maruti,2018,455000,Comprehensive,27.39
Kolkata,Petrol,Hatchback,55000,Manual,1st Owner,Honda,2016,399000,Comprehensive,18.7
Kolkata,Petrol,SUV,29000,Automatic,1st Owner,Hyundai,2021,950000,Comprehensive,18.15
Kolkata,Petrol,Sedan,48000,Manual,1st Owner,Hyundai,2015,399000,Comprehensive,17.43
Kolkata,Petrol,MUV,45000,Manual,1st Owner,Honda,2014,450000,Comprehensive,17.3
Kolkata,Petrol,SUV,21000,Manual,1st Owner,Tata,2021,740000,Comprehensive,17.33
Kolkata,Petrol,Sedan,52000,Manual,1st Owner,Hyundai,2013,325000,Comprehensive,17.01
Kolkata,Petrol,Sedan,39000,Manual,1st Owner,Hyundai,2019,499000,Comprehensive,20.14
Kolkata,Petrol,MUV,55000,Manual,1st Owner,Honda,2014,450000,Comprehensive,17.3
Kolkata,Diesel,MUV,53000,Manual,1st Owner,Toyota,2017,1750000,Comprehensive,13.68
Kolkata,Petrol,SUV,9000,Manual,1st Owner,Hyundai,2022,935000,Comprehensive,11.97
Kolkata,Petrol,SUV,23000,Manual,1st Owner,Kia,2020,1350000,Comprehensive,16.5
Kolkata,Petrol,Hatchback,65000,Manual,1st Owner,Volkswagen,2010,199000,Comprehensive,16.47
Kolkata,Petrol,Hatchback,45000,Manual,1st Owner,Hyundai,2016,279000,Comprehensive,19.81
Kolkata,Diesel,Sedan,55000,Automatic,1st Owner,Maruti,2017,599000,Comprehensive,28.09
Kolkata,Petrol,Hatchback,26000,Manual,1st Owner,Hyundai,2019,475000,Comprehensive,18.9
Kolkata,Petrol,Sedan,54000,Automatic,1st Owner,Skoda,2016,499000,Comprehensive,14.3
Kolkata,Petrol,Sedan,41000,Manual,1st Owner,Hyundai,2015,450000,Comprehensive,17.01
Kolkata,Diesel,SUV,29000,Automatic,1st Owner,Jeep,2021,2250000,Comprehensive,14.9
Kolkata,Diesel,Sedan,23000,Automatic,1st Owner,BMW,2018,2275000,Comprehensive,22.69
Kolkata,Petrol,Hatchback,39000,Manual,1st Owner,Honda,2012,225000,Comprehensive,16.7
Kolkata,Petrol,Sedan,34000,Manual,1st Owner,Hyundai,2019,850000,Comprehensive,17
Kolkata,Petrol,Sedan,75000,Automatic,1st Owner,Toyota,2015,990000,Comprehensive,12.98
Kolkata,Petrol,Hatchback,12000,Manual,1st Owner,Hyundai,2020,575000,Comprehensive,20.7
Kolkata,Diesel,SUV,51000,Manual,1st Owner,Mahindra,2018,799000,Comprehensive,16
Kolkata,Petrol,Hatchback,46000,Manual,1st Owner,Honda,2018,399000,Comprehensive,18.5
Kolkata,Diesel,Sedan,39000,Automatic,1st Owner,BMW,2013,1100000,Comprehensive,18.88
Kolkata,Petrol,Sedan,45000,Manual,1st Owner,Hyundai,2015,399000,Comprehensive,17.43
Kolkata,Diesel,SUV,2000,Automatic,1st Owner,Mahindra,2023,2370000,Comprehensive,21.98
Kolkata,Petrol,Sedan,47000,Manual,1st Owner,Honda,2017,699000,Third Party,17.8
Kolkata,Petrol,SUV,55000,Automatic,1st Owner,Hyundai,2020,1415000,Third Party,14.97
Kolkata,Petrol,Hatchback,5000,Manual,1st Owner,Renault,2022,455000,Comprehensive,21.74
Kolkata,Petrol,Hatchback,5000,Manual,1st Owner,Maruti,2021,330000,Comprehensive,22.74
Kolkata,Petrol,SUV,32000,Automatic,1st Owner,Audi,2018,2100000,Comprehensive,16.9
Kolkata,Petrol,MUV,20000,Manual,1st Owner,Kia,2022,1099000,Comprehensive,14.97
Kolkata,Petrol,MUV,20000,Manual,1st Owner,Kia,2022,1099000,Comprehensive,14.97
Kolkata,Petrol,Sedan,61000,Manual,1st Owner,Renault,2013,199000,Comprehensive,16.95
Kolkata,Petrol,SUV,14000,Manual,2nd Owner,Jeep,2019,1190000,Comprehensive,16
Kolkata,Diesel,SUV,45000,Automatic,1st Owner,Audi,2015,1190000,Comprehensive,15.73
Kolkata,Petrol,Sedan,38247,Manual,1st Owner,Hyundai,2016,535000,Comprehensive,17.01
Kolkata,Petrol,Sedan,41754,Manual,2nd Owner,Honda,2015,395000,Third Party,18
Kolkata,Diesel,SUV,52000,Manual,1st Owner,Mahindra,2003,250000,Comprehensive,10.5
Kolkata,Petrol,Hatchback,58000,Manual,2nd Owner,Honda,2010,175000,Comprehensive,16
Kolkata,Diesel,Hatchback,75000,Manual,1st Owner,Ford,2015,195000,Comprehensive,25.83
Kolkata,Diesel,SUV,72561,Manual,1st Owner,Ford,2014,425000,Comprehensive,22.7
Kolkata,Petrol,Hatchback,53562,Manual,3rd Owner,Hyundai,2009,158000,Third Party,20.36
Kolkata,Petrol,Hatchback,32190,Manual,1st Owner,Hyundai,2019,425000,Third Party,18.9
Kolkata,Petrol,Hatchback,20000,Manual,1st Owner,Maruti,2013,115000,Third Party,22.74
Kolkata,Petrol,Hatchback,50000,Manual,1st Owner,Maruti,2009,75000,Third Party,21.1
Kolkata,Petrol,SUV,20000,Manual,1st Owner,Renault,2022,650000,Third Party,19.17
Kolkata,Petrol,Hatchback,20000,Manual,1st Owner,Maruti,2007,80000,Third Party,18.9
Kolkata,Petrol,SUV,30000,Manual,1st Owner,Renault,2022,650000,Third Party,19.17
Kolkata,Petrol,Hatchback,40000,Manual,2nd Owner,Maruti,2005,35000,Third Party,19.7
Kolkata,Petrol,Hatchback,120000,Manual,1st Owner,Renault,2018,190000,Third Party,23.01
Kolkata,Petrol,Hatchback,60000,Manual,1st Owner,Volkswagen,2013,200000,Third Party,16.47
Kolkata,Petrol,Hatchback,60000,Manual,2nd Owner,Ford,2013,160000,Third Party,15.6
Kolkata,Petrol,Hatchback,30000,Manual,1st Owner,Fiat,2010,120000,Third Party,16.2
Kolkata,Petrol,Hatchback,24000,Manual,1st Owner,Fiat,2011,140000,Third Party,16.2
Kolkata,Petrol,Hatchback,40000,Manual,1st Owner,Maruti,2009,115000,Third Party,19.7
Kolkata,Petrol,Hatchback,60000,Manual,1st Owner,Maruti,2013,250000,Third Party,18.6
Kolkata,Cng,Sedan,30000,Manual,1st Owner,Hyundai,2019,480000,Third Party,11.97
Kolkata,Petrol,Sedan,84000,Manual,2nd Owner,Honda,2008,150000,Comprehensive,17.7
Kolkata,Petrol,Hatchback,151000,Manual,1st Owner,Maruti,2018,175000,Third Party,24.7
Kolkata,Petrol,Hatchback,7000,Manual,1st Owner,Maruti,2021,490000,Third Party,21.79
Kolkata,Petrol,Hatchback,20000,Manual,1st Owner,Hyundai,2010,250000,Third Party,18.5
Kolkata,Petrol,Hatchback,20000,Manual,1st Owner,Maruti,2014,400000,Third Party,22
Kolkata,Diesel,SUV,50000,Manual,1st Owner,Tata,2018,550000,Third Party,21.5
Kolkata,Petrol,Hatchback,50000,Manual,1st Owner,Hyundai,2009,125000,Third Party,17.92
Kolkata,Diesel,Hatchback,80000,Manual,1st Owner,Hyundai,2015,280000,Third Party,22.54
Kolkata,Petrol,Hatchback,50000,Manual,1st Owner,Maruti,2011,150000,Third Party,19
Kolkata,Petrol,SUV,10000,Automatic,1st Owner,Tata,2022,1082000,Third Party,16.35
Kolkata,Petrol,SUV,70000,Manual,1st Owner,Tata,2019,550000,Third Party,17
Kolkata,Petrol,Sedan,30000,Manual,1st Owner,Honda,2018,475000,Third Party,17.8
Kolkata,Petrol,Hatchback,80000,Manual,3rd Owner,Maruti,2010,105000,Third Party,18.5
Kolkata,Diesel,Hatchback,80000,Manual,1st Owner,Maruti,2019,500000,Third Party,27.39
Kolkata,Petrol,Sedan,40000,Automatic,1st Owner,Maruti,2017,525000,Third Party,19.12
Kolkata,Petrol,Hatchback,10000,Manual,1st Owner,Maruti,2021,650000,Third Party,21.21
Kolkata,Petrol,Hatchback,10000,Manual,1st Owner,Maruti,2021,650000,Third Party,21.21
Kolkata,Petrol,Hatchback,30000,Manual,1st Owner,Maruti,2014,200000,Third Party,22.74
Kolkata,Petrol,Hatchback,20000,Manual,1st Owner,Tata,2018,400000,Third Party,23.84
Kolkata,Petrol,SUV,10000,Automatic,1st Owner,Kia,2023,1200000,Third Party,18.3
Kolkata,Petrol,SUV,10000,Automatic,1st Owner,Kia,2022,1825000,Third Party,16.5
Kolkata,Petrol,Hatchback,20000,Manual,1st Owner,Tata,2019,500000,Third Party,20.09
Kolkata,Petrol,Sedan,30000,Manual,1st Owner,Honda,2019,600000,Third Party,19.5
Kolkata,Petrol,Hatchback,30000,Manual,2nd Owner,Hyundai,2010,230000,Third Party,18.5
Kolkata,Petrol,Hatchback,40000,Manual,1st Owner,Maruti,2015,210000,Third Party,22.74
Kolkata,Petrol,SUV,20000,Manual,1st Owner,Hyundai,2019,1000000,Third Party,15.8
Kolkata,Petrol,Sedan,40000,Manual,1st Owner,Maruti,2019,550000,Third Party,21.21
Kolkata,Petrol,Sedan,40000,Manual,1st Owner,Maruti,2019,550000,Third Party,21.21
Kolkata,Petrol,Sedan,70000,Manual,2nd Owner,Honda,2015,300000,Third Party,18
Kolkata,Petrol,Sedan,20000,Manual,1st Owner,Honda,2023,1200000,Third Party,17.8
Kolkata,Petrol,Hatchback,120000,Manual,1st Owner,Hyundai,2010,160000,Third Party,20.36
Kolkata,Petrol,Hatchback,150000,Manual,2nd Owner,Volkswagen,2011,180000,Third Party,16.47
Kolkata,Petrol,Hatchback,38000,Manual,1st Owner,Hyundai,2011,225000,Third Party,20.36
Kolkata,Petrol,SUV,20000,Manual,1st Owner,Tata,2022,674000,Third Party,17.33
Kolkata,Petrol,Hatchback,30000,Manual,1st Owner,Hyundai,2012,200000,Third Party,21.1
Kolkata,Petrol,Hatchback,50000,Manual,1st Owner,Maruti,2015,290000,Third Party,20.51
Kolkata,Petrol,Sedan,60000,Manual,1st Owner,Maruti,2010,250000,Third Party,17.5
Kolkata,Petrol,Hatchback,30000,Manual,3rd Owner,Maruti,2002,100000,Third Party,16.1
Kolkata,Petrol,Sedan,60000,Manual,1st Owner,Honda,2013,400000,Third Party,16.8
Kolkata,Petrol,Hatchback,70000,Manual,1st Owner,Volkswagen,2015,360000,Third Party,16.2
Kolkata,Petrol,Hatchback,30000,Manual,1st Owner,Hyundai,2009,150000,Third Party,10.86
Kolkata,Petrol,Hatchback,10000,Manual,1st Owner,Maruti,2022,510000,Third Party,25.24
Kolkata,Petrol,Hatchback,120000,Manual,1st Owner,Maruti,2014,180000,Third Party,22.74
Kolkata,Petrol,Sedan,50000,Automatic,3rd Owner,Mercedes-Benz,2011,550000,Third Party,11.74
Kolkata,Petrol,Hatchback,40000,Manual,1st Owner,Maruti,2012,140000,Third Party,18.5
Kolkata,Diesel,SUV,120000,Manual,2nd Owner,Renault,2017,500000,Third Party,19.72
